[2m09:59:17[22m [31m[1m[vite][22m[39m [31mInternal server error: Transform failed with 1 error:

[31m[PARSE_ERROR] [0mUnterminated string
    [38;5;246m╭[0m[38;5;246m─[0m[38;5;246m[[0m src/components/Header.tsx:19:43 [38;5;246m][0m
    [38;5;246m│[0m
 [38;5;246m19 │[0m [38;5;249m [0m[38;5;249m [0m[38;5;249m [0m[38;5;249m [0m[38;5;249m [0m[38;5;249m [0m[38;5;249m [0m[38;5;249m [0m[38;5;249m [0m[38;5;249m [0m[38;5;249m<[0m[38;5;249mh[0m[38;5;249m1[0m[38;5;249m [0m[38;5;249mc[0m[38;5;249ml[0m[38;5;249ma[0m[38;5;249ms[0m[38;5;249ms[0m[38;5;249mN[0m[38;5;249ma[0m[38;5;249mm[0m[38;5;249me[0m[38;5;249m=[0m[38;5;249m"[0m[38;5;249mt[0m[38;5;249me[0m[38;5;249mx[0m[38;5;249mt[0m[38;5;249m-[0m[38;5;249mx[0m[38;5;249ml[0m[38;5;249m [0m[38;5;249mf[0m[38;5;249mo[0m[38;5;249mn[0m[38;5;249mt[0m[38;5;249m-[0m[38;5;249mb[0m[38;5;249mo[0m[38;5;249ml[0m[38;5;249md[0m">
 [38;5;240m   │[0m                                           ─┬─  
 [38;5;240m   │[0m                                            ╰─── 
[38;5;246m────╯[0m
[39m
  Plugin: [35mvite:oxc[39m
  File: [36mC:/Users/SONY/Desktop/project-manager/src/components/Header.tsx[39m
      at transformWithOxc (file:///C:/Users/SONY/Desktop/project-manager/node_modules/vite/dist/node/chunks/node.js:7208:19)
      at TransformPluginContext.transform (file:///C:/Users/SONY/Desktop/project-manager/node_modules/vite/dist/node/chunks/node.js:7280:26)
      at EnvironmentPluginContainer.transform (file:///C:/Users/SONY/Desktop/project-manager/node_modules/vite/dist/node/chunks/node.js:8172:51)
      at async loadAndTransform (file:///C:/Users/SONY/Desktop/project-manager/node_modules/vite/dist/node/chunks/node.js:19634:26)
      at async viteTransformMiddleware (file:///C:/Users/SONY/Desktop/project-manager/node_modules/vite/dist/node/chunks/node.js:19853:20)
[2m09:59:17[22m [31m[1m[vite][22m[39m [31mInternal server error: Transform failed with 1 error:

[31m[PARSE_ERROR] [0mUnexpected token
     [38;5;246m╭[0m[38;5;246m─[0m[38;5;246m[[0m src/pages/Login.tsx:149:85 [38;5;246m][0m
     [38;5;246m│[0m
 [38;5;246m149 │[0m [38;5;249m [0m[38;5;249m [0m[38;5;249m [0m[38;5;249m [0m[38;5;249m [0m[38;5;249m [0m[38;5;249m [0m[38;5;249m [0m[38;5;249m [0m[38;5;249m [0m[38;5;249m [0m[38;5;249m [0m[38;5;249m [0m[38;5;249m [0m[38;5;249m<[0m[38;5;249ms[0m[38;5;249mp[0m[38;5;249ma[0m[38;5;249mn[0m[38;5;249m [0m[38;5;249mc[0m[38;5;249ml[0m[38;5;249ma[0m[38;5;249ms[0m[38;5;249ms[0m[38;5;249mN[0m[38;5;249ma[0m[38;5;249mm[0m[38;5;249me[0m[38;5;249m=[0m[38;5;249m"[0m[38;5;249mt[0m[38;5;249me[0m[38;5;249mx[0m[38;5;249mt[0m[38;5;249m-[0m[38;5;249ms[0m[38;5;249mm[0m[38;5;249m [0m[38;5;249mf[0m[38;5;249mo[0m[38;5;249mn[0m[38;5;249mt[0m[38;5;249m-[0m[38;5;249ms[0m[38;5;249me[0m[38;5;249mm[0m[38;5;249mi[0m[38;5;249mb[0m[38;5;249mo[0m[38;5;249ml[0m[38;5;249md[0m[38;5;249m [0m[38;5;249mu[0m[38;5;249mp[0m[38;5;249mp[0m[38;5;249me[0m[38;5;249mr[0m[38;5;249mc[0m[38;5;249ma[0m[38;5;249ms[0m[38;5;249me[0m[38;5;249m [0m[38;5;249mt[0m[38;5;249mr[0m[38;5;249ma[0m[38;5;249mc[0m[38;5;249mk[0m[38;5;249mi[0m[38;5;249mn[0m[38;5;249mg[0m[38;5;249m-[0m[38;5;249mw[0m[38;5;249mi[0m[38;5;249md[0m[38;5;249me[0m[38;5;249ms[0m[38;5;249mt[0m[38;5;249m [0m[38;5;249mt[0m[38;5;249me[0m[38;5;249mx[0m[38;5;249mt[0m[38;5;249m-[0m[[38;5;249m#[0m[38;5;249m5[0m[38;5;249m4[0m[38;5;249m2[0m[38;5;249ma[0m[38;5;249m5[0m[38;5;249m2[0m[38;5;249m][0m[38;5;249m/[0m[38;5;249m7[0m[38;5;249m0[0m[38;5;249m"[0m[38;5;249m>[0m[38;5;249mP[0m[38;5;249mr[0m[38;5;249mo[0m[38;5;249mj[0m[38;5;249me[0m[38;5;249mc[0m[38;5;249mt[0m[38;5;249m [0m[38;5;249mM[0m[38;5;249ma[0m[38;5;249mn[0m[38;5;249ma[0m[38;5;249mg[0m[38;5;249me[0m[38;5;249mr[0m[38;5;249m<[0m[38;5;249m/[0m[38;5;249ms[0m[38;5;249mp[0m[38;5;249ma[0m[38;5;249mn[0m[38;5;249m>[0m
 [38;5;240m    │[0m                                                                                     ┬  
 [38;5;240m    │[0m                                                                                     ╰── 
[38;5;246m─────╯[0m
[39m
  Plugin: [35mvite:oxc[39m
  File: [36mC:/Users/SONY/Desktop/project-manager/src/pages/Login.tsx[39m
      at transformWithOxc (file:///C:/Users/SONY/Desktop/project-manager/node_modules/vite/dist/node/chunks/node.js:7208:19)
      at TransformPluginContext.transform (file:///C:/Users/SONY/Desktop/project-manager/node_modules/vite/dist/node/chunks/node.js:7280:26)
      at EnvironmentPluginContainer.transform (file:///C:/Users/SONY/Desktop/project-manager/node_modules/vite/dist/node/chunks/node.js:8172:51)
      at async loadAndTransform (file:///C:/Users/SONY/Desktop/project-manager/node_modules/vite/dist/node/chunks/node.js:19634:26)
      at async viteTransformMiddleware (file:///C:/Users/SONY/Desktop/project-manager/node_modules/vite/dist/node/chunks/node.js:19853:20)
[2m09:59:17[22m [31m[1m[vite][22m[39m [31mInternal server error: Transform failed with 1 error:

[31m[PARSE_ERROR] [0mUnterminated string
    [38;5;246m╭[0m[38;5;246m─[0m[38;5;246m[[0m src/pages/NewProject.tsx:58:62 [38;5;246m][0m
    [38;5;246m│[0m
 [38;5;246m58 │[0m [38;5;249m [0m[38;5;249m [0m[38;5;249m [0m[38;5;249m [0m[38;5;249m [0m[38;5;249m [0m[38;5;249m [0m[38;5;249m [0m[38;5;249m [0m[38;5;249m [0m[38;5;249m [0m[38;5;249m [0m[38;5;249m [0m[38;5;249m [0m[38;5;249m<[0m[38;5;249mh[0m[38;5;249m2[0m[38;5;249m [0m[38;5;249mc[0m[38;5;249ml[0m[38;5;249ma[0m[38;5;249ms[0m[38;5;249ms[0m[38;5;249mN[0m[38;5;249ma[0m[38;5;249mm[0m[38;5;249me[0m[38;5;249m=[0m[38;5;249m"[0m[38;5;249mt[0m[38;5;249me[0m[38;5;249mx[0m[38;5;249mt[0m[38;5;249m-[0m[38;5;249m2[0m[38;5;249mx[0m[38;5;249ml[0m[38;5;249m [0m[38;5;249mf[0m[38;5;249mo[0m[38;5;249mn[0m[38;5;249mt[0m[38;5;249m-[0m[38;5;249mb[0m[38;5;249mo[0m[38;5;249ml[0m[38;5;249md[0m[38;5;249m [0m[38;5;249mt[0m[38;5;249me[0m[38;5;249mx[0m[38;5;249mt[0m[38;5;249m-[0m[38;5;249mg[0m[38;5;249mr[0m[38;5;249ma[0m[38;5;249my[0m[38;5;249m-[0m[38;5;249m9[0m[38;5;249m0[0m[38;5;249m0[0m">Nouveau projet</h2>
 [38;5;240m   │[0m                                                              ───────────┬──────────  
 [38;5;240m   │[0m                                                                         ╰──────────── 
[38;5;246m────╯[0m
[39m
  Plugin: [35mvite:oxc[39m
  File: [36mC:/Users/SONY/Desktop/project-manager/src/pages/NewProject.tsx[39m
      at transformWithOxc (file:///C:/Users/SONY/Desktop/project-manager/node_modules/vite/dist/node/chunks/node.js:7208:19)
      at TransformPluginContext.transform (file:///C:/Users/SONY/Desktop/project-manager/node_modules/vite/dist/node/chunks/node.js:7280:26)
      at EnvironmentPluginContainer.transform (file:///C:/Users/SONY/Desktop/project-manager/node_modules/vite/dist/node/chunks/node.js:8172:51)
      at async loadAndTransform (file:///C:/Users/SONY/Desktop/project-manager/node_modules/vite/dist/node/chunks/node.js:19634:26)
      at async viteTransformMiddleware (file:///C:/Users/SONY/Desktop/project-manager/node_modules/vite/dist/node/chunks/node.js:19853:20)
[2m09:59:18[22m [31m[1m[vite][22m[39m [31mInternal server error: Transform failed with 1 error:

[31m[PARSE_ERROR] [0mUnterminated string
    [38;5;246m╭[0m[38;5;246m─[0m[38;5;246m[[0m src/pages/NewProject.tsx:58:62 [38;5;246m][0m
    [38;5;246m│[0m
 [38;5;246m58 │[0m [38;5;249m [0m[38;5;249m [0m[38;5;249m [0m[38;5;249m [0m[38;5;249m [0m[38;5;249m [0m[38;5;249m [0m[38;5;249m [0m[38;5;249m [0m[38;5;249m [0m[38;5;249m [0m[38;5;249m [0m[38;5;249m [0m[38;5;249m [0m[38;5;249m<[0m[38;5;249mh[0m[38;5;249m2[0m[38;5;249m [0m[38;5;249mc[0m[38;5;249ml[0m[38;5;249ma[0m[38;5;249ms[0m[38;5;249ms[0m[38;5;249mN[0m[38;5;249ma[0m[38;5;249mm[0m[38;5;249me[0m[38;5;249m=[0m[38;5;249m"[0m[38;5;249mt[0m[38;5;249me[0m[38;5;249mx[0m[38;5;249mt[0m[38;5;249m-[0m[38;5;249m2[0m[38;5;249mx[0m[38;5;249ml[0m[38;5;249m [0m[38;5;249mf[0m[38;5;249mo[0m[38;5;249mn[0m[38;5;249mt[0m[38;5;249m-[0m[38;5;249mb[0m[38;5;249mo[0m[38;5;249ml[0m[38;5;249md[0m[38;5;249m [0m[38;5;249mt[0m[38;5;249me[0m[38;5;249mx[0m[38;5;249mt[0m[38;5;249m-[0m[38;5;249mg[0m[38;5;249mr[0m[38;5;249ma[0m[38;5;249my[0m[38;5;249m-[0m[38;5;249m9[0m[38;5;249m0[0m[38;5;249m0[0m">Nouveau projet</h2>
 [38;5;240m   │[0m                                                              ───────────┬──────────  
 [38;5;240m   │[0m                                                                         ╰──────────── 
[38;5;246m────╯[0m
[39m
  Plugin: [35mvite:oxc[39m
  File: [36mC:/Users/SONY/Desktop/project-manager/src/pages/NewProject.tsx[39m
      at transformWithOxc (file:///C:/Users/SONY/Desktop/project-manager/node_modules/vite/dist/node/chunks/node.js:7208:19)
      at TransformPluginContext.transform (file:///C:/Users/SONY/Desktop/project-manager/node_modules/vite/dist/node/chunks/node.js:7280:26)
      at EnvironmentPluginContainer.transform (file:///C:/Users/SONY/Desktop/project-manager/node_modules/vite/dist/node/chunks/node.js:8172:51)
      at async loadAndTransform (file:///C:/Users/SONY/Desktop/project-manager/node_modules/vite/dist/node/chunks/node.js:19634:26)
      at async viteTransformMiddleware (file:///C:/Users/SONY/Desktop/project-manager/node_modules/vite/dist/node/chunks/node.js:19853:20)
[2m09:59:18[22m [31m[1m[vite][22m[39m [31mInternal server error: Transform failed with 1 error:

[31m[PARSE_ERROR] [0mUnterminated string
     [38;5;246m╭[0m[38;5;246m─[0m[38;5;246m[[0m src/pages/EditProject.tsx:118:62 [38;5;246m][0m
     [38;5;246m│[0m
 [38;5;246m118 │[0m [38;5;249m [0m[38;5;249m [0m[38;5;249m [0m[38;5;249m [0m[38;5;249m [0m[38;5;249m [0m[38;5;249m [0m[38;5;249m [0m[38;5;249m [0m[38;5;249m [0m[38;5;249m [0m[38;5;249m [0m[38;5;249m [0m[38;5;249m [0m[38;5;249m<[0m[38;5;249mh[0m[38;5;249m2[0m[38;5;249m [0m[38;5;249mc[0m[38;5;249ml[0m[38;5;249ma[0m[38;5;249ms[0m[38;5;249ms[0m[38;5;249mN[0m[38;5;249ma[0m[38;5;249mm[0m[38;5;249me[0m[38;5;249m=[0m[38;5;249m"[0m[38;5;249mt[0m[38;5;249me[0m[38;5;249mx[0m[38;5;249mt[0m[38;5;249m-[0m[38;5;249m2[0m[38;5;249mx[0m[38;5;249ml[0m[38;5;249m [0m[38;5;249mf[0m[38;5;249mo[0m[38;5;249mn[0m[38;5;249mt[0m[38;5;249m-[0m[38;5;249mb[0m[38;5;249mo[0m[38;5;249ml[0m[38;5;249md[0m[38;5;249m [0m[38;5;249mt[0m[38;5;249me[0m[38;5;249mx[0m[38;5;249mt[0m[38;5;249m-[0m[38;5;249mg[0m[38;5;249mr[0m[38;5;249ma[0m[38;5;249my[0m[38;5;249m-[0m[38;5;249m9[0m[38;5;249m0[0m[38;5;249m0[0m">Modifier le projet</h2>
 [38;5;240m    │[0m                                                              ─────────────┬────────────  
 [38;5;240m    │[0m                                                                           ╰────────────── 
[38;5;246m─────╯[0m
[39m
  Plugin: [35mvite:oxc[39m
  File: [36mC:/Users/SONY/Desktop/project-manager/src/pages/EditProject.tsx[39m
      at transformWithOxc (file:///C:/Users/SONY/Desktop/project-manager/node_modules/vite/dist/node/chunks/node.js:7208:19)
      at TransformPluginContext.transform (file:///C:/Users/SONY/Desktop/project-manager/node_modules/vite/dist/node/chunks/node.js:7280:26)
      at EnvironmentPluginContainer.transform (file:///C:/Users/SONY/Desktop/project-manager/node_modules/vite/dist/node/chunks/node.js:8172:51)
      at async loadAndTransform (file:///C:/Users/SONY/Desktop/project-manager/node_modules/vite/dist/node/chunks/node.js:19634:26)
      at async viteTransformMiddleware (file:///C:/Users/SONY/Desktop/project-manager/node_modules/vite/dist/node/chunks/node.js:19853:20)
[2m09:59:18[22m [31m[1m[vite][22m[39m [31mInternal server error: Transform failed with 1 error:

[31m[PARSE_ERROR] [0mUnterminated string
    [38;5;246m╭[0m[38;5;246m─[0m[38;5;246m[[0m src/pages/ForgotPassword.tsx:99:69 [38;5;246m][0m
    [38;5;246m│[0m
 [38;5;246m99 │[0m [38;5;249m [0m[38;5;249m [0m[38;5;249m [0m[38;5;249m [0m[38;5;249m [0m[38;5;249m [0m[38;5;249m [0m[38;5;249m [0m[38;5;249m [0m[38;5;249m [0m[38;5;249m [0m[38;5;249m [0m[38;5;249m [0m[38;5;249m [0m[38;5;249m [0m[38;5;249m [0m[38;5;249m<[0m[38;5;249mh[0m[38;5;249m1[0m[38;5;249m [0m[38;5;249mc[0m[38;5;249ml[0m[38;5;249ma[0m[38;5;249ms[0m[38;5;249ms[0m[38;5;249mN[0m[38;5;249ma[0m[38;5;249mm[0m[38;5;249me[0m[38;5;249m=[0m[38;5;249m"[0m[38;5;249mm[0m[38;5;249mb[0m[38;5;249m-[0m[38;5;249m2[0m[38;5;249m [0m[38;5;249mt[0m[38;5;249me[0m[38;5;249mx[0m[38;5;249mt[0m[38;5;249m-[0m[38;5;249m2[0m[38;5;249mx[0m[38;5;249ml[0m[38;5;249m [0m[38;5;249mf[0m[38;5;249mo[0m[38;5;249mn[0m[38;5;249mt[0m[38;5;249m-[0m[38;5;249mb[0m[38;5;249mo[0m[38;5;249ml[0m[38;5;249md[0m[38;5;249m [0m[38;5;249mt[0m[38;5;249me[0m[38;5;249mx[0m[38;5;249mt[0m[38;5;249m-[0m[38;5;249mg[0m[38;5;249mr[0m[38;5;249ma[0m[38;5;249my[0m[38;5;249m-[0m[38;5;249m9[0m[38;5;249m0[0m[38;5;249m0[0m">Mot de passe oublié ?</h1>
 [38;5;240m   │[0m                                                                     ──────────────┬──────────────  
 [38;5;240m   │[0m                                                                                   ╰──────────────── 
[38;5;246m────╯[0m
[39m
  Plugin: [35mvite:oxc[39m
  File: [36mC:/Users/SONY/Desktop/project-manager/src/pages/ForgotPassword.tsx[39m
      at transformWithOxc (file:///C:/Users/SONY/Desktop/project-manager/node_modules/vite/dist/node/chunks/node.js:7208:19)
      at TransformPluginContext.transform (file:///C:/Users/SONY/Desktop/project-manager/node_modules/vite/dist/node/chunks/node.js:7280:26)
      at EnvironmentPluginContainer.transform (file:///C:/Users/SONY/Desktop/project-manager/node_modules/vite/dist/node/chunks/node.js:8172:51)
      at async loadAndTransform (file:///C:/Users/SONY/Desktop/project-manager/node_modules/vite/dist/node/chunks/node.js:19634:26)
      at async viteTransformMiddleware (file:///C:/Users/SONY/Desktop/project-manager/node_modules/vite/dist/node/chunks/node.js:19853:20)
[2m09:59:19[22m [31m[1m[vite][22m[39m [31mInternal server error: Transform failed with 1 error:

[31m[PARSE_ERROR] [0mUnterminated string
     [38;5;246m╭[0m[38;5;246m─[0m[38;5;246m[[0m src/pages/ResetPassword.tsx:118:69 [38;5;246m][0m
     [38;5;246m│[0m
 [38;5;246m118 │[0m [38;5;249m [0m[38;5;249m [0m[38;5;249m [0m[38;5;249m [0m[38;5;249m [0m[38;5;249m [0m[38;5;249m [0m[38;5;249m [0m[38;5;249m [0m[38;5;249m [0m[38;5;249m [0m[38;5;249m [0m[38;5;249m [0m[38;5;249m [0m[38;5;249m [0m[38;5;249m [0m[38;5;249m<[0m[38;5;249mh[0m[38;5;249m1[0m[38;5;249m [0m[38;5;249mc[0m[38;5;249ml[0m[38;5;249ma[0m[38;5;249ms[0m[38;5;249ms[0m[38;5;249mN[0m[38;5;249ma[0m[38;5;249mm[0m[38;5;249me[0m[38;5;249m=[0m[38;5;249m"[0m[38;5;249mm[0m[38;5;249mb[0m[38;5;249m-[0m[38;5;249m2[0m[38;5;249m [0m[38;5;249mt[0m[38;5;249me[0m[38;5;249mx[0m[38;5;249mt[0m[38;5;249m-[0m[38;5;249m2[0m[38;5;249mx[0m[38;5;249ml[0m[38;5;249m [0m[38;5;249mf[0m[38;5;249mo[0m[38;5;249mn[0m[38;5;249mt[0m[38;5;249m-[0m[38;5;249mb[0m[38;5;249mo[0m[38;5;249ml[0m[38;5;249md[0m[38;5;249m [0m[38;5;249mt[0m[38;5;249me[0m[38;5;249mx[0m[38;5;249mt[0m[38;5;249m-[0m[38;5;249mg[0m[38;5;249mr[0m[38;5;249ma[0m[38;5;249my[0m[38;5;249m-[0m[38;5;249m9[0m[38;5;249m0[0m[38;5;249m0[0m">Nouveau mot de passe</h1>
 [38;5;240m    │[0m                                                                     ──────────────┬─────────────  
 [38;5;240m    │[0m                                                                                   ╰─────────────── 
[38;5;246m─────╯[0m
[39m
  Plugin: [35mvite:oxc[39m
  File: [36mC:/Users/SONY/Desktop/project-manager/src/pages/ResetPassword.tsx[39m
      at transformWithOxc (file:///C:/Users/SONY/Desktop/project-manager/node_modules/vite/dist/node/chunks/node.js:7208:19)
      at TransformPluginContext.transform (file:///C:/Users/SONY/Desktop/project-manager/node_modules/vite/dist/node/chunks/node.js:7280:26)
      at EnvironmentPluginContainer.transform (file:///C:/Users/SONY/Desktop/project-manager/node_modules/vite/dist/node/chunks/node.js:8172:51)
      at async loadAndTransform (file:///C:/Users/SONY/Desktop/project-manager/node_modules/vite/dist/node/chunks/node.js:19634:26)
      at async viteTransformMiddleware (file:///C:/Users/SONY/Desktop/project-manager/node_modules/vite/dist/node/chunks/node.js:19853:20)
[2m09:59:19[22m [31m[1m[vite][22m[39m [31mInternal server error: Transform failed with 1 error:

[31m[PARSE_ERROR] [0mUnterminated string
    [38;5;246m╭[0m[38;5;246m─[0m[38;5;246m[[0m src/pages/Settings.tsx:90:67 [38;5;246m][0m
    [38;5;246m│[0m
 [38;5;246m90 │[0m [38;5;249m [0m[38;5;249m [0m[38;5;249m [0m[38;5;249m [0m[38;5;249m [0m[38;5;249m [0m[38;5;249m [0m[38;5;249m [0m[38;5;249m [0m[38;5;249m [0m[38;5;249m [0m[38;5;249m [0m[38;5;249m [0m[38;5;249m [0m[38;5;249m [0m[38;5;249m [0m[38;5;249m<[0m[38;5;249mh[0m[38;5;249m3[0m[38;5;249m [0m[38;5;249mc[0m[38;5;249ml[0m[38;5;249ma[0m[38;5;249ms[0m[38;5;249ms[0m[38;5;249mN[0m[38;5;249ma[0m[38;5;249mm[0m[38;5;249me[0m[38;5;249m=[0m[38;5;249m"[0m[38;5;249mt[0m[38;5;249me[0m[38;5;249mx[0m[38;5;249mt[0m[38;5;249m-[0m[38;5;249ml[0m[38;5;249mg[0m[38;5;249m [0m[38;5;249mf[0m[38;5;249mo[0m[38;5;249mn[0m[38;5;249mt[0m[38;5;249m-[0m[38;5;249ms[0m[38;5;249me[0m[38;5;249mm[0m[38;5;249mi[0m[38;5;249mb[0m[38;5;249mo[0m[38;5;249ml[0m[38;5;249md[0m[38;5;249m [0m[38;5;249mt[0m[38;5;249me[0m[38;5;249mx[0m[38;5;249mt[0m[38;5;249m-[0m[38;5;249mg[0m[38;5;249mr[0m[38;5;249ma[0m[38;5;249my[0m[38;5;249m-[0m[38;5;249m9[0m[38;5;249m0[0m[38;5;249m0[0m">Mon compte</h3>
 [38;5;240m   │[0m                                                                   ─────────┬────────  
 [38;5;240m   │[0m                                                                            ╰────────── 
[38;5;246m────╯[0m
[39m
  Plugin: [35mvite:oxc[39m
  File: [36mC:/Users/SONY/Desktop/project-manager/src/pages/Settings.tsx[39m
      at transformWithOxc (file:///C:/Users/SONY/Desktop/project-manager/node_modules/vite/dist/node/chunks/node.js:7208:19)
      at TransformPluginContext.transform (file:///C:/Users/SONY/Desktop/project-manager/node_modules/vite/dist/node/chunks/node.js:7280:26)
      at EnvironmentPluginContainer.transform (file:///C:/Users/SONY/Desktop/project-manager/node_modules/vite/dist/node/chunks/node.js:8172:51)
      at async loadAndTransform (file:///C:/Users/SONY/Desktop/project-manager/node_modules/vite/dist/node/chunks/node.js:19634:26)
      at async viteTransformMiddleware (file:///C:/Users/SONY/Desktop/project-manager/node_modules/vite/dist/node/chunks/node.js:19853:20)
[2m09:59:20[22m [31m[1m[vite][22m[39m [31m[2m(client)[22m[39m Pre-transform error: Transform failed with 1 error:

[31m[PARSE_ERROR] [0mUnterminated string
    [38;5;246m╭[0m[38;5;246m─[0m[38;5;246m[[0m src/components/Header.tsx:19:43 [38;5;246m][0m
    [38;5;246m│[0m
 [38;5;246m19 │[0m [38;5;249m [0m[38;5;249m [0m[38;5;249m [0m[38;5;249m [0m[38;5;249m [0m[38;5;249m [0m[38;5;249m [0m[38;5;249m [0m[38;5;249m [0m[38;5;249m [0m[38;5;249m<[0m[38;5;249mh[0m[38;5;249m1[0m[38;5;249m [0m[38;5;249mc[0m[38;5;249ml[0m[38;5;249ma[0m[38;5;249ms[0m[38;5;249ms[0m[38;5;249mN[0m[38;5;249ma[0m[38;5;249mm[0m[38;5;249me[0m[38;5;249m=[0m[38;5;249m"[0m[38;5;249mt[0m[38;5;249me[0m[38;5;249mx[0m[38;5;249mt[0m[38;5;249m-[0m[38;5;249mx[0m[38;5;249ml[0m[38;5;249m [0m[38;5;249mf[0m[38;5;249mo[0m[38;5;249mn[0m[38;5;249mt[0m[38;5;249m-[0m[38;5;249mb[0m[38;5;249mo[0m[38;5;249ml[0m[38;5;249md[0m">
 [38;5;240m   │[0m                                           ─┬─  
 [38;5;240m   │[0m                                            ╰─── 
[38;5;246m────╯[0m

  Plugin: [35mvite:oxc[39m
  File: [36mC:/Users/SONY/Desktop/project-manager/src/components/Header.tsx[39m
[2m09:59:20[22m [31m[1m[vite][22m[39m [31m[2m(client)[22m[39m Pre-transform error: Transform failed with 1 error:

[31m[PARSE_ERROR] [0mUnterminated string
    [38;5;246m╭[0m[38;5;246m─[0m[38;5;246m[[0m src/pages/NewProject.tsx:58:62 [38;5;246m][0m
    [38;5;246m│[0m
 [38;5;246m58 │[0m [38;5;249m [0m[38;5;249m [0m[38;5;249m [0m[38;5;249m [0m[38;5;249m [0m[38;5;249m [0m[38;5;249m [0m[38;5;249m [0m[38;5;249m [0m[38;5;249m [0m[38;5;249m [0m[38;5;249m [0m[38;5;249m [0m[38;5;249m [0m[38;5;249m<[0m[38;5;249mh[0m[38;5;249m2[0m[38;5;249m [0m[38;5;249mc[0m[38;5;249ml[0m[38;5;249ma[0m[38;5;249ms[0m[38;5;249ms[0m[38;5;249mN[0m[38;5;249ma[0m[38;5;249mm[0m[38;5;249me[0m[38;5;249m=[0m[38;5;249m"[0m[38;5;249mt[0m[38;5;249me[0m[38;5;249mx[0m[38;5;249mt[0m[38;5;249m-[0m[38;5;249m2[0m[38;5;249mx[0m[38;5;249ml[0m[38;5;249m [0m[38;5;249mf[0m[38;5;249mo[0m[38;5;249mn[0m[38;5;249mt[0m[38;5;249m-[0m[38;5;249mb[0m[38;5;249mo[0m[38;5;249ml[0m[38;5;249md[0m[38;5;249m [0m[38;5;249mt[0m[38;5;249me[0m[38;5;249mx[0m[38;5;249mt[0m[38;5;249m-[0m[38;5;249mg[0m[38;5;249mr[0m[38;5;249ma[0m[38;5;249my[0m[38;5;249m-[0m[38;5;249m9[0m[38;5;249m0[0m[38;5;249m0[0m">Nouveau projet</h2>
 [38;5;240m   │[0m                                                              ───────────┬──────────  
 [38;5;240m   │[0m                                                                         ╰──────────── 
[38;5;246m────╯[0m

  Plugin: [35mvite:oxc[39m
  File: [36mC:/Users/SONY/Desktop/project-manager/src/pages/NewProject.tsx[39m
[2m09:59:20[22m [31m[1m[vite][22m[39m [31m[2m(client)[22m[39m Pre-transform error: Transform failed with 1 error:

[31m[PARSE_ERROR] [0mUnexpected token
     [38;5;246m╭[0m[38;5;246m─[0m[38;5;246m[[0m src/pages/Login.tsx:149:85 [38;5;246m][0m
     [38;5;246m│[0m
 [38;5;246m149 │[0m [38;5;249m [0m[38;5;249m [0m[38;5;249m [0m[38;5;249m [0m[38;5;249m [0m[38;5;249m [0m[38;5;249m [0m[38;5;249m [0m[38;5;249m [0m[38;5;249m [0m[38;5;249m [0m[38;5;249m [0m[38;5;249m [0m[38;5;249m [0m[38;5;249m<[0m[38;5;249ms[0m[38;5;249mp[0m[38;5;249ma[0m[38;5;249mn[0m[38;5;249m [0m[38;5;249mc[0m[38;5;249ml[0m[38;5;249ma[0m[38;5;249ms[0m[38;5;249ms[0m[38;5;249mN[0m[38;5;249ma[0m[38;5;249mm[0m[38;5;249me[0m[38;5;249m=[0m[38;5;249m"[0m[38;5;249mt[0m[38;5;249me[0m[38;5;249mx[0m[38;5;249mt[0m[38;5;249m-[0m[38;5;249ms[0m[38;5;249mm[0m[38;5;249m [0m[38;5;249mf[0m[38;5;249mo[0m[38;5;249mn[0m[38;5;249mt[0m[38;5;249m-[0m[38;5;249ms[0m[38;5;249me[0m[38;5;249mm[0m[38;5;249mi[0m[38;5;249mb[0m[38;5;249mo[0m[38;5;249ml[0m[38;5;249md[0m[38;5;249m [0m[38;5;249mu[0m[38;5;249mp[0m[38;5;249mp[0m[38;5;249me[0m[38;5;249mr[0m[38;5;249mc[0m[38;5;249ma[0m[38;5;249ms[0m[38;5;249me[0m[38;5;249m [0m[38;5;249mt[0m[38;5;249mr[0m[38;5;249ma[0m[38;5;249mc[0m[38;5;249mk[0m[38;5;249mi[0m[38;5;249mn[0m[38;5;249mg[0m[38;5;249m-[0m[38;5;249mw[0m[38;5;249mi[0m[38;5;249md[0m[38;5;249me[0m[38;5;249ms[0m[38;5;249mt[0m[38;5;249m [0m[38;5;249mt[0m[38;5;249me[0m[38;5;249mx[0m[38;5;249mt[0m[38;5;249m-[0m[[38;5;249m#[0m[38;5;249m5[0m[38;5;249m4[0m[38;5;249m2[0m[38;5;249ma[0m[38;5;249m5[0m[38;5;249m2[0m[38;5;249m][0m[38;5;249m/[0m[38;5;249m7[0m[38;5;249m0[0m[38;5;249m"[0m[38;5;249m>[0m[38;5;249mP[0m[38;5;249mr[0m[38;5;249mo[0m[38;5;249mj[0m[38;5;249me[0m[38;5;249mc[0m[38;5;249mt[0m[38;5;249m [0m[38;5;249mM[0m[38;5;249ma[0m[38;5;249mn[0m[38;5;249ma[0m[38;5;249mg[0m[38;5;249me[0m[38;5;249mr[0m[38;5;249m<[0m[38;5;249m/[0m[38;5;249ms[0m[38;5;249mp[0m[38;5;249ma[0m[38;5;249mn[0m[38;5;249m>[0m
 [38;5;240m    │[0m                                                                                     ┬  
 [38;5;240m    │[0m                                                                                     ╰── 
[38;5;246m─────╯[0m

  Plugin: [35mvite:oxc[39m
  File: [36mC:/Users/SONY/Desktop/project-manager/src/pages/Login.tsx[39m
[2m09:59:20[22m [31m[1m[vite][22m[39m [31m[2m(client)[22m[39m Pre-transform error: Transform failed with 1 error:

[31m[PARSE_ERROR] [0mUnterminated string
    [38;5;246m╭[0m[38;5;246m─[0m[38;5;246m[[0m src/pages/Settings.tsx:90:67 [38;5;246m][0m
    [38;5;246m│[0m
 [38;5;246m90 │[0m [38;5;249m [0m[38;5;249m [0m[38;5;249m [0m[38;5;249m [0m[38;5;249m [0m[38;5;249m [0m[38;5;249m [0m[38;5;249m [0m[38;5;249m [0m[38;5;249m [0m[38;5;249m [0m[38;5;249m [0m[38;5;249m [0m[38;5;249m [0m[38;5;249m [0m[38;5;249m [0m[38;5;249m<[0m[38;5;249mh[0m[38;5;249m3[0m[38;5;249m [0m[38;5;249mc[0m[38;5;249ml[0m[38;5;249ma[0m[38;5;249ms[0m[38;5;249ms[0m[38;5;249mN[0m[38;5;249ma[0m[38;5;249mm[0m[38;5;249me[0m[38;5;249m=[0m[38;5;249m"[0m[38;5;249mt[0m[38;5;249me[0m[38;5;249mx[0m[38;5;249mt[0m[38;5;249m-[0m[38;5;249ml[0m[38;5;249mg[0m[38;5;249m [0m[38;5;249mf[0m[38;5;249mo[0m[38;5;249mn[0m[38;5;249mt[0m[38;5;249m-[0m[38;5;249ms[0m[38;5;249me[0m[38;5;249mm[0m[38;5;249mi[0m[38;5;249mb[0m[38;5;249mo[0m[38;5;249ml[0m[38;5;249md[0m[38;5;249m [0m[38;5;249mt[0m[38;5;249me[0m[38;5;249mx[0m[38;5;249mt[0m[38;5;249m-[0m[38;5;249mg[0m[38;5;249mr[0m[38;5;249ma[0m[38;5;249my[0m[38;5;249m-[0m[38;5;249m9[0m[38;5;249m0[0m[38;5;249m0[0m">Mon compte</h3>
 [38;5;240m   │[0m                                                                   ─────────┬────────  
 [38;5;240m   │[0m                                                                            ╰────────── 
[38;5;246m────╯[0m

  Plugin: [35mvite:oxc[39m
  File: [36mC:/Users/SONY/Desktop/project-manager/src/pages/Settings.tsx[39m
[2m09:59:20[22m [31m[1m[vite][22m[39m [31m[2m(client)[22m[39m Pre-transform error: Transform failed with 1 error:

[31m[PARSE_ERROR] [0mUnterminated string
     [38;5;246m╭[0m[38;5;246m─[0m[38;5;246m[[0m src/pages/EditProject.tsx:118:62 [38;5;246m][0m
     [38;5;246m│[0m
 [38;5;246m118 │[0m [38;5;249m [0m[38;5;249m [0m[38;5;249m [0m[38;5;249m [0m[38;5;249m [0m[38;5;249m [0m[38;5;249m [0m[38;5;249m [0m[38;5;249m [0m[38;5;249m [0m[38;5;249m [0m[38;5;249m [0m[38;5;249m [0m[38;5;249m [0m[38;5;249m<[0m[38;5;249mh[0m[38;5;249m2[0m[38;5;249m [0m[38;5;249mc[0m[38;5;249ml[0m[38;5;249ma[0m[38;5;249ms[0m[38;5;249ms[0m[38;5;249mN[0m[38;5;249ma[0m[38;5;249mm[0m[38;5;249me[0m[38;5;249m=[0m[38;5;249m"[0m[38;5;249mt[0m[38;5;249me[0m[38;5;249mx[0m[38;5;249mt[0m[38;5;249m-[0m[38;5;249m2[0m[38;5;249mx[0m[38;5;249ml[0m[38;5;249m [0m[38;5;249mf[0m[38;5;249mo[0m[38;5;249mn[0m[38;5;249mt[0m[38;5;249m-[0m[38;5;249mb[0m[38;5;249mo[0m[38;5;249ml[0m[38;5;249md[0m[38;5;249m [0m[38;5;249mt[0m[38;5;249me[0m[38;5;249mx[0m[38;5;249mt[0m[38;5;249m-[0m[38;5;249mg[0m[38;5;249mr[0m[38;5;249ma[0m[38;5;249my[0m[38;5;249m-[0m[38;5;249m9[0m[38;5;249m0[0m[38;5;249m0[0m">Modifier le projet</h2>
 [38;5;240m    │[0m                                                              ─────────────┬────────────  
 [38;5;240m    │[0m                                                                           ╰────────────── 
[38;5;246m─────╯[0m

  Plugin: [35mvite:oxc[39m
  File: [36mC:/Users/SONY/Desktop/project-manager/src/pages/EditProject.tsx[39m
[2m09:59:20[22m [31m[1m[vite][22m[39m [31m[2m(client)[22m[39m Pre-transform error: Transform failed with 1 error:

[31m[PARSE_ERROR] [0mUnterminated string
     [38;5;246m╭[0m[38;5;246m─[0m[38;5;246m[[0m src/pages/ResetPassword.tsx:118:69 [38;5;246m][0m
     [38;5;246m│[0m
 [38;5;246m118 │[0m [38;5;249m [0m[38;5;249m [0m[38;5;249m [0m[38;5;249m [0m[38;5;249m [0m[38;5;249m [0m[38;5;249m [0m[38;5;249m [0m[38;5;249m [0m[38;5;249m [0m[38;5;249m [0m[38;5;249m [0m[38;5;249m [0m[38;5;249m [0m[38;5;249m [0m[38;5;249m [0m[38;5;249m<[0m[38;5;249mh[0m[38;5;249m1[0m[38;5;249m [0m[38;5;249mc[0m[38;5;249ml[0m[38;5;249ma[0m[38;5;249ms[0m[38;5;249ms[0m[38;5;249mN[0m[38;5;249ma[0m[38;5;249mm[0m[38;5;249me[0m[38;5;249m=[0m[38;5;249m"[0m[38;5;249mm[0m[38;5;249mb[0m[38;5;249m-[0m[38;5;249m2[0m[38;5;249m [0m[38;5;249mt[0m[38;5;249me[0m[38;5;249mx[0m[38;5;249mt[0m[38;5;249m-[0m[38;5;249m2[0m[38;5;249mx[0m[38;5;249ml[0m[38;5;249m [0m[38;5;249mf[0m[38;5;249mo[0m[38;5;249mn[0m[38;5;249mt[0m[38;5;249m-[0m[38;5;249mb[0m[38;5;249mo[0m[38;5;249ml[0m[38;5;249md[0m[38;5;249m [0m[38;5;249mt[0m[38;5;249me[0m[38;5;249mx[0m[38;5;249mt[0m[38;5;249m-[0m[38;5;249mg[0m[38;5;249mr[0m[38;5;249ma[0m[38;5;249my[0m[38;5;249m-[0m[38;5;249m9[0m[38;5;249m0[0m[38;5;249m0[0m">Nouveau mot de passe</h1>
 [38;5;240m    │[0m                                                                     ──────────────┬─────────────  
 [38;5;240m    │[0m                                                                                   ╰─────────────── 
[38;5;246m─────╯[0m

  Plugin: [35mvite:oxc[39m
  File: [36mC:/Users/SONY/Desktop/project-manager/src/pages/ResetPassword.tsx[39m
[2m09:59:20[22m [31m[1m[vite][22m[39m [31m[2m(client)[22m[39m Pre-transform error: Transform failed with 1 error:

[31m[PARSE_ERROR] [0mUnterminated string
    [38;5;246m╭[0m[38;5;246m─[0m[38;5;246m[[0m src/pages/ForgotPassword.tsx:99:69 [38;5;246m][0m
    [38;5;246m│[0m
 [38;5;246m99 │[0m [38;5;249m [0m[38;5;249m [0m[38;5;249m [0m[38;5;249m [0m[38;5;249m [0m[38;5;249m [0m[38;5;249m [0m[38;5;249m [0m[38;5;249m [0m[38;5;249m [0m[38;5;249m [0m[38;5;249m [0m[38;5;249m [0m[38;5;249m [0m[38;5;249m [0m[38;5;249m [0m[38;5;249m<[0m[38;5;249mh[0m[38;5;249m1[0m[38;5;249m [0m[38;5;249mc[0m[38;5;249ml[0m[38;5;249ma[0m[38;5;249ms[0m[38;5;249ms[0m[38;5;249mN[0m[38;5;249ma[0m[38;5;249mm[0m[38;5;249me[0m[38;5;249m=[0m[38;5;249m"[0m[38;5;249mm[0m[38;5;249mb[0m[38;5;249m-[0m[38;5;249m2[0m[38;5;249m [0m[38;5;249mt[0m[38;5;249me[0m[38;5;249mx[0m[38;5;249mt[0m[38;5;249m-[0m[38;5;249m2[0m[38;5;249mx[0m[38;5;249ml[0m[38;5;249m [0m[38;5;249mf[0m[38;5;249mo[0m[38;5;249mn[0m[38;5;249mt[0m[38;5;249m-[0m[38;5;249mb[0m[38;5;249mo[0m[38;5;249ml[0m[38;5;249md[0m[38;5;249m [0m[38;5;249mt[0m[38;5;249me[0m[38;5;249mx[0m[38;5;249mt[0m[38;5;249m-[0m[38;5;249mg[0m[38;5;249mr[0m[38;5;249ma[0m[38;5;249my[0m[38;5;249m-[0m[38;5;249m9[0m[38;5;249m0[0m[38;5;249m0[0m">Mot de passe oublié ?</h1>
 [38;5;240m   │[0m                                                                     ──────────────┬──────────────  
 [38;5;240m   │[0m                                                                                   ╰──────────────── 
[38;5;246m────╯[0m

  Plugin: [35mvite:oxc[39m
  File: [36mC:/Users/SONY/Desktop/project-manager/src/pages/ForgotPassword.tsx[39m
[2m09:59:20[22m [31m[1m[vite][22m[39m [31mInternal server error: Transform failed with 1 error:

[31m[PARSE_ERROR] [0mUnterminated string
    [38;5;246m╭[0m[38;5;246m─[0m[38;5;246m[[0m src/components/Header.tsx:19:43 [38;5;246m][0m
    [38;5;246m│[0m
 [38;5;246m19 │[0m [38;5;249m [0m[38;5;249m [0m[38;5;249m [0m[38;5;249m [0m[38;5;249m [0m[38;5;249m [0m[38;5;249m [0m[38;5;249m [0m[38;5;249m [0m[38;5;249m [0m[38;5;249m<[0m[38;5;249mh[0m[38;5;249m1[0m[38;5;249m [0m[38;5;249mc[0m[38;5;249ml[0m[38;5;249ma[0m[38;5;249ms[0m[38;5;249ms[0m[38;5;249mN[0m[38;5;249ma[0m[38;5;249mm[0m[38;5;249me[0m[38;5;249m=[0m[38;5;249m"[0m[38;5;249mt[0m[38;5;249me[0m[38;5;249mx[0m[38;5;249mt[0m[38;5;249m-[0m[38;5;249mx[0m[38;5;249ml[0m[38;5;249m [0m[38;5;249mf[0m[38;5;249mo[0m[38;5;249mn[0m[38;5;249mt[0m[38;5;249m-[0m[38;5;249mb[0m[38;5;249mo[0m[38;5;249ml[0m[38;5;249md[0m">
 [38;5;240m   │[0m                                           ─┬─  
 [38;5;240m   │[0m                                            ╰─── 
[38;5;246m────╯[0m
[39m
  Plugin: [35mvite:oxc[39m
  File: [36mC:/Users/SONY/Desktop/project-manager/src/components/Header.tsx[39m
      at transformWithOxc (file:///C:/Users/SONY/Desktop/project-manager/node_modules/vite/dist/node/chunks/node.js:7208:19)
      at TransformPluginContext.transform (file:///C:/Users/SONY/Desktop/project-manager/node_modules/vite/dist/node/chunks/node.js:7280:26)
      at EnvironmentPluginContainer.transform (file:///C:/Users/SONY/Desktop/project-manager/node_modules/vite/dist/node/chunks/node.js:8172:51)
      at async loadAndTransform (file:///C:/Users/SONY/Desktop/project-manager/node_modules/vite/dist/node/chunks/node.js:19634:26)
      at async viteTransformMiddleware (file:///C:/Users/SONY/Desktop/project-manager/node_modules/vite/dist/node/chunks/node.js:19853:20)
[2m09:59:20[22m [31m[1m[vite][22m[39m [31mInternal server error: Transform failed with 1 error:

[31m[PARSE_ERROR] [0mUnexpected token
     [38;5;246m╭[0m[38;5;246m─[0m[38;5;246m[[0m src/pages/Login.tsx:149:85 [38;5;246m][0m
     [38;5;246m│[0m
 [38;5;246m149 │[0m [38;5;249m [0m[38;5;249m [0m[38;5;249m [0m[38;5;249m [0m[38;5;249m [0m[38;5;249m [0m[38;5;249m [0m[38;5;249m [0m[38;5;249m [0m[38;5;249m [0m[38;5;249m [0m[38;5;249m [0m[38;5;249m [0m[38;5;249m [0m[38;5;249m<[0m[38;5;249ms[0m[38;5;249mp[0m[38;5;249ma[0m[38;5;249mn[0m[38;5;249m [0m[38;5;249mc[0m[38;5;249ml[0m[38;5;249ma[0m[38;5;249ms[0m[38;5;249ms[0m[38;5;249mN[0m[38;5;249ma[0m[38;5;249mm[0m[38;5;249me[0m[38;5;249m=[0m[38;5;249m"[0m[38;5;249mt[0m[38;5;249me[0m[38;5;249mx[0m[38;5;249mt[0m[38;5;249m-[0m[38;5;249ms[0m[38;5;249mm[0m[38;5;249m [0m[38;5;249mf[0m[38;5;249mo[0m[38;5;249mn[0m[38;5;249mt[0m[38;5;249m-[0m[38;5;249ms[0m[38;5;249me[0m[38;5;249mm[0m[38;5;249mi[0m[38;5;249mb[0m[38;5;249mo[0m[38;5;249ml[0m[38;5;249md[0m[38;5;249m [0m[38;5;249mu[0m[38;5;249mp[0m[38;5;249mp[0m[38;5;249me[0m[38;5;249mr[0m[38;5;249mc[0m[38;5;249ma[0m[38;5;249ms[0m[38;5;249me[0m[38;5;249m [0m[38;5;249mt[0m[38;5;249mr[0m[38;5;249ma[0m[38;5;249mc[0m[38;5;249mk[0m[38;5;249mi[0m[38;5;249mn[0m[38;5;249mg[0m[38;5;249m-[0m[38;5;249mw[0m[38;5;249mi[0m[38;5;249md[0m[38;5;249me[0m[38;5;249ms[0m[38;5;249mt[0m[38;5;249m [0m[38;5;249mt[0m[38;5;249me[0m[38;5;249mx[0m[38;5;249mt[0m[38;5;249m-[0m[[38;5;249m#[0m[38;5;249m5[0m[38;5;249m4[0m[38;5;249m2[0m[38;5;249ma[0m[38;5;249m5[0m[38;5;249m2[0m[38;5;249m][0m[38;5;249m/[0m[38;5;249m7[0m[38;5;249m0[0m[38;5;249m"[0m[38;5;249m>[0m[38;5;249mP[0m[38;5;249mr[0m[38;5;249mo[0m[38;5;249mj[0m[38;5;249me[0m[38;5;249mc[0m[38;5;249mt[0m[38;5;249m [0m[38;5;249mM[0m[38;5;249ma[0m[38;5;249mn[0m[38;5;249ma[0m[38;5;249mg[0m[38;5;249me[0m[38;5;249mr[0m[38;5;249m<[0m[38;5;249m/[0m[38;5;249ms[0m[38;5;249mp[0m[38;5;249ma[0m[38;5;249mn[0m[38;5;249m>[0m
 [38;5;240m    │[0m                                                                                     ┬  
 [38;5;240m    │[0m                                                                                     ╰── 
[38;5;246m─────╯[0m
[39m
  Plugin: [35mvite:oxc[39m
  File: [36mC:/Users/SONY/Desktop/project-manager/src/pages/Login.tsx[39m
      at transformWithOxc (file:///C:/Users/SONY/Desktop/project-manager/node_modules/vite/dist/node/chunks/node.js:7208:19)
      at TransformPluginContext.transform (file:///C:/Users/SONY/Desktop/project-manager/node_modules/vite/dist/node/chunks/node.js:7280:26)
      at EnvironmentPluginContainer.transform (file:///C:/Users/SONY/Desktop/project-manager/node_modules/vite/dist/node/chunks/node.js:8172:51)
      at async loadAndTransform (file:///C:/Users/SONY/Desktop/project-manager/node_modules/vite/dist/node/chunks/node.js:19634:26)
      at async viteTransformMiddleware (file:///C:/Users/SONY/Desktop/project-manager/node_modules/vite/dist/node/chunks/node.js:19853:20)
[2m09:59:20[22m [31m[1m[vite][22m[39m [31mInternal server error: Transform failed with 1 error:

[31m[PARSE_ERROR] [0mUnterminated string
     [38;5;246m╭[0m[38;5;246m─[0m[38;5;246m[[0m src/pages/ResetPassword.tsx:118:69 [38;5;246m][0m
     [38;5;246m│[0m
 [38;5;246m118 │[0m [38;5;249m [0m[38;5;249m [0m[38;5;249m [0m[38;5;249m [0m[38;5;249m [0m[38;5;249m [0m[38;5;249m [0m[38;5;249m [0m[38;5;249m [0m[38;5;249m [0m[38;5;249m [0m[38;5;249m [0m[38;5;249m [0m[38;5;249m [0m[38;5;249m [0m[38;5;249m [0m[38;5;249m<[0m[38;5;249mh[0m[38;5;249m1[0m[38;5;249m [0m[38;5;249mc[0m[38;5;249ml[0m[38;5;249ma[0m[38;5;249ms[0m[38;5;249ms[0m[38;5;249mN[0m[38;5;249ma[0m[38;5;249mm[0m[38;5;249me[0m[38;5;249m=[0m[38;5;249m"[0m[38;5;249mm[0m[38;5;249mb[0m[38;5;249m-[0m[38;5;249m2[0m[38;5;249m [0m[38;5;249mt[0m[38;5;249me[0m[38;5;249mx[0m[38;5;249mt[0m[38;5;249m-[0m[38;5;249m2[0m[38;5;249mx[0m[38;5;249ml[0m[38;5;249m [0m[38;5;249mf[0m[38;5;249mo[0m[38;5;249mn[0m[38;5;249mt[0m[38;5;249m-[0m[38;5;249mb[0m[38;5;249mo[0m[38;5;249ml[0m[38;5;249md[0m[38;5;249m [0m[38;5;249mt[0m[38;5;249me[0m[38;5;249mx[0m[38;5;249mt[0m[38;5;249m-[0m[38;5;249mg[0m[38;5;249mr[0m[38;5;249ma[0m[38;5;249my[0m[38;5;249m-[0m[38;5;249m9[0m[38;5;249m0[0m[38;5;249m0[0m">Nouveau mot de passe</h1>
 [38;5;240m    │[0m                                                                     ──────────────┬─────────────  
 [38;5;240m    │[0m                                                                                   ╰─────────────── 
[38;5;246m─────╯[0m
[39m
  Plugin: [35mvite:oxc[39m
  File: [36mC:/Users/SONY/Desktop/project-manager/src/pages/ResetPassword.tsx[39m
      at transformWithOxc (file:///C:/Users/SONY/Desktop/project-manager/node_modules/vite/dist/node/chunks/node.js:7208:19)
      at TransformPluginContext.transform (file:///C:/Users/SONY/Desktop/project-manager/node_modules/vite/dist/node/chunks/node.js:7280:26)
      at EnvironmentPluginContainer.transform (file:///C:/Users/SONY/Desktop/project-manager/node_modules/vite/dist/node/chunks/node.js:8172:51)
      at async loadAndTransform (file:///C:/Users/SONY/Desktop/project-manager/node_modules/vite/dist/node/chunks/node.js:19634:26)
      at async viteTransformMiddleware (file:///C:/Users/SONY/Desktop/project-manager/node_modules/vite/dist/node/chunks/node.js:19853:20)
[2m09:59:20[22m [31m[1m[vite][22m[39m [31mInternal server error: Transform failed with 1 error:

[31m[PARSE_ERROR] [0mUnterminated string
    [38;5;246m╭[0m[38;5;246m─[0m[38;5;246m[[0m src/pages/ForgotPassword.tsx:99:69 [38;5;246m][0m
    [38;5;246m│[0m
 [38;5;246m99 │[0m [38;5;249m [0m[38;5;249m [0m[38;5;249m [0m[38;5;249m [0m[38;5;249m [0m[38;5;249m [0m[38;5;249m [0m[38;5;249m [0m[38;5;249m [0m[38;5;249m [0m[38;5;249m [0m[38;5;249m [0m[38;5;249m [0m[38;5;249m [0m[38;5;249m [0m[38;5;249m [0m[38;5;249m<[0m[38;5;249mh[0m[38;5;249m1[0m[38;5;249m [0m[38;5;249mc[0m[38;5;249ml[0m[38;5;249ma[0m[38;5;249ms[0m[38;5;249ms[0m[38;5;249mN[0m[38;5;249ma[0m[38;5;249mm[0m[38;5;249me[0m[38;5;249m=[0m[38;5;249m"[0m[38;5;249mm[0m[38;5;249mb[0m[38;5;249m-[0m[38;5;249m2[0m[38;5;249m [0m[38;5;249mt[0m[38;5;249me[0m[38;5;249mx[0m[38;5;249mt[0m[38;5;249m-[0m[38;5;249m2[0m[38;5;249mx[0m[38;5;249ml[0m[38;5;249m [0m[38;5;249mf[0m[38;5;249mo[0m[38;5;249mn[0m[38;5;249mt[0m[38;5;249m-[0m[38;5;249mb[0m[38;5;249mo[0m[38;5;249ml[0m[38;5;249md[0m[38;5;249m [0m[38;5;249mt[0m[38;5;249me[0m[38;5;249mx[0m[38;5;249mt[0m[38;5;249m-[0m[38;5;249mg[0m[38;5;249mr[0m[38;5;249ma[0m[38;5;249my[0m[38;5;249m-[0m[38;5;249m9[0m[38;5;249m0[0m[38;5;249m0[0m">Mot de passe oublié ?</h1>
 [38;5;240m   │[0m                                                                     ──────────────┬──────────────  
 [38;5;240m   │[0m                                                                                   ╰──────────────── 
[38;5;246m────╯[0m
[39m
  Plugin: [35mvite:oxc[39m
  File: [36mC:/Users/SONY/Desktop/project-manager/src/pages/ForgotPassword.tsx[39m
      at transformWithOxc (file:///C:/Users/SONY/Desktop/project-manager/node_modules/vite/dist/node/chunks/node.js:7208:19)
      at TransformPluginContext.transform (file:///C:/Users/SONY/Desktop/project-manager/node_modules/vite/dist/node/chunks/node.js:7280:26)
      at EnvironmentPluginContainer.transform (file:///C:/Users/SONY/Desktop/project-manager/node_modules/vite/dist/node/chunks/node.js:8172:51)
      at async loadAndTransform (file:///C:/Users/SONY/Desktop/project-manager/node_modules/vite/dist/node/chunks/node.js:19634:26)
      at async viteTransformMiddleware (file:///C:/Users/SONY/Desktop/project-manager/node_modules/vite/dist/node/chunks/node.js:19853:20)
[2m09:59:20[22m [31m[1m[vite][22m[39m [31mInternal server error: Transform failed with 1 error:

[31m[PARSE_ERROR] [0mUnterminated string
    [38;5;246m╭[0m[38;5;246m─[0m[38;5;246m[[0m src/pages/NewProject.tsx:58:62 [38;5;246m][0m
    [38;5;246m│[0m
 [38;5;246m58 │[0m [38;5;249m [0m[38;5;249m [0m[38;5;249m [0m[38;5;249m [0m[38;5;249m [0m[38;5;249m [0m[38;5;249m [0m[38;5;249m [0m[38;5;249m [0m[38;5;249m [0m[38;5;249m [0m[38;5;249m [0m[38;5;249m [0m[38;5;249m [0m[38;5;249m<[0m[38;5;249mh[0m[38;5;249m2[0m[38;5;249m [0m[38;5;249mc[0m[38;5;249ml[0m[38;5;249ma[0m[38;5;249ms[0m[38;5;249ms[0m[38;5;249mN[0m[38;5;249ma[0m[38;5;249mm[0m[38;5;249me[0m[38;5;249m=[0m[38;5;249m"[0m[38;5;249mt[0m[38;5;249me[0m[38;5;249mx[0m[38;5;249mt[0m[38;5;249m-[0m[38;5;249m2[0m[38;5;249mx[0m[38;5;249ml[0m[38;5;249m [0m[38;5;249mf[0m[38;5;249mo[0m[38;5;249mn[0m[38;5;249mt[0m[38;5;249m-[0m[38;5;249mb[0m[38;5;249mo[0m[38;5;249ml[0m[38;5;249md[0m[38;5;249m [0m[38;5;249mt[0m[38;5;249me[0m[38;5;249mx[0m[38;5;249mt[0m[38;5;249m-[0m[38;5;249mg[0m[38;5;249mr[0m[38;5;249ma[0m[38;5;249my[0m[38;5;249m-[0m[38;5;249m9[0m[38;5;249m0[0m[38;5;249m0[0m">Nouveau projet</h2>
 [38;5;240m   │[0m                                                              ───────────┬──────────  
 [38;5;240m   │[0m                                                                         ╰──────────── 
[38;5;246m────╯[0m
[39m
  Plugin: [35mvite:oxc[39m
  File: [36mC:/Users/SONY/Desktop/project-manager/src/pages/NewProject.tsx[39m
      at transformWithOxc (file:///C:/Users/SONY/Desktop/project-manager/node_modules/vite/dist/node/chunks/node.js:7208:19)
      at TransformPluginContext.transform (file:///C:/Users/SONY/Desktop/project-manager/node_modules/vite/dist/node/chunks/node.js:7280:26)
      at EnvironmentPluginContainer.transform (file:///C:/Users/SONY/Desktop/project-manager/node_modules/vite/dist/node/chunks/node.js:8172:51)
      at async loadAndTransform (file:///C:/Users/SONY/Desktop/project-manager/node_modules/vite/dist/node/chunks/node.js:19634:26)
      at async viteTransformMiddleware (file:///C:/Users/SONY/Desktop/project-manager/node_modules/vite/dist/node/chunks/node.js:19853:20)
[2m09:59:20[22m [31m[1m[vite][22m[39m [31mInternal server error: Transform failed with 1 error:

[31m[PARSE_ERROR] [0mUnterminated string
     [38;5;246m╭[0m[38;5;246m─[0m[38;5;246m[[0m src/pages/EditProject.tsx:118:62 [38;5;246m][0m
     [38;5;246m│[0m
 [38;5;246m118 │[0m [38;5;249m [0m[38;5;249m [0m[38;5;249m [0m[38;5;249m [0m[38;5;249m [0m[38;5;249m [0m[38;5;249m [0m[38;5;249m [0m[38;5;249m [0m[38;5;249m [0m[38;5;249m [0m[38;5;249m [0m[38;5;249m [0m[38;5;249m [0m[38;5;249m<[0m[38;5;249mh[0m[38;5;249m2[0m[38;5;249m [0m[38;5;249mc[0m[38;5;249ml[0m[38;5;249ma[0m[38;5;249ms[0m[38;5;249ms[0m[38;5;249mN[0m[38;5;249ma[0m[38;5;249mm[0m[38;5;249me[0m[38;5;249m=[0m[38;5;249m"[0m[38;5;249mt[0m[38;5;249me[0m[38;5;249mx[0m[38;5;249mt[0m[38;5;249m-[0m[38;5;249m2[0m[38;5;249mx[0m[38;5;249ml[0m[38;5;249m [0m[38;5;249mf[0m[38;5;249mo[0m[38;5;249mn[0m[38;5;249mt[0m[38;5;249m-[0m[38;5;249mb[0m[38;5;249mo[0m[38;5;249ml[0m[38;5;249md[0m[38;5;249m [0m[38;5;249mt[0m[38;5;249me[0m[38;5;249mx[0m[38;5;249mt[0m[38;5;249m-[0m[38;5;249mg[0m[38;5;249mr[0m[38;5;249ma[0m[38;5;249my[0m[38;5;249m-[0m[38;5;249m9[0m[38;5;249m0[0m[38;5;249m0[0m">Modifier le projet</h2>
 [38;5;240m    │[0m                                                              ─────────────┬────────────  
 [38;5;240m    │[0m                                                                           ╰────────────── 
[38;5;246m─────╯[0m
[39m
  Plugin: [35mvite:oxc[39m
  File: [36mC:/Users/SONY/Desktop/project-manager/src/pages/EditProject.tsx[39m
      at transformWithOxc (file:///C:/Users/SONY/Desktop/project-manager/node_modules/vite/dist/node/chunks/node.js:7208:19)
      at TransformPluginContext.transform (file:///C:/Users/SONY/Desktop/project-manager/node_modules/vite/dist/node/chunks/node.js:7280:26)
      at EnvironmentPluginContainer.transform (file:///C:/Users/SONY/Desktop/project-manager/node_modules/vite/dist/node/chunks/node.js:8172:51)
      at async loadAndTransform (file:///C:/Users/SONY/Desktop/project-manager/node_modules/vite/dist/node/chunks/node.js:19634:26)
      at async viteTransformMiddleware (file:///C:/Users/SONY/Desktop/project-manager/node_modules/vite/dist/node/chunks/node.js:19853:20)
[2m09:59:20[22m [31m[1m[vite][22m[39m [31mInternal server error: Transform failed with 1 error:

[31m[PARSE_ERROR] [0mUnterminated string
    [38;5;246m╭[0m[38;5;246m─[0m[38;5;246m[[0m src/pages/Settings.tsx:90:67 [38;5;246m][0m
    [38;5;246m│[0m
 [38;5;246m90 │[0m [38;5;249m [0m[38;5;249m [0m[38;5;249m [0m[38;5;249m [0m[38;5;249m [0m[38;5;249m [0m[38;5;249m [0m[38;5;249m [0m[38;5;249m [0m[38;5;249m [0m[38;5;249m [0m[38;5;249m [0m[38;5;249m [0m[38;5;249m [0m[38;5;249m [0m[38;5;249m [0m[38;5;249m<[0m[38;5;249mh[0m[38;5;249m3[0m[38;5;249m [0m[38;5;249mc[0m[38;5;249ml[0m[38;5;249ma[0m[38;5;249ms[0m[38;5;249ms[0m[38;5;249mN[0m[38;5;249ma[0m[38;5;249mm[0m[38;5;249me[0m[38;5;249m=[0m[38;5;249m"[0m[38;5;249mt[0m[38;5;249me[0m[38;5;249mx[0m[38;5;249mt[0m[38;5;249m-[0m[38;5;249ml[0m[38;5;249mg[0m[38;5;249m [0m[38;5;249mf[0m[38;5;249mo[0m[38;5;249mn[0m[38;5;249mt[0m[38;5;249m-[0m[38;5;249ms[0m[38;5;249me[0m[38;5;249mm[0m[38;5;249mi[0m[38;5;249mb[0m[38;5;249mo[0m[38;5;249ml[0m[38;5;249md[0m[38;5;249m [0m[38;5;249mt[0m[38;5;249me[0m[38;5;249mx[0m[38;5;249mt[0m[38;5;249m-[0m[38;5;249mg[0m[38;5;249mr[0m[38;5;249ma[0m[38;5;249my[0m[38;5;249m-[0m[38;5;249m9[0m[38;5;249m0[0m[38;5;249m0[0m">Mon compte</h3>
 [38;5;240m   │[0m                                                                   ─────────┬────────  
 [38;5;240m   │[0m                                                                            ╰────────── 
[38;5;246m────╯[0m
[39m
  Plugin: [35mvite:oxc[39m
  File: [36mC:/Users/SONY/Desktop/project-manager/src/pages/Settings.tsx[39m
      at transformWithOxc (file:///C:/Users/SONY/Desktop/project-manager/node_modules/vite/dist/node/chunks/node.js:7208:19)
      at TransformPluginContext.transform (file:///C:/Users/SONY/Desktop/project-manager/node_modules/vite/dist/node/chunks/node.js:7280:26)
      at EnvironmentPluginContainer.transform (file:///C:/Users/SONY/Desktop/project-manager/node_modules/vite/dist/node/chunks/node.js:8172:51)
      at async loadAndTransform (file:///C:/Users/SONY/Desktop/project-manager/node_modules/vite/dist/node/chunks/node.js:19634:26)
      at async viteTransformMiddleware (file:///C:/Users/SONY/Desktop/project-manager/node_modules/vite/dist/node/chunks/node.js:19853:20)
[2m09:59:52[22m [31m[1m[vite][22m[39m [31m[2m(client)[22m[39m Pre-transform error: Transform failed with 1 error:

[31m[PARSE_ERROR] [0mUnexpected token
     [38;5;246m╭[0m[38;5;246m─[0m[38;5;246m[[0m src/pages/Login.tsx:149:85 [38;5;246m][0m
     [38;5;246m│[0m
 [38;5;246m149 │[0m [38;5;249m [0m[38;5;249m [0m[38;5;249m [0m[38;5;249m [0m[38;5;249m [0m[38;5;249m [0m[38;5;249m [0m[38;5;249m [0m[38;5;249m [0m[38;5;249m [0m[38;5;249m [0m[38;5;249m [0m[38;5;249m [0m[38;5;249m [0m[38;5;249m<[0m[38;5;249ms[0m[38;5;249mp[0m[38;5;249ma[0m[38;5;249mn[0m[38;5;249m [0m[38;5;249mc[0m[38;5;249ml[0m[38;5;249ma[0m[38;5;249ms[0m[38;5;249ms[0m[38;5;249mN[0m[38;5;249ma[0m[38;5;249mm[0m[38;5;249me[0m[38;5;249m=[0m[38;5;249m"[0m[38;5;249mt[0m[38;5;249me[0m[38;5;249mx[0m[38;5;249mt[0m[38;5;249m-[0m[38;5;249ms[0m[38;5;249mm[0m[38;5;249m [0m[38;5;249mf[0m[38;5;249mo[0m[38;5;249mn[0m[38;5;249mt[0m[38;5;249m-[0m[38;5;249ms[0m[38;5;249me[0m[38;5;249mm[0m[38;5;249mi[0m[38;5;249mb[0m[38;5;249mo[0m[38;5;249ml[0m[38;5;249md[0m[38;5;249m [0m[38;5;249mu[0m[38;5;249mp[0m[38;5;249mp[0m[38;5;249me[0m[38;5;249mr[0m[38;5;249mc[0m[38;5;249ma[0m[38;5;249ms[0m[38;5;249me[0m[38;5;249m [0m[38;5;249mt[0m[38;5;249mr[0m[38;5;249ma[0m[38;5;249mc[0m[38;5;249mk[0m[38;5;249mi[0m[38;5;249mn[0m[38;5;249mg[0m[38;5;249m-[0m[38;5;249mw[0m[38;5;249mi[0m[38;5;249md[0m[38;5;249me[0m[38;5;249ms[0m[38;5;249mt[0m[38;5;249m [0m[38;5;249mt[0m[38;5;249me[0m[38;5;249mx[0m[38;5;249mt[0m[38;5;249m-[0m[[38;5;249m#[0m[38;5;249m5[0m[38;5;249m4[0m[38;5;249m2[0m[38;5;249ma[0m[38;5;249m5[0m[38;5;249m2[0m[38;5;249m][0m[38;5;249m/[0m[38;5;249m7[0m[38;5;249m0[0m[38;5;249m"[0m[38;5;249m>[0m[38;5;249mP[0m[38;5;249mr[0m[38;5;249mo[0m[38;5;249mj[0m[38;5;249me[0m[38;5;249mc[0m[38;5;249mt[0m[38;5;249m [0m[38;5;249mM[0m[38;5;249ma[0m[38;5;249mn[0m[38;5;249ma[0m[38;5;249mg[0m[38;5;249me[0m[38;5;249mr[0m[38;5;249m<[0m[38;5;249m/[0m[38;5;249ms[0m[38;5;249mp[0m[38;5;249ma[0m[38;5;249mn[0m[38;5;249m>[0m
 [38;5;240m    │[0m                                                                                     ┬  
 [38;5;240m    │[0m                                                                                     ╰── 
[38;5;246m─────╯[0m

  Plugin: [35mvite:oxc[39m
  File: [36mC:/Users/SONY/Desktop/project-manager/src/pages/Login.tsx[39m
[2m09:59:52[22m [31m[1m[vite][22m[39m [31m[2m(client)[22m[39m Pre-transform error: Transform failed with 1 error:

[31m[PARSE_ERROR] [0mUnterminated string
    [38;5;246m╭[0m[38;5;246m─[0m[38;5;246m[[0m src/pages/NewProject.tsx:58:62 [38;5;246m][0m
    [38;5;246m│[0m
 [38;5;246m58 │[0m [38;5;249m [0m[38;5;249m [0m[38;5;249m [0m[38;5;249m [0m[38;5;249m [0m[38;5;249m [0m[38;5;249m [0m[38;5;249m [0m[38;5;249m [0m[38;5;249m [0m[38;5;249m [0m[38;5;249m [0m[38;5;249m [0m[38;5;249m [0m[38;5;249m<[0m[38;5;249mh[0m[38;5;249m2[0m[38;5;249m [0m[38;5;249mc[0m[38;5;249ml[0m[38;5;249ma[0m[38;5;249ms[0m[38;5;249ms[0m[38;5;249mN[0m[38;5;249ma[0m[38;5;249mm[0m[38;5;249me[0m[38;5;249m=[0m[38;5;249m"[0m[38;5;249mt[0m[38;5;249me[0m[38;5;249mx[0m[38;5;249mt[0m[38;5;249m-[0m[38;5;249m2[0m[38;5;249mx[0m[38;5;249ml[0m[38;5;249m [0m[38;5;249mf[0m[38;5;249mo[0m[38;5;249mn[0m[38;5;249mt[0m[38;5;249m-[0m[38;5;249mb[0m[38;5;249mo[0m[38;5;249ml[0m[38;5;249md[0m[38;5;249m [0m[38;5;249mt[0m[38;5;249me[0m[38;5;249mx[0m[38;5;249mt[0m[38;5;249m-[0m[38;5;249mg[0m[38;5;249mr[0m[38;5;249ma[0m[38;5;249my[0m[38;5;249m-[0m[38;5;249m9[0m[38;5;249m0[0m[38;5;249m0[0m">Nouveau projet</h2>
 [38;5;240m   │[0m                                                              ───────────┬──────────  
 [38;5;240m   │[0m                                                                         ╰──────────── 
[38;5;246m────╯[0m

  Plugin: [35mvite:oxc[39m
  File: [36mC:/Users/SONY/Desktop/project-manager/src/pages/NewProject.tsx[39m
[2m09:59:52[22m [31m[1m[vite][22m[39m [31m[2m(client)[22m[39m Pre-transform error: Transform failed with 1 error:

[31m[PARSE_ERROR] [0mUnterminated string
    [38;5;246m╭[0m[38;5;246m─[0m[38;5;246m[[0m src/pages/ForgotPassword.tsx:99:69 [38;5;246m][0m
    [38;5;246m│[0m
 [38;5;246m99 │[0m [38;5;249m [0m[38;5;249m [0m[38;5;249m [0m[38;5;249m [0m[38;5;249m [0m[38;5;249m [0m[38;5;249m [0m[38;5;249m [0m[38;5;249m [0m[38;5;249m [0m[38;5;249m [0m[38;5;249m [0m[38;5;249m [0m[38;5;249m [0m[38;5;249m [0m[38;5;249m [0m[38;5;249m<[0m[38;5;249mh[0m[38;5;249m1[0m[38;5;249m [0m[38;5;249mc[0m[38;5;249ml[0m[38;5;249ma[0m[38;5;249ms[0m[38;5;249ms[0m[38;5;249mN[0m[38;5;249ma[0m[38;5;249mm[0m[38;5;249me[0m[38;5;249m=[0m[38;5;249m"[0m[38;5;249mm[0m[38;5;249mb[0m[38;5;249m-[0m[38;5;249m2[0m[38;5;249m [0m[38;5;249mt[0m[38;5;249me[0m[38;5;249mx[0m[38;5;249mt[0m[38;5;249m-[0m[38;5;249m2[0m[38;5;249mx[0m[38;5;249ml[0m[38;5;249m [0m[38;5;249mf[0m[38;5;249mo[0m[38;5;249mn[0m[38;5;249mt[0m[38;5;249m-[0m[38;5;249mb[0m[38;5;249mo[0m[38;5;249ml[0m[38;5;249md[0m[38;5;249m [0m[38;5;249mt[0m[38;5;249me[0m[38;5;249mx[0m[38;5;249mt[0m[38;5;249m-[0m[38;5;249mg[0m[38;5;249mr[0m[38;5;249ma[0m[38;5;249my[0m[38;5;249m-[0m[38;5;249m9[0m[38;5;249m0[0m[38;5;249m0[0m">Mot de passe oublié ?</h1>
 [38;5;240m   │[0m                                                                     ──────────────┬──────────────  
 [38;5;240m   │[0m                                                                                   ╰──────────────── 
[38;5;246m────╯[0m

  Plugin: [35mvite:oxc[39m
  File: [36mC:/Users/SONY/Desktop/project-manager/src/pages/ForgotPassword.tsx[39m
[2m09:59:52[22m [31m[1m[vite][22m[39m [31m[2m(client)[22m[39m Pre-transform error: Transform failed with 1 error:

[31m[PARSE_ERROR] [0mUnterminated string
    [38;5;246m╭[0m[38;5;246m─[0m[38;5;246m[[0m src/pages/Settings.tsx:90:67 [38;5;246m][0m
    [38;5;246m│[0m
 [38;5;246m90 │[0m [38;5;249m [0m[38;5;249m [0m[38;5;249m [0m[38;5;249m [0m[38;5;249m [0m[38;5;249m [0m[38;5;249m [0m[38;5;249m [0m[38;5;249m [0m[38;5;249m [0m[38;5;249m [0m[38;5;249m [0m[38;5;249m [0m[38;5;249m [0m[38;5;249m [0m[38;5;249m [0m[38;5;249m<[0m[38;5;249mh[0m[38;5;249m3[0m[38;5;249m [0m[38;5;249mc[0m[38;5;249ml[0m[38;5;249ma[0m[38;5;249ms[0m[38;5;249ms[0m[38;5;249mN[0m[38;5;249ma[0m[38;5;249mm[0m[38;5;249me[0m[38;5;249m=[0m[38;5;249m"[0m[38;5;249mt[0m[38;5;249me[0m[38;5;249mx[0m[38;5;249mt[0m[38;5;249m-[0m[38;5;249ml[0m[38;5;249mg[0m[38;5;249m [0m[38;5;249mf[0m[38;5;249mo[0m[38;5;249mn[0m[38;5;249mt[0m[38;5;249m-[0m[38;5;249ms[0m[38;5;249me[0m[38;5;249mm[0m[38;5;249mi[0m[38;5;249mb[0m[38;5;249mo[0m[38;5;249ml[0m[38;5;249md[0m[38;5;249m [0m[38;5;249mt[0m[38;5;249me[0m[38;5;249mx[0m[38;5;249mt[0m[38;5;249m-[0m[38;5;249mg[0m[38;5;249mr[0m[38;5;249ma[0m[38;5;249my[0m[38;5;249m-[0m[38;5;249m9[0m[38;5;249m0[0m[38;5;249m0[0m">Mon compte</h3>
 [38;5;240m   │[0m                                                                   ─────────┬────────  
 [38;5;240m   │[0m                                                                            ╰────────── 
[38;5;246m────╯[0m

  Plugin: [35mvite:oxc[39m
  File: [36mC:/Users/SONY/Desktop/project-manager/src/pages/Settings.tsx[39m
[2m09:59:52[22m [31m[1m[vite][22m[39m [31m[2m(client)[22m[39m Pre-transform error: Transform failed with 1 error:

[31m[PARSE_ERROR] [0mUnterminated string
     [38;5;246m╭[0m[38;5;246m─[0m[38;5;246m[[0m src/pages/EditProject.tsx:118:62 [38;5;246m][0m
     [38;5;246m│[0m
 [38;5;246m118 │[0m [38;5;249m [0m[38;5;249m [0m[38;5;249m [0m[38;5;249m [0m[38;5;249m [0m[38;5;249m [0m[38;5;249m [0m[38;5;249m [0m[38;5;249m [0m[38;5;249m [0m[38;5;249m [0m[38;5;249m [0m[38;5;249m [0m[38;5;249m [0m[38;5;249m<[0m[38;5;249mh[0m[38;5;249m2[0m[38;5;249m [0m[38;5;249mc[0m[38;5;249ml[0m[38;5;249ma[0m[38;5;249ms[0m[38;5;249ms[0m[38;5;249mN[0m[38;5;249ma[0m[38;5;249mm[0m[38;5;249me[0m[38;5;249m=[0m[38;5;249m"[0m[38;5;249mt[0m[38;5;249me[0m[38;5;249mx[0m[38;5;249mt[0m[38;5;249m-[0m[38;5;249m2[0m[38;5;249mx[0m[38;5;249ml[0m[38;5;249m [0m[38;5;249mf[0m[38;5;249mo[0m[38;5;249mn[0m[38;5;249mt[0m[38;5;249m-[0m[38;5;249mb[0m[38;5;249mo[0m[38;5;249ml[0m[38;5;249md[0m[38;5;249m [0m[38;5;249mt[0m[38;5;249me[0m[38;5;249mx[0m[38;5;249mt[0m[38;5;249m-[0m[38;5;249mg[0m[38;5;249mr[0m[38;5;249ma[0m[38;5;249my[0m[38;5;249m-[0m[38;5;249m9[0m[38;5;249m0[0m[38;5;249m0[0m">Modifier le projet</h2>
 [38;5;240m    │[0m                                                              ─────────────┬────────────  
 [38;5;240m    │[0m                                                                           ╰────────────── 
[38;5;246m─────╯[0m

  Plugin: [35mvite:oxc[39m
  File: [36mC:/Users/SONY/Desktop/project-manager/src/pages/EditProject.tsx[39m
[2m09:59:52[22m [31m[1m[vite][22m[39m [31mInternal server error: Transform failed with 1 error:

[31m[PARSE_ERROR] [0mUnterminated string
    [38;5;246m╭[0m[38;5;246m─[0m[38;5;246m[[0m src/components/Header.tsx:19:43 [38;5;246m][0m
    [38;5;246m│[0m
 [38;5;246m19 │[0m [38;5;249m [0m[38;5;249m [0m[38;5;249m [0m[38;5;249m [0m[38;5;249m [0m[38;5;249m [0m[38;5;249m [0m[38;5;249m [0m[38;5;249m [0m[38;5;249m [0m[38;5;249m<[0m[38;5;249mh[0m[38;5;249m1[0m[38;5;249m [0m[38;5;249mc[0m[38;5;249ml[0m[38;5;249ma[0m[38;5;249ms[0m[38;5;249ms[0m[38;5;249mN[0m[38;5;249ma[0m[38;5;249mm[0m[38;5;249me[0m[38;5;249m=[0m[38;5;249m"[0m[38;5;249mt[0m[38;5;249me[0m[38;5;249mx[0m[38;5;249mt[0m[38;5;249m-[0m[38;5;249mx[0m[38;5;249ml[0m[38;5;249m [0m[38;5;249mf[0m[38;5;249mo[0m[38;5;249mn[0m[38;5;249mt[0m[38;5;249m-[0m[38;5;249mb[0m[38;5;249mo[0m[38;5;249ml[0m[38;5;249md[0m">
 [38;5;240m   │[0m                                           ─┬─  
 [38;5;240m   │[0m                                            ╰─── 
[38;5;246m────╯[0m
[39m
  Plugin: [35mvite:oxc[39m
  File: [36mC:/Users/SONY/Desktop/project-manager/src/components/Header.tsx[39m
      at transformWithOxc (file:///C:/Users/SONY/Desktop/project-manager/node_modules/vite/dist/node/chunks/node.js:7208:19)
      at TransformPluginContext.transform (file:///C:/Users/SONY/Desktop/project-manager/node_modules/vite/dist/node/chunks/node.js:7280:26)
      at EnvironmentPluginContainer.transform (file:///C:/Users/SONY/Desktop/project-manager/node_modules/vite/dist/node/chunks/node.js:8172:51)
      at async loadAndTransform (file:///C:/Users/SONY/Desktop/project-manager/node_modules/vite/dist/node/chunks/node.js:19634:26)
[2m09:59:52[22m [31m[1m[vite][22m[39m [31m[2m(client)[22m[39m Pre-transform error: Transform failed with 1 error:

[31m[PARSE_ERROR] [0mUnterminated string
    [38;5;246m╭[0m[38;5;246m─[0m[38;5;246m[[0m src/components/Header.tsx:19:43 [38;5;246m][0m
    [38;5;246m│[0m
 [38;5;246m19 │[0m [38;5;249m [0m[38;5;249m [0m[38;5;249m [0m[38;5;249m [0m[38;5;249m [0m[38;5;249m [0m[38;5;249m [0m[38;5;249m [0m[38;5;249m [0m[38;5;249m [0m[38;5;249m<[0m[38;5;249mh[0m[38;5;249m1[0m[38;5;249m [0m[38;5;249mc[0m[38;5;249ml[0m[38;5;249ma[0m[38;5;249ms[0m[38;5;249ms[0m[38;5;249mN[0m[38;5;249ma[0m[38;5;249mm[0m[38;5;249me[0m[38;5;249m=[0m[38;5;249m"[0m[38;5;249mt[0m[38;5;249me[0m[38;5;249mx[0m[38;5;249mt[0m[38;5;249m-[0m[38;5;249mx[0m[38;5;249ml[0m[38;5;249m [0m[38;5;249mf[0m[38;5;249mo[0m[38;5;249mn[0m[38;5;249mt[0m[38;5;249m-[0m[38;5;249mb[0m[38;5;249mo[0m[38;5;249ml[0m[38;5;249md[0m">
 [38;5;240m   │[0m                                           ─┬─  
 [38;5;240m   │[0m                                            ╰─── 
[38;5;246m────╯[0m

  Plugin: [35mvite:oxc[39m
  File: [36mC:/Users/SONY/Desktop/project-manager/src/components/Header.tsx[39m
[2m09:59:52[22m [31m[1m[vite][22m[39m [31m[2m(client)[22m[39m Pre-transform error: Transform failed with 1 error:

[31m[PARSE_ERROR] [0mUnterminated string
     [38;5;246m╭[0m[38;5;246m─[0m[38;5;246m[[0m src/pages/ResetPassword.tsx:118:69 [38;5;246m][0m
     [38;5;246m│[0m
 [38;5;246m118 │[0m [38;5;249m [0m[38;5;249m [0m[38;5;249m [0m[38;5;249m [0m[38;5;249m [0m[38;5;249m [0m[38;5;249m [0m[38;5;249m [0m[38;5;249m [0m[38;5;249m [0m[38;5;249m [0m[38;5;249m [0m[38;5;249m [0m[38;5;249m [0m[38;5;249m [0m[38;5;249m [0m[38;5;249m<[0m[38;5;249mh[0m[38;5;249m1[0m[38;5;249m [0m[38;5;249mc[0m[38;5;249ml[0m[38;5;249ma[0m[38;5;249ms[0m[38;5;249ms[0m[38;5;249mN[0m[38;5;249ma[0m[38;5;249mm[0m[38;5;249me[0m[38;5;249m=[0m[38;5;249m"[0m[38;5;249mm[0m[38;5;249mb[0m[38;5;249m-[0m[38;5;249m2[0m[38;5;249m [0m[38;5;249mt[0m[38;5;249me[0m[38;5;249mx[0m[38;5;249mt[0m[38;5;249m-[0m[38;5;249m2[0m[38;5;249mx[0m[38;5;249ml[0m[38;5;249m [0m[38;5;249mf[0m[38;5;249mo[0m[38;5;249mn[0m[38;5;249mt[0m[38;5;249m-[0m[38;5;249mb[0m[38;5;249mo[0m[38;5;249ml[0m[38;5;249md[0m[38;5;249m [0m[38;5;249mt[0m[38;5;249me[0m[38;5;249mx[0m[38;5;249mt[0m[38;5;249m-[0m[38;5;249mg[0m[38;5;249mr[0m[38;5;249ma[0m[38;5;249my[0m[38;5;249m-[0m[38;5;249m9[0m[38;5;249m0[0m[38;5;249m0[0m">Nouveau mot de passe</h1>
 [38;5;240m    │[0m                                                                     ──────────────┬─────────────  
 [38;5;240m    │[0m                                                                                   ╰─────────────── 
[38;5;246m─────╯[0m

  Plugin: [35mvite:oxc[39m
  File: [36mC:/Users/SONY/Desktop/project-manager/src/pages/ResetPassword.tsx[39m
[2m09:59:52[22m [31m[1m[vite][22m[39m [31mInternal server error: Transform failed with 1 error:

[31m[PARSE_ERROR] [0mUnexpected token
     [38;5;246m╭[0m[38;5;246m─[0m[38;5;246m[[0m src/pages/Login.tsx:149:85 [38;5;246m][0m
     [38;5;246m│[0m
 [38;5;246m149 │[0m [38;5;249m [0m[38;5;249m [0m[38;5;249m [0m[38;5;249m [0m[38;5;249m [0m[38;5;249m [0m[38;5;249m [0m[38;5;249m [0m[38;5;249m [0m[38;5;249m [0m[38;5;249m [0m[38;5;249m [0m[38;5;249m [0m[38;5;249m [0m[38;5;249m<[0m[38;5;249ms[0m[38;5;249mp[0m[38;5;249ma[0m[38;5;249mn[0m[38;5;249m [0m[38;5;249mc[0m[38;5;249ml[0m[38;5;249ma[0m[38;5;249ms[0m[38;5;249ms[0m[38;5;249mN[0m[38;5;249ma[0m[38;5;249mm[0m[38;5;249me[0m[38;5;249m=[0m[38;5;249m"[0m[38;5;249mt[0m[38;5;249me[0m[38;5;249mx[0m[38;5;249mt[0m[38;5;249m-[0m[38;5;249ms[0m[38;5;249mm[0m[38;5;249m [0m[38;5;249mf[0m[38;5;249mo[0m[38;5;249mn[0m[38;5;249mt[0m[38;5;249m-[0m[38;5;249ms[0m[38;5;249me[0m[38;5;249mm[0m[38;5;249mi[0m[38;5;249mb[0m[38;5;249mo[0m[38;5;249ml[0m[38;5;249md[0m[38;5;249m [0m[38;5;249mu[0m[38;5;249mp[0m[38;5;249mp[0m[38;5;249me[0m[38;5;249mr[0m[38;5;249mc[0m[38;5;249ma[0m[38;5;249ms[0m[38;5;249me[0m[38;5;249m [0m[38;5;249mt[0m[38;5;249mr[0m[38;5;249ma[0m[38;5;249mc[0m[38;5;249mk[0m[38;5;249mi[0m[38;5;249mn[0m[38;5;249mg[0m[38;5;249m-[0m[38;5;249mw[0m[38;5;249mi[0m[38;5;249md[0m[38;5;249me[0m[38;5;249ms[0m[38;5;249mt[0m[38;5;249m [0m[38;5;249mt[0m[38;5;249me[0m[38;5;249mx[0m[38;5;249mt[0m[38;5;249m-[0m[[38;5;249m#[0m[38;5;249m5[0m[38;5;249m4[0m[38;5;249m2[0m[38;5;249ma[0m[38;5;249m5[0m[38;5;249m2[0m[38;5;249m][0m[38;5;249m/[0m[38;5;249m7[0m[38;5;249m0[0m[38;5;249m"[0m[38;5;249m>[0m[38;5;249mP[0m[38;5;249mr[0m[38;5;249mo[0m[38;5;249mj[0m[38;5;249me[0m[38;5;249mc[0m[38;5;249mt[0m[38;5;249m [0m[38;5;249mM[0m[38;5;249ma[0m[38;5;249mn[0m[38;5;249ma[0m[38;5;249mg[0m[38;5;249me[0m[38;5;249mr[0m[38;5;249m<[0m[38;5;249m/[0m[38;5;249ms[0m[38;5;249mp[0m[38;5;249ma[0m[38;5;249mn[0m[38;5;249m>[0m
 [38;5;240m    │[0m                                                                                     ┬  
 [38;5;240m    │[0m                                                                                     ╰── 
[38;5;246m─────╯[0m
[39m
  Plugin: [35mvite:oxc[39m
  File: [36mC:/Users/SONY/Desktop/project-manager/src/pages/Login.tsx[39m
      at transformWithOxc (file:///C:/Users/SONY/Desktop/project-manager/node_modules/vite/dist/node/chunks/node.js:7208:19)
      at TransformPluginContext.transform (file:///C:/Users/SONY/Desktop/project-manager/node_modules/vite/dist/node/chunks/node.js:7280:26)
      at EnvironmentPluginContainer.transform (file:///C:/Users/SONY/Desktop/project-manager/node_modules/vite/dist/node/chunks/node.js:8172:51)
      at async loadAndTransform (file:///C:/Users/SONY/Desktop/project-manager/node_modules/vite/dist/node/chunks/node.js:19634:26)
      at async viteTransformMiddleware (file:///C:/Users/SONY/Desktop/project-manager/node_modules/vite/dist/node/chunks/node.js:19853:20)
[2m09:59:52[22m [31m[1m[vite][22m[39m [31mInternal server error: Transform failed with 1 error:

[31m[PARSE_ERROR] [0mUnterminated string
    [38;5;246m╭[0m[38;5;246m─[0m[38;5;246m[[0m src/pages/ForgotPassword.tsx:99:69 [38;5;246m][0m
    [38;5;246m│[0m
 [38;5;246m99 │[0m [38;5;249m [0m[38;5;249m [0m[38;5;249m [0m[38;5;249m [0m[38;5;249m [0m[38;5;249m [0m[38;5;249m [0m[38;5;249m [0m[38;5;249m [0m[38;5;249m [0m[38;5;249m [0m[38;5;249m [0m[38;5;249m [0m[38;5;249m [0m[38;5;249m [0m[38;5;249m [0m[38;5;249m<[0m[38;5;249mh[0m[38;5;249m1[0m[38;5;249m [0m[38;5;249mc[0m[38;5;249ml[0m[38;5;249ma[0m[38;5;249ms[0m[38;5;249ms[0m[38;5;249mN[0m[38;5;249ma[0m[38;5;249mm[0m[38;5;249me[0m[38;5;249m=[0m[38;5;249m"[0m[38;5;249mm[0m[38;5;249mb[0m[38;5;249m-[0m[38;5;249m2[0m[38;5;249m [0m[38;5;249mt[0m[38;5;249me[0m[38;5;249mx[0m[38;5;249mt[0m[38;5;249m-[0m[38;5;249m2[0m[38;5;249mx[0m[38;5;249ml[0m[38;5;249m [0m[38;5;249mf[0m[38;5;249mo[0m[38;5;249mn[0m[38;5;249mt[0m[38;5;249m-[0m[38;5;249mb[0m[38;5;249mo[0m[38;5;249ml[0m[38;5;249md[0m[38;5;249m [0m[38;5;249mt[0m[38;5;249me[0m[38;5;249mx[0m[38;5;249mt[0m[38;5;249m-[0m[38;5;249mg[0m[38;5;249mr[0m[38;5;249ma[0m[38;5;249my[0m[38;5;249m-[0m[38;5;249m9[0m[38;5;249m0[0m[38;5;249m0[0m">Mot de passe oublié ?</h1>
 [38;5;240m   │[0m                                                                     ──────────────┬──────────────  
 [38;5;240m   │[0m                                                                                   ╰──────────────── 
[38;5;246m────╯[0m
[39m
  Plugin: [35mvite:oxc[39m
  File: [36mC:/Users/SONY/Desktop/project-manager/src/pages/ForgotPassword.tsx[39m
      at transformWithOxc (file:///C:/Users/SONY/Desktop/project-manager/node_modules/vite/dist/node/chunks/node.js:7208:19)
      at TransformPluginContext.transform (file:///C:/Users/SONY/Desktop/project-manager/node_modules/vite/dist/node/chunks/node.js:7280:26)
      at EnvironmentPluginContainer.transform (file:///C:/Users/SONY/Desktop/project-manager/node_modules/vite/dist/node/chunks/node.js:8172:51)
      at async loadAndTransform (file:///C:/Users/SONY/Desktop/project-manager/node_modules/vite/dist/node/chunks/node.js:19634:26)
      at async viteTransformMiddleware (file:///C:/Users/SONY/Desktop/project-manager/node_modules/vite/dist/node/chunks/node.js:19853:20)
[2m09:59:52[22m [31m[1m[vite][22m[39m [31mInternal server error: Transform failed with 1 error:

[31m[PARSE_ERROR] [0mUnterminated string
     [38;5;246m╭[0m[38;5;246m─[0m[38;5;246m[[0m src/pages/ResetPassword.tsx:118:69 [38;5;246m][0m
     [38;5;246m│[0m
 [38;5;246m118 │[0m [38;5;249m [0m[38;5;249m [0m[38;5;249m [0m[38;5;249m [0m[38;5;249m [0m[38;5;249m [0m[38;5;249m [0m[38;5;249m [0m[38;5;249m [0m[38;5;249m [0m[38;5;249m [0m[38;5;249m [0m[38;5;249m [0m[38;5;249m [0m[38;5;249m [0m[38;5;249m [0m[38;5;249m<[0m[38;5;249mh[0m[38;5;249m1[0m[38;5;249m [0m[38;5;249mc[0m[38;5;249ml[0m[38;5;249ma[0m[38;5;249ms[0m[38;5;249ms[0m[38;5;249mN[0m[38;5;249ma[0m[38;5;249mm[0m[38;5;249me[0m[38;5;249m=[0m[38;5;249m"[0m[38;5;249mm[0m[38;5;249mb[0m[38;5;249m-[0m[38;5;249m2[0m[38;5;249m [0m[38;5;249mt[0m[38;5;249me[0m[38;5;249mx[0m[38;5;249mt[0m[38;5;249m-[0m[38;5;249m2[0m[38;5;249mx[0m[38;5;249ml[0m[38;5;249m [0m[38;5;249mf[0m[38;5;249mo[0m[38;5;249mn[0m[38;5;249mt[0m[38;5;249m-[0m[38;5;249mb[0m[38;5;249mo[0m[38;5;249ml[0m[38;5;249md[0m[38;5;249m [0m[38;5;249mt[0m[38;5;249me[0m[38;5;249mx[0m[38;5;249mt[0m[38;5;249m-[0m[38;5;249mg[0m[38;5;249mr[0m[38;5;249ma[0m[38;5;249my[0m[38;5;249m-[0m[38;5;249m9[0m[38;5;249m0[0m[38;5;249m0[0m">Nouveau mot de passe</h1>
 [38;5;240m    │[0m                                                                     ──────────────┬─────────────  
 [38;5;240m    │[0m                                                                                   ╰─────────────── 
[38;5;246m─────╯[0m
[39m
  Plugin: [35mvite:oxc[39m
  File: [36mC:/Users/SONY/Desktop/project-manager/src/pages/ResetPassword.tsx[39m
      at transformWithOxc (file:///C:/Users/SONY/Desktop/project-manager/node_modules/vite/dist/node/chunks/node.js:7208:19)
      at TransformPluginContext.transform (file:///C:/Users/SONY/Desktop/project-manager/node_modules/vite/dist/node/chunks/node.js:7280:26)
      at EnvironmentPluginContainer.transform (file:///C:/Users/SONY/Desktop/project-manager/node_modules/vite/dist/node/chunks/node.js:8172:51)
      at async loadAndTransform (file:///C:/Users/SONY/Desktop/project-manager/node_modules/vite/dist/node/chunks/node.js:19634:26)
      at async viteTransformMiddleware (file:///C:/Users/SONY/Desktop/project-manager/node_modules/vite/dist/node/chunks/node.js:19853:20)
[2m09:59:52[22m [31m[1m[vite][22m[39m [31mInternal server error: Transform failed with 1 error:

[31m[PARSE_ERROR] [0mUnterminated string
     [38;5;246m╭[0m[38;5;246m─[0m[38;5;246m[[0m src/pages/EditProject.tsx:118:62 [38;5;246m][0m
     [38;5;246m│[0m
 [38;5;246m118 │[0m [38;5;249m [0m[38;5;249m [0m[38;5;249m [0m[38;5;249m [0m[38;5;249m [0m[38;5;249m [0m[38;5;249m [0m[38;5;249m [0m[38;5;249m [0m[38;5;249m [0m[38;5;249m [0m[38;5;249m [0m[38;5;249m [0m[38;5;249m [0m[38;5;249m<[0m[38;5;249mh[0m[38;5;249m2[0m[38;5;249m [0m[38;5;249mc[0m[38;5;249ml[0m[38;5;249ma[0m[38;5;249ms[0m[38;5;249ms[0m[38;5;249mN[0m[38;5;249ma[0m[38;5;249mm[0m[38;5;249me[0m[38;5;249m=[0m[38;5;249m"[0m[38;5;249mt[0m[38;5;249me[0m[38;5;249mx[0m[38;5;249mt[0m[38;5;249m-[0m[38;5;249m2[0m[38;5;249mx[0m[38;5;249ml[0m[38;5;249m [0m[38;5;249mf[0m[38;5;249mo[0m[38;5;249mn[0m[38;5;249mt[0m[38;5;249m-[0m[38;5;249mb[0m[38;5;249mo[0m[38;5;249ml[0m[38;5;249md[0m[38;5;249m [0m[38;5;249mt[0m[38;5;249me[0m[38;5;249mx[0m[38;5;249mt[0m[38;5;249m-[0m[38;5;249mg[0m[38;5;249mr[0m[38;5;249ma[0m[38;5;249my[0m[38;5;249m-[0m[38;5;249m9[0m[38;5;249m0[0m[38;5;249m0[0m">Modifier le projet</h2>
 [38;5;240m    │[0m                                                              ─────────────┬────────────  
 [38;5;240m    │[0m                                                                           ╰────────────── 
[38;5;246m─────╯[0m
[39m
  Plugin: [35mvite:oxc[39m
  File: [36mC:/Users/SONY/Desktop/project-manager/src/pages/EditProject.tsx[39m
      at transformWithOxc (file:///C:/Users/SONY/Desktop/project-manager/node_modules/vite/dist/node/chunks/node.js:7208:19)
      at TransformPluginContext.transform (file:///C:/Users/SONY/Desktop/project-manager/node_modules/vite/dist/node/chunks/node.js:7280:26)
      at EnvironmentPluginContainer.transform (file:///C:/Users/SONY/Desktop/project-manager/node_modules/vite/dist/node/chunks/node.js:8172:51)
      at async loadAndTransform (file:///C:/Users/SONY/Desktop/project-manager/node_modules/vite/dist/node/chunks/node.js:19634:26)
      at async viteTransformMiddleware (file:///C:/Users/SONY/Desktop/project-manager/node_modules/vite/dist/node/chunks/node.js:19853:20)
[2m09:59:52[22m [31m[1m[vite][22m[39m [31mInternal server error: Transform failed with 1 error:

[31m[PARSE_ERROR] [0mUnterminated string
    [38;5;246m╭[0m[38;5;246m─[0m[38;5;246m[[0m src/pages/NewProject.tsx:58:62 [38;5;246m][0m
    [38;5;246m│[0m
 [38;5;246m58 │[0m [38;5;249m [0m[38;5;249m [0m[38;5;249m [0m[38;5;249m [0m[38;5;249m [0m[38;5;249m [0m[38;5;249m [0m[38;5;249m [0m[38;5;249m [0m[38;5;249m [0m[38;5;249m [0m[38;5;249m [0m[38;5;249m [0m[38;5;249m [0m[38;5;249m<[0m[38;5;249mh[0m[38;5;249m2[0m[38;5;249m [0m[38;5;249mc[0m[38;5;249ml[0m[38;5;249ma[0m[38;5;249ms[0m[38;5;249ms[0m[38;5;249mN[0m[38;5;249ma[0m[38;5;249mm[0m[38;5;249me[0m[38;5;249m=[0m[38;5;249m"[0m[38;5;249mt[0m[38;5;249me[0m[38;5;249mx[0m[38;5;249mt[0m[38;5;249m-[0m[38;5;249m2[0m[38;5;249mx[0m[38;5;249ml[0m[38;5;249m [0m[38;5;249mf[0m[38;5;249mo[0m[38;5;249mn[0m[38;5;249mt[0m[38;5;249m-[0m[38;5;249mb[0m[38;5;249mo[0m[38;5;249ml[0m[38;5;249md[0m[38;5;249m [0m[38;5;249mt[0m[38;5;249me[0m[38;5;249mx[0m[38;5;249mt[0m[38;5;249m-[0m[38;5;249mg[0m[38;5;249mr[0m[38;5;249ma[0m[38;5;249my[0m[38;5;249m-[0m[38;5;249m9[0m[38;5;249m0[0m[38;5;249m0[0m">Nouveau projet</h2>
 [38;5;240m   │[0m                                                              ───────────┬──────────  
 [38;5;240m   │[0m                                                                         ╰──────────── 
[38;5;246m────╯[0m
[39m
  Plugin: [35mvite:oxc[39m
  File: [36mC:/Users/SONY/Desktop/project-manager/src/pages/NewProject.tsx[39m
      at transformWithOxc (file:///C:/Users/SONY/Desktop/project-manager/node_modules/vite/dist/node/chunks/node.js:7208:19)
      at TransformPluginContext.transform (file:///C:/Users/SONY/Desktop/project-manager/node_modules/vite/dist/node/chunks/node.js:7280:26)
      at EnvironmentPluginContainer.transform (file:///C:/Users/SONY/Desktop/project-manager/node_modules/vite/dist/node/chunks/node.js:8172:51)
      at async loadAndTransform (file:///C:/Users/SONY/Desktop/project-manager/node_modules/vite/dist/node/chunks/node.js:19634:26)
      at async viteTransformMiddleware (file:///C:/Users/SONY/Desktop/project-manager/node_modules/vite/dist/node/chunks/node.js:19853:20)
[2m09:59:52[22m [31m[1m[vite][22m[39m [31mInternal server error: Transform failed with 1 error:

[31m[PARSE_ERROR] [0mUnterminated string
    [38;5;246m╭[0m[38;5;246m─[0m[38;5;246m[[0m src/pages/Settings.tsx:90:67 [38;5;246m][0m
    [38;5;246m│[0m
 [38;5;246m90 │[0m [38;5;249m [0m[38;5;249m [0m[38;5;249m [0m[38;5;249m [0m[38;5;249m [0m[38;5;249m [0m[38;5;249m [0m[38;5;249m [0m[38;5;249m [0m[38;5;249m [0m[38;5;249m [0m[38;5;249m [0m[38;5;249m [0m[38;5;249m [0m[38;5;249m [0m[38;5;249m [0m[38;5;249m<[0m[38;5;249mh[0m[38;5;249m3[0m[38;5;249m [0m[38;5;249mc[0m[38;5;249ml[0m[38;5;249ma[0m[38;5;249ms[0m[38;5;249ms[0m[38;5;249mN[0m[38;5;249ma[0m[38;5;249mm[0m[38;5;249me[0m[38;5;249m=[0m[38;5;249m"[0m[38;5;249mt[0m[38;5;249me[0m[38;5;249mx[0m[38;5;249mt[0m[38;5;249m-[0m[38;5;249ml[0m[38;5;249mg[0m[38;5;249m [0m[38;5;249mf[0m[38;5;249mo[0m[38;5;249mn[0m[38;5;249mt[0m[38;5;249m-[0m[38;5;249ms[0m[38;5;249me[0m[38;5;249mm[0m[38;5;249mi[0m[38;5;249mb[0m[38;5;249mo[0m[38;5;249ml[0m[38;5;249md[0m[38;5;249m [0m[38;5;249mt[0m[38;5;249me[0m[38;5;249mx[0m[38;5;249mt[0m[38;5;249m-[0m[38;5;249mg[0m[38;5;249mr[0m[38;5;249ma[0m[38;5;249my[0m[38;5;249m-[0m[38;5;249m9[0m[38;5;249m0[0m[38;5;249m0[0m">Mon compte</h3>
 [38;5;240m   │[0m                                                                   ─────────┬────────  
 [38;5;240m   │[0m                                                                            ╰────────── 
[38;5;246m────╯[0m
[39m
  Plugin: [35mvite:oxc[39m
  File: [36mC:/Users/SONY/Desktop/project-manager/src/pages/Settings.tsx[39m
      at transformWithOxc (file:///C:/Users/SONY/Desktop/project-manager/node_modules/vite/dist/node/chunks/node.js:7208:19)
      at TransformPluginContext.transform (file:///C:/Users/SONY/Desktop/project-manager/node_modules/vite/dist/node/chunks/node.js:7280:26)
      at EnvironmentPluginContainer.transform (file:///C:/Users/SONY/Desktop/project-manager/node_modules/vite/dist/node/chunks/node.js:8172:51)
      at async loadAndTransform (file:///C:/Users/SONY/Desktop/project-manager/node_modules/vite/dist/node/chunks/node.js:19634:26)
      at async viteTransformMiddleware (file:///C:/Users/SONY/Desktop/project-manager/node_modules/vite/dist/node/chunks/node.js:19853:20)
[2m09:59:53[22m [31m[1m[vite][22m[39m [31mInternal server error: Transform failed with 1 error:

[31m[PARSE_ERROR] [0mUnexpected token
     [38;5;246m╭[0m[38;5;246m─[0m[38;5;246m[[0m src/pages/Login.tsx:149:85 [38;5;246m][0m
     [38;5;246m│[0m
 [38;5;246m149 │[0m [38;5;249m [0m[38;5;249m [0m[38;5;249m [0m[38;5;249m [0m[38;5;249m [0m[38;5;249m [0m[38;5;249m [0m[38;5;249m [0m[38;5;249m [0m[38;5;249m [0m[38;5;249m [0m[38;5;249m [0m[38;5;249m [0m[38;5;249m [0m[38;5;249m<[0m[38;5;249ms[0m[38;5;249mp[0m[38;5;249ma[0m[38;5;249mn[0m[38;5;249m [0m[38;5;249mc[0m[38;5;249ml[0m[38;5;249ma[0m[38;5;249ms[0m[38;5;249ms[0m[38;5;249mN[0m[38;5;249ma[0m[38;5;249mm[0m[38;5;249me[0m[38;5;249m=[0m[38;5;249m"[0m[38;5;249mt[0m[38;5;249me[0m[38;5;249mx[0m[38;5;249mt[0m[38;5;249m-[0m[38;5;249ms[0m[38;5;249mm[0m[38;5;249m [0m[38;5;249mf[0m[38;5;249mo[0m[38;5;249mn[0m[38;5;249mt[0m[38;5;249m-[0m[38;5;249ms[0m[38;5;249me[0m[38;5;249mm[0m[38;5;249mi[0m[38;5;249mb[0m[38;5;249mo[0m[38;5;249ml[0m[38;5;249md[0m[38;5;249m [0m[38;5;249mu[0m[38;5;249mp[0m[38;5;249mp[0m[38;5;249me[0m[38;5;249mr[0m[38;5;249mc[0m[38;5;249ma[0m[38;5;249ms[0m[38;5;249me[0m[38;5;249m [0m[38;5;249mt[0m[38;5;249mr[0m[38;5;249ma[0m[38;5;249mc[0m[38;5;249mk[0m[38;5;249mi[0m[38;5;249mn[0m[38;5;249mg[0m[38;5;249m-[0m[38;5;249mw[0m[38;5;249mi[0m[38;5;249md[0m[38;5;249me[0m[38;5;249ms[0m[38;5;249mt[0m[38;5;249m [0m[38;5;249mt[0m[38;5;249me[0m[38;5;249mx[0m[38;5;249mt[0m[38;5;249m-[0m[[38;5;249m#[0m[38;5;249m5[0m[38;5;249m4[0m[38;5;249m2[0m[38;5;249ma[0m[38;5;249m5[0m[38;5;249m2[0m[38;5;249m][0m[38;5;249m/[0m[38;5;249m7[0m[38;5;249m0[0m[38;5;249m"[0m[38;5;249m>[0m[38;5;249mP[0m[38;5;249mr[0m[38;5;249mo[0m[38;5;249mj[0m[38;5;249me[0m[38;5;249mc[0m[38;5;249mt[0m[38;5;249m [0m[38;5;249mM[0m[38;5;249ma[0m[38;5;249mn[0m[38;5;249ma[0m[38;5;249mg[0m[38;5;249me[0m[38;5;249mr[0m[38;5;249m<[0m[38;5;249m/[0m[38;5;249ms[0m[38;5;249mp[0m[38;5;249ma[0m[38;5;249mn[0m[38;5;249m>[0m
 [38;5;240m    │[0m                                                                                     ┬  
 [38;5;240m    │[0m                                                                                     ╰── 
[38;5;246m─────╯[0m
[39m
  Plugin: [35mvite:oxc[39m
  File: [36mC:/Users/SONY/Desktop/project-manager/src/pages/Login.tsx[39m
      at transformWithOxc (file:///C:/Users/SONY/Desktop/project-manager/node_modules/vite/dist/node/chunks/node.js:7208:19)
      at TransformPluginContext.transform (file:///C:/Users/SONY/Desktop/project-manager/node_modules/vite/dist/node/chunks/node.js:7280:26)
      at EnvironmentPluginContainer.transform (file:///C:/Users/SONY/Desktop/project-manager/node_modules/vite/dist/node/chunks/node.js:8172:51)
      at async loadAndTransform (file:///C:/Users/SONY/Desktop/project-manager/node_modules/vite/dist/node/chunks/node.js:19634:26)
      at async viteTransformMiddleware (file:///C:/Users/SONY/Desktop/project-manager/node_modules/vite/dist/node/chunks/node.js:19853:20)
[2m09:59:53[22m [31m[1m[vite][22m[39m [31mInternal server error: Transform failed with 1 error:

[31m[PARSE_ERROR] [0mUnterminated string
    [38;5;246m╭[0m[38;5;246m─[0m[38;5;246m[[0m src/components/Header.tsx:19:43 [38;5;246m][0m
    [38;5;246m│[0m
 [38;5;246m19 │[0m [38;5;249m [0m[38;5;249m [0m[38;5;249m [0m[38;5;249m [0m[38;5;249m [0m[38;5;249m [0m[38;5;249m [0m[38;5;249m [0m[38;5;249m [0m[38;5;249m [0m[38;5;249m<[0m[38;5;249mh[0m[38;5;249m1[0m[38;5;249m [0m[38;5;249mc[0m[38;5;249ml[0m[38;5;249ma[0m[38;5;249ms[0m[38;5;249ms[0m[38;5;249mN[0m[38;5;249ma[0m[38;5;249mm[0m[38;5;249me[0m[38;5;249m=[0m[38;5;249m"[0m[38;5;249mt[0m[38;5;249me[0m[38;5;249mx[0m[38;5;249mt[0m[38;5;249m-[0m[38;5;249mx[0m[38;5;249ml[0m[38;5;249m [0m[38;5;249mf[0m[38;5;249mo[0m[38;5;249mn[0m[38;5;249mt[0m[38;5;249m-[0m[38;5;249mb[0m[38;5;249mo[0m[38;5;249ml[0m[38;5;249md[0m">
 [38;5;240m   │[0m                                           ─┬─  
 [38;5;240m   │[0m                                            ╰─── 
[38;5;246m────╯[0m
[39m
  Plugin: [35mvite:oxc[39m
  File: [36mC:/Users/SONY/Desktop/project-manager/src/components/Header.tsx[39m
      at transformWithOxc (file:///C:/Users/SONY/Desktop/project-manager/node_modules/vite/dist/node/chunks/node.js:7208:19)
      at TransformPluginContext.transform (file:///C:/Users/SONY/Desktop/project-manager/node_modules/vite/dist/node/chunks/node.js:7280:26)
      at EnvironmentPluginContainer.transform (file:///C:/Users/SONY/Desktop/project-manager/node_modules/vite/dist/node/chunks/node.js:8172:51)
      at async loadAndTransform (file:///C:/Users/SONY/Desktop/project-manager/node_modules/vite/dist/node/chunks/node.js:19634:26)
      at async viteTransformMiddleware (file:///C:/Users/SONY/Desktop/project-manager/node_modules/vite/dist/node/chunks/node.js:19853:20)
[2m09:59:53[22m [31m[1m[vite][22m[39m [31mInternal server error: Transform failed with 1 error:

[31m[PARSE_ERROR] [0mUnterminated string
    [38;5;246m╭[0m[38;5;246m─[0m[38;5;246m[[0m src/pages/ForgotPassword.tsx:99:69 [38;5;246m][0m
    [38;5;246m│[0m
 [38;5;246m99 │[0m [38;5;249m [0m[38;5;249m [0m[38;5;249m [0m[38;5;249m [0m[38;5;249m [0m[38;5;249m [0m[38;5;249m [0m[38;5;249m [0m[38;5;249m [0m[38;5;249m [0m[38;5;249m [0m[38;5;249m [0m[38;5;249m [0m[38;5;249m [0m[38;5;249m [0m[38;5;249m [0m[38;5;249m<[0m[38;5;249mh[0m[38;5;249m1[0m[38;5;249m [0m[38;5;249mc[0m[38;5;249ml[0m[38;5;249ma[0m[38;5;249ms[0m[38;5;249ms[0m[38;5;249mN[0m[38;5;249ma[0m[38;5;249mm[0m[38;5;249me[0m[38;5;249m=[0m[38;5;249m"[0m[38;5;249mm[0m[38;5;249mb[0m[38;5;249m-[0m[38;5;249m2[0m[38;5;249m [0m[38;5;249mt[0m[38;5;249me[0m[38;5;249mx[0m[38;5;249mt[0m[38;5;249m-[0m[38;5;249m2[0m[38;5;249mx[0m[38;5;249ml[0m[38;5;249m [0m[38;5;249mf[0m[38;5;249mo[0m[38;5;249mn[0m[38;5;249mt[0m[38;5;249m-[0m[38;5;249mb[0m[38;5;249mo[0m[38;5;249ml[0m[38;5;249md[0m[38;5;249m [0m[38;5;249mt[0m[38;5;249me[0m[38;5;249mx[0m[38;5;249mt[0m[38;5;249m-[0m[38;5;249mg[0m[38;5;249mr[0m[38;5;249ma[0m[38;5;249my[0m[38;5;249m-[0m[38;5;249m9[0m[38;5;249m0[0m[38;5;249m0[0m">Mot de passe oublié ?</h1>
 [38;5;240m   │[0m                                                                     ──────────────┬──────────────  
 [38;5;240m   │[0m                                                                                   ╰──────────────── 
[38;5;246m────╯[0m
[39m
  Plugin: [35mvite:oxc[39m
  File: [36mC:/Users/SONY/Desktop/project-manager/src/pages/ForgotPassword.tsx[39m
      at transformWithOxc (file:///C:/Users/SONY/Desktop/project-manager/node_modules/vite/dist/node/chunks/node.js:7208:19)
      at TransformPluginContext.transform (file:///C:/Users/SONY/Desktop/project-manager/node_modules/vite/dist/node/chunks/node.js:7280:26)
      at EnvironmentPluginContainer.transform (file:///C:/Users/SONY/Desktop/project-manager/node_modules/vite/dist/node/chunks/node.js:8172:51)
      at async loadAndTransform (file:///C:/Users/SONY/Desktop/project-manager/node_modules/vite/dist/node/chunks/node.js:19634:26)
      at async viteTransformMiddleware (file:///C:/Users/SONY/Desktop/project-manager/node_modules/vite/dist/node/chunks/node.js:19853:20)
[2m09:59:53[22m [31m[1m[vite][22m[39m [31mInternal server error: Transform failed with 1 error:

[31m[PARSE_ERROR] [0mUnterminated string
     [38;5;246m╭[0m[38;5;246m─[0m[38;5;246m[[0m src/pages/ResetPassword.tsx:118:69 [38;5;246m][0m
     [38;5;246m│[0m
 [38;5;246m118 │[0m [38;5;249m [0m[38;5;249m [0m[38;5;249m [0m[38;5;249m [0m[38;5;249m [0m[38;5;249m [0m[38;5;249m [0m[38;5;249m [0m[38;5;249m [0m[38;5;249m [0m[38;5;249m [0m[38;5;249m [0m[38;5;249m [0m[38;5;249m [0m[38;5;249m [0m[38;5;249m [0m[38;5;249m<[0m[38;5;249mh[0m[38;5;249m1[0m[38;5;249m [0m[38;5;249mc[0m[38;5;249ml[0m[38;5;249ma[0m[38;5;249ms[0m[38;5;249ms[0m[38;5;249mN[0m[38;5;249ma[0m[38;5;249mm[0m[38;5;249me[0m[38;5;249m=[0m[38;5;249m"[0m[38;5;249mm[0m[38;5;249mb[0m[38;5;249m-[0m[38;5;249m2[0m[38;5;249m [0m[38;5;249mt[0m[38;5;249me[0m[38;5;249mx[0m[38;5;249mt[0m[38;5;249m-[0m[38;5;249m2[0m[38;5;249mx[0m[38;5;249ml[0m[38;5;249m [0m[38;5;249mf[0m[38;5;249mo[0m[38;5;249mn[0m[38;5;249mt[0m[38;5;249m-[0m[38;5;249mb[0m[38;5;249mo[0m[38;5;249ml[0m[38;5;249md[0m[38;5;249m [0m[38;5;249mt[0m[38;5;249me[0m[38;5;249mx[0m[38;5;249mt[0m[38;5;249m-[0m[38;5;249mg[0m[38;5;249mr[0m[38;5;249ma[0m[38;5;249my[0m[38;5;249m-[0m[38;5;249m9[0m[38;5;249m0[0m[38;5;249m0[0m">Nouveau mot de passe</h1>
 [38;5;240m    │[0m                                                                     ──────────────┬─────────────  
 [38;5;240m    │[0m                                                                                   ╰─────────────── 
[38;5;246m─────╯[0m
[39m
  Plugin: [35mvite:oxc[39m
  File: [36mC:/Users/SONY/Desktop/project-manager/src/pages/ResetPassword.tsx[39m
      at transformWithOxc (file:///C:/Users/SONY/Desktop/project-manager/node_modules/vite/dist/node/chunks/node.js:7208:19)
      at TransformPluginContext.transform (file:///C:/Users/SONY/Desktop/project-manager/node_modules/vite/dist/node/chunks/node.js:7280:26)
      at EnvironmentPluginContainer.transform (file:///C:/Users/SONY/Desktop/project-manager/node_modules/vite/dist/node/chunks/node.js:8172:51)
      at async loadAndTransform (file:///C:/Users/SONY/Desktop/project-manager/node_modules/vite/dist/node/chunks/node.js:19634:26)
      at async viteTransformMiddleware (file:///C:/Users/SONY/Desktop/project-manager/node_modules/vite/dist/node/chunks/node.js:19853:20)
[2m09:59:53[22m [31m[1m[vite][22m[39m [31mInternal server error: Transform failed with 1 error:

[31m[PARSE_ERROR] [0mUnterminated string
     [38;5;246m╭[0m[38;5;246m─[0m[38;5;246m[[0m src/pages/EditProject.tsx:118:62 [38;5;246m][0m
     [38;5;246m│[0m
 [38;5;246m118 │[0m [38;5;249m [0m[38;5;249m [0m[38;5;249m [0m[38;5;249m [0m[38;5;249m [0m[38;5;249m [0m[38;5;249m [0m[38;5;249m [0m[38;5;249m [0m[38;5;249m [0m[38;5;249m [0m[38;5;249m [0m[38;5;249m [0m[38;5;249m [0m[38;5;249m<[0m[38;5;249mh[0m[38;5;249m2[0m[38;5;249m [0m[38;5;249mc[0m[38;5;249ml[0m[38;5;249ma[0m[38;5;249ms[0m[38;5;249ms[0m[38;5;249mN[0m[38;5;249ma[0m[38;5;249mm[0m[38;5;249me[0m[38;5;249m=[0m[38;5;249m"[0m[38;5;249mt[0m[38;5;249me[0m[38;5;249mx[0m[38;5;249mt[0m[38;5;249m-[0m[38;5;249m2[0m[38;5;249mx[0m[38;5;249ml[0m[38;5;249m [0m[38;5;249mf[0m[38;5;249mo[0m[38;5;249mn[0m[38;5;249mt[0m[38;5;249m-[0m[38;5;249mb[0m[38;5;249mo[0m[38;5;249ml[0m[38;5;249md[0m[38;5;249m [0m[38;5;249mt[0m[38;5;249me[0m[38;5;249mx[0m[38;5;249mt[0m[38;5;249m-[0m[38;5;249mg[0m[38;5;249mr[0m[38;5;249ma[0m[38;5;249my[0m[38;5;249m-[0m[38;5;249m9[0m[38;5;249m0[0m[38;5;249m0[0m">Modifier le projet</h2>
 [38;5;240m    │[0m                                                              ─────────────┬────────────  
 [38;5;240m    │[0m                                                                           ╰────────────── 
[38;5;246m─────╯[0m
[39m
  Plugin: [35mvite:oxc[39m
  File: [36mC:/Users/SONY/Desktop/project-manager/src/pages/EditProject.tsx[39m
      at transformWithOxc (file:///C:/Users/SONY/Desktop/project-manager/node_modules/vite/dist/node/chunks/node.js:7208:19)
      at TransformPluginContext.transform (file:///C:/Users/SONY/Desktop/project-manager/node_modules/vite/dist/node/chunks/node.js:7280:26)
      at EnvironmentPluginContainer.transform (file:///C:/Users/SONY/Desktop/project-manager/node_modules/vite/dist/node/chunks/node.js:8172:51)
      at async loadAndTransform (file:///C:/Users/SONY/Desktop/project-manager/node_modules/vite/dist/node/chunks/node.js:19634:26)
      at async viteTransformMiddleware (file:///C:/Users/SONY/Desktop/project-manager/node_modules/vite/dist/node/chunks/node.js:19853:20)
[2m09:59:53[22m [31m[1m[vite][22m[39m [31mInternal server error: Transform failed with 1 error:

[31m[PARSE_ERROR] [0mUnterminated string
    [38;5;246m╭[0m[38;5;246m─[0m[38;5;246m[[0m src/pages/NewProject.tsx:58:62 [38;5;246m][0m
    [38;5;246m│[0m
 [38;5;246m58 │[0m [38;5;249m [0m[38;5;249m [0m[38;5;249m [0m[38;5;249m [0m[38;5;249m [0m[38;5;249m [0m[38;5;249m [0m[38;5;249m [0m[38;5;249m [0m[38;5;249m [0m[38;5;249m [0m[38;5;249m [0m[38;5;249m [0m[38;5;249m [0m[38;5;249m<[0m[38;5;249mh[0m[38;5;249m2[0m[38;5;249m [0m[38;5;249mc[0m[38;5;249ml[0m[38;5;249ma[0m[38;5;249ms[0m[38;5;249ms[0m[38;5;249mN[0m[38;5;249ma[0m[38;5;249mm[0m[38;5;249me[0m[38;5;249m=[0m[38;5;249m"[0m[38;5;249mt[0m[38;5;249me[0m[38;5;249mx[0m[38;5;249mt[0m[38;5;249m-[0m[38;5;249m2[0m[38;5;249mx[0m[38;5;249ml[0m[38;5;249m [0m[38;5;249mf[0m[38;5;249mo[0m[38;5;249mn[0m[38;5;249mt[0m[38;5;249m-[0m[38;5;249mb[0m[38;5;249mo[0m[38;5;249ml[0m[38;5;249md[0m[38;5;249m [0m[38;5;249mt[0m[38;5;249me[0m[38;5;249mx[0m[38;5;249mt[0m[38;5;249m-[0m[38;5;249mg[0m[38;5;249mr[0m[38;5;249ma[0m[38;5;249my[0m[38;5;249m-[0m[38;5;249m9[0m[38;5;249m0[0m[38;5;249m0[0m">Nouveau projet</h2>
 [38;5;240m   │[0m                                                              ───────────┬──────────  
 [38;5;240m   │[0m                                                                         ╰──────────── 
[38;5;246m────╯[0m
[39m
  Plugin: [35mvite:oxc[39m
  File: [36mC:/Users/SONY/Desktop/project-manager/src/pages/NewProject.tsx[39m
      at transformWithOxc (file:///C:/Users/SONY/Desktop/project-manager/node_modules/vite/dist/node/chunks/node.js:7208:19)
      at TransformPluginContext.transform (file:///C:/Users/SONY/Desktop/project-manager/node_modules/vite/dist/node/chunks/node.js:7280:26)
      at EnvironmentPluginContainer.transform (file:///C:/Users/SONY/Desktop/project-manager/node_modules/vite/dist/node/chunks/node.js:8172:51)
      at async loadAndTransform (file:///C:/Users/SONY/Desktop/project-manager/node_modules/vite/dist/node/chunks/node.js:19634:26)
      at async viteTransformMiddleware (file:///C:/Users/SONY/Desktop/project-manager/node_modules/vite/dist/node/chunks/node.js:19853:20)
[2m09:59:53[22m [31m[1m[vite][22m[39m [31mInternal server error: Transform failed with 1 error:

[31m[PARSE_ERROR] [0mUnterminated string
    [38;5;246m╭[0m[38;5;246m─[0m[38;5;246m[[0m src/pages/Settings.tsx:90:67 [38;5;246m][0m
    [38;5;246m│[0m
 [38;5;246m90 │[0m [38;5;249m [0m[38;5;249m [0m[38;5;249m [0m[38;5;249m [0m[38;5;249m [0m[38;5;249m [0m[38;5;249m [0m[38;5;249m [0m[38;5;249m [0m[38;5;249m [0m[38;5;249m [0m[38;5;249m [0m[38;5;249m [0m[38;5;249m [0m[38;5;249m [0m[38;5;249m [0m[38;5;249m<[0m[38;5;249mh[0m[38;5;249m3[0m[38;5;249m [0m[38;5;249mc[0m[38;5;249ml[0m[38;5;249ma[0m[38;5;249ms[0m[38;5;249ms[0m[38;5;249mN[0m[38;5;249ma[0m[38;5;249mm[0m[38;5;249me[0m[38;5;249m=[0m[38;5;249m"[0m[38;5;249mt[0m[38;5;249me[0m[38;5;249mx[0m[38;5;249mt[0m[38;5;249m-[0m[38;5;249ml[0m[38;5;249mg[0m[38;5;249m [0m[38;5;249mf[0m[38;5;249mo[0m[38;5;249mn[0m[38;5;249mt[0m[38;5;249m-[0m[38;5;249ms[0m[38;5;249me[0m[38;5;249mm[0m[38;5;249mi[0m[38;5;249mb[0m[38;5;249mo[0m[38;5;249ml[0m[38;5;249md[0m[38;5;249m [0m[38;5;249mt[0m[38;5;249me[0m[38;5;249mx[0m[38;5;249mt[0m[38;5;249m-[0m[38;5;249mg[0m[38;5;249mr[0m[38;5;249ma[0m[38;5;249my[0m[38;5;249m-[0m[38;5;249m9[0m[38;5;249m0[0m[38;5;249m0[0m">Mon compte</h3>
 [38;5;240m   │[0m                                                                   ─────────┬────────  
 [38;5;240m   │[0m                                                                            ╰────────── 
[38;5;246m────╯[0m
[39m
  Plugin: [35mvite:oxc[39m
  File: [36mC:/Users/SONY/Desktop/project-manager/src/pages/Settings.tsx[39m
      at transformWithOxc (file:///C:/Users/SONY/Desktop/project-manager/node_modules/vite/dist/node/chunks/node.js:7208:19)
      at TransformPluginContext.transform (file:///C:/Users/SONY/Desktop/project-manager/node_modules/vite/dist/node/chunks/node.js:7280:26)
      at EnvironmentPluginContainer.transform (file:///C:/Users/SONY/Desktop/project-manager/node_modules/vite/dist/node/chunks/node.js:8172:51)
      at async loadAndTransform (file:///C:/Users/SONY/Desktop/project-manager/node_modules/vite/dist/node/chunks/node.js:19634:26)
      at async viteTransformMiddleware (file:///C:/Users/SONY/Desktop/project-manager/node_modules/vite/dist/node/chunks/node.js:19853:20)
[2m10:00:50[22m [31m[1m[vite][22m[39m [31m[2m(client)[22m[39m Pre-transform error: Transform failed with 1 error:

[31m[PARSE_ERROR] [0mUnexpected token
     [38;5;246m╭[0m[38;5;246m─[0m[38;5;246m[[0m src/pages/Login.tsx:149:85 [38;5;246m][0m
     [38;5;246m│[0m
 [38;5;246m149 │[0m [38;5;249m [0m[38;5;249m [0m[38;5;249m [0m[38;5;249m [0m[38;5;249m [0m[38;5;249m [0m[38;5;249m [0m[38;5;249m [0m[38;5;249m [0m[38;5;249m [0m[38;5;249m [0m[38;5;249m [0m[38;5;249m [0m[38;5;249m [0m[38;5;249m<[0m[38;5;249ms[0m[38;5;249mp[0m[38;5;249ma[0m[38;5;249mn[0m[38;5;249m [0m[38;5;249mc[0m[38;5;249ml[0m[38;5;249ma[0m[38;5;249ms[0m[38;5;249ms[0m[38;5;249mN[0m[38;5;249ma[0m[38;5;249mm[0m[38;5;249me[0m[38;5;249m=[0m[38;5;249m"[0m[38;5;249mt[0m[38;5;249me[0m[38;5;249mx[0m[38;5;249mt[0m[38;5;249m-[0m[38;5;249ms[0m[38;5;249mm[0m[38;5;249m [0m[38;5;249mf[0m[38;5;249mo[0m[38;5;249mn[0m[38;5;249mt[0m[38;5;249m-[0m[38;5;249ms[0m[38;5;249me[0m[38;5;249mm[0m[38;5;249mi[0m[38;5;249mb[0m[38;5;249mo[0m[38;5;249ml[0m[38;5;249md[0m[38;5;249m [0m[38;5;249mu[0m[38;5;249mp[0m[38;5;249mp[0m[38;5;249me[0m[38;5;249mr[0m[38;5;249mc[0m[38;5;249ma[0m[38;5;249ms[0m[38;5;249me[0m[38;5;249m [0m[38;5;249mt[0m[38;5;249mr[0m[38;5;249ma[0m[38;5;249mc[0m[38;5;249mk[0m[38;5;249mi[0m[38;5;249mn[0m[38;5;249mg[0m[38;5;249m-[0m[38;5;249mw[0m[38;5;249mi[0m[38;5;249md[0m[38;5;249me[0m[38;5;249ms[0m[38;5;249mt[0m[38;5;249m [0m[38;5;249mt[0m[38;5;249me[0m[38;5;249mx[0m[38;5;249mt[0m[38;5;249m-[0m[[38;5;249m#[0m[38;5;249m5[0m[38;5;249m4[0m[38;5;249m2[0m[38;5;249ma[0m[38;5;249m5[0m[38;5;249m2[0m[38;5;249m][0m[38;5;249m/[0m[38;5;249m7[0m[38;5;249m0[0m[38;5;249m"[0m[38;5;249m>[0m[38;5;249mP[0m[38;5;249mr[0m[38;5;249mo[0m[38;5;249mj[0m[38;5;249me[0m[38;5;249mc[0m[38;5;249mt[0m[38;5;249m [0m[38;5;249mM[0m[38;5;249ma[0m[38;5;249mn[0m[38;5;249ma[0m[38;5;249mg[0m[38;5;249me[0m[38;5;249mr[0m[38;5;249m<[0m[38;5;249m/[0m[38;5;249ms[0m[38;5;249mp[0m[38;5;249ma[0m[38;5;249mn[0m[38;5;249m>[0m
 [38;5;240m    │[0m                                                                                     ┬  
 [38;5;240m    │[0m                                                                                     ╰── 
[38;5;246m─────╯[0m

  Plugin: [35mvite:oxc[39m
  File: [36mC:/Users/SONY/Desktop/project-manager/src/pages/Login.tsx[39m
[2m10:00:50[22m [31m[1m[vite][22m[39m [31m[2m(client)[22m[39m Pre-transform error: Transform failed with 1 error:

[31m[PARSE_ERROR] [0mUnterminated string
     [38;5;246m╭[0m[38;5;246m─[0m[38;5;246m[[0m src/pages/ResetPassword.tsx:118:69 [38;5;246m][0m
     [38;5;246m│[0m
 [38;5;246m118 │[0m [38;5;249m [0m[38;5;249m [0m[38;5;249m [0m[38;5;249m [0m[38;5;249m [0m[38;5;249m [0m[38;5;249m [0m[38;5;249m [0m[38;5;249m [0m[38;5;249m [0m[38;5;249m [0m[38;5;249m [0m[38;5;249m [0m[38;5;249m [0m[38;5;249m [0m[38;5;249m [0m[38;5;249m<[0m[38;5;249mh[0m[38;5;249m1[0m[38;5;249m [0m[38;5;249mc[0m[38;5;249ml[0m[38;5;249ma[0m[38;5;249ms[0m[38;5;249ms[0m[38;5;249mN[0m[38;5;249ma[0m[38;5;249mm[0m[38;5;249me[0m[38;5;249m=[0m[38;5;249m"[0m[38;5;249mm[0m[38;5;249mb[0m[38;5;249m-[0m[38;5;249m2[0m[38;5;249m [0m[38;5;249mt[0m[38;5;249me[0m[38;5;249mx[0m[38;5;249mt[0m[38;5;249m-[0m[38;5;249m2[0m[38;5;249mx[0m[38;5;249ml[0m[38;5;249m [0m[38;5;249mf[0m[38;5;249mo[0m[38;5;249mn[0m[38;5;249mt[0m[38;5;249m-[0m[38;5;249mb[0m[38;5;249mo[0m[38;5;249ml[0m[38;5;249md[0m[38;5;249m [0m[38;5;249mt[0m[38;5;249me[0m[38;5;249mx[0m[38;5;249mt[0m[38;5;249m-[0m[38;5;249mg[0m[38;5;249mr[0m[38;5;249ma[0m[38;5;249my[0m[38;5;249m-[0m[38;5;249m9[0m[38;5;249m0[0m[38;5;249m0[0m">Nouveau mot de passe</h1>
 [38;5;240m    │[0m                                                                     ──────────────┬─────────────  
 [38;5;240m    │[0m                                                                                   ╰─────────────── 
[38;5;246m─────╯[0m

  Plugin: [35mvite:oxc[39m
  File: [36mC:/Users/SONY/Desktop/project-manager/src/pages/ResetPassword.tsx[39m
[2m10:00:50[22m [31m[1m[vite][22m[39m [31m[2m(client)[22m[39m Pre-transform error: Transform failed with 1 error:

[31m[PARSE_ERROR] [0mUnterminated string
    [38;5;246m╭[0m[38;5;246m─[0m[38;5;246m[[0m src/pages/ForgotPassword.tsx:99:69 [38;5;246m][0m
    [38;5;246m│[0m
 [38;5;246m99 │[0m [38;5;249m [0m[38;5;249m [0m[38;5;249m [0m[38;5;249m [0m[38;5;249m [0m[38;5;249m [0m[38;5;249m [0m[38;5;249m [0m[38;5;249m [0m[38;5;249m [0m[38;5;249m [0m[38;5;249m [0m[38;5;249m [0m[38;5;249m [0m[38;5;249m [0m[38;5;249m [0m[38;5;249m<[0m[38;5;249mh[0m[38;5;249m1[0m[38;5;249m [0m[38;5;249mc[0m[38;5;249ml[0m[38;5;249ma[0m[38;5;249ms[0m[38;5;249ms[0m[38;5;249mN[0m[38;5;249ma[0m[38;5;249mm[0m[38;5;249me[0m[38;5;249m=[0m[38;5;249m"[0m[38;5;249mm[0m[38;5;249mb[0m[38;5;249m-[0m[38;5;249m2[0m[38;5;249m [0m[38;5;249mt[0m[38;5;249me[0m[38;5;249mx[0m[38;5;249mt[0m[38;5;249m-[0m[38;5;249m2[0m[38;5;249mx[0m[38;5;249ml[0m[38;5;249m [0m[38;5;249mf[0m[38;5;249mo[0m[38;5;249mn[0m[38;5;249mt[0m[38;5;249m-[0m[38;5;249mb[0m[38;5;249mo[0m[38;5;249ml[0m[38;5;249md[0m[38;5;249m [0m[38;5;249mt[0m[38;5;249me[0m[38;5;249mx[0m[38;5;249mt[0m[38;5;249m-[0m[38;5;249mg[0m[38;5;249mr[0m[38;5;249ma[0m[38;5;249my[0m[38;5;249m-[0m[38;5;249m9[0m[38;5;249m0[0m[38;5;249m0[0m">Mot de passe oublié ?</h1>
 [38;5;240m   │[0m                                                                     ──────────────┬──────────────  
 [38;5;240m   │[0m                                                                                   ╰──────────────── 
[38;5;246m────╯[0m

  Plugin: [35mvite:oxc[39m
  File: [36mC:/Users/SONY/Desktop/project-manager/src/pages/ForgotPassword.tsx[39m
[2m10:00:50[22m [31m[1m[vite][22m[39m [31m[2m(client)[22m[39m Pre-transform error: Transform failed with 1 error:

[31m[PARSE_ERROR] [0mUnterminated string
    [38;5;246m╭[0m[38;5;246m─[0m[38;5;246m[[0m src/pages/NewProject.tsx:58:62 [38;5;246m][0m
    [38;5;246m│[0m
 [38;5;246m58 │[0m [38;5;249m [0m[38;5;249m [0m[38;5;249m [0m[38;5;249m [0m[38;5;249m [0m[38;5;249m [0m[38;5;249m [0m[38;5;249m [0m[38;5;249m [0m[38;5;249m [0m[38;5;249m [0m[38;5;249m [0m[38;5;249m [0m[38;5;249m [0m[38;5;249m<[0m[38;5;249mh[0m[38;5;249m2[0m[38;5;249m [0m[38;5;249mc[0m[38;5;249ml[0m[38;5;249ma[0m[38;5;249ms[0m[38;5;249ms[0m[38;5;249mN[0m[38;5;249ma[0m[38;5;249mm[0m[38;5;249me[0m[38;5;249m=[0m[38;5;249m"[0m[38;5;249mt[0m[38;5;249me[0m[38;5;249mx[0m[38;5;249mt[0m[38;5;249m-[0m[38;5;249m2[0m[38;5;249mx[0m[38;5;249ml[0m[38;5;249m [0m[38;5;249mf[0m[38;5;249mo[0m[38;5;249mn[0m[38;5;249mt[0m[38;5;249m-[0m[38;5;249mb[0m[38;5;249mo[0m[38;5;249ml[0m[38;5;249md[0m[38;5;249m [0m[38;5;249mt[0m[38;5;249me[0m[38;5;249mx[0m[38;5;249mt[0m[38;5;249m-[0m[38;5;249mg[0m[38;5;249mr[0m[38;5;249ma[0m[38;5;249my[0m[38;5;249m-[0m[38;5;249m9[0m[38;5;249m0[0m[38;5;249m0[0m">Nouveau projet</h2>
 [38;5;240m   │[0m                                                              ───────────┬──────────  
 [38;5;240m   │[0m                                                                         ╰──────────── 
[38;5;246m────╯[0m

  Plugin: [35mvite:oxc[39m
  File: [36mC:/Users/SONY/Desktop/project-manager/src/pages/NewProject.tsx[39m
[2m10:00:50[22m [31m[1m[vite][22m[39m [31m[2m(client)[22m[39m Pre-transform error: Transform failed with 1 error:

[31m[PARSE_ERROR] [0mUnterminated string
     [38;5;246m╭[0m[38;5;246m─[0m[38;5;246m[[0m src/pages/EditProject.tsx:118:62 [38;5;246m][0m
     [38;5;246m│[0m
 [38;5;246m118 │[0m [38;5;249m [0m[38;5;249m [0m[38;5;249m [0m[38;5;249m [0m[38;5;249m [0m[38;5;249m [0m[38;5;249m [0m[38;5;249m [0m[38;5;249m [0m[38;5;249m [0m[38;5;249m [0m[38;5;249m [0m[38;5;249m [0m[38;5;249m [0m[38;5;249m<[0m[38;5;249mh[0m[38;5;249m2[0m[38;5;249m [0m[38;5;249mc[0m[38;5;249ml[0m[38;5;249ma[0m[38;5;249ms[0m[38;5;249ms[0m[38;5;249mN[0m[38;5;249ma[0m[38;5;249mm[0m[38;5;249me[0m[38;5;249m=[0m[38;5;249m"[0m[38;5;249mt[0m[38;5;249me[0m[38;5;249mx[0m[38;5;249mt[0m[38;5;249m-[0m[38;5;249m2[0m[38;5;249mx[0m[38;5;249ml[0m[38;5;249m [0m[38;5;249mf[0m[38;5;249mo[0m[38;5;249mn[0m[38;5;249mt[0m[38;5;249m-[0m[38;5;249mb[0m[38;5;249mo[0m[38;5;249ml[0m[38;5;249md[0m[38;5;249m [0m[38;5;249mt[0m[38;5;249me[0m[38;5;249mx[0m[38;5;249mt[0m[38;5;249m-[0m[38;5;249mg[0m[38;5;249mr[0m[38;5;249ma[0m[38;5;249my[0m[38;5;249m-[0m[38;5;249m9[0m[38;5;249m0[0m[38;5;249m0[0m">Modifier le projet</h2>
 [38;5;240m    │[0m                                                              ─────────────┬────────────  
 [38;5;240m    │[0m                                                                           ╰────────────── 
[38;5;246m─────╯[0m

  Plugin: [35mvite:oxc[39m
  File: [36mC:/Users/SONY/Desktop/project-manager/src/pages/EditProject.tsx[39m
[2m10:00:50[22m [31m[1m[vite][22m[39m [31m[2m(client)[22m[39m Pre-transform error: Transform failed with 1 error:

[31m[PARSE_ERROR] [0mUnterminated string
    [38;5;246m╭[0m[38;5;246m─[0m[38;5;246m[[0m src/components/Header.tsx:19:43 [38;5;246m][0m
    [38;5;246m│[0m
 [38;5;246m19 │[0m [38;5;249m [0m[38;5;249m [0m[38;5;249m [0m[38;5;249m [0m[38;5;249m [0m[38;5;249m [0m[38;5;249m [0m[38;5;249m [0m[38;5;249m [0m[38;5;249m [0m[38;5;249m<[0m[38;5;249mh[0m[38;5;249m1[0m[38;5;249m [0m[38;5;249mc[0m[38;5;249ml[0m[38;5;249ma[0m[38;5;249ms[0m[38;5;249ms[0m[38;5;249mN[0m[38;5;249ma[0m[38;5;249mm[0m[38;5;249me[0m[38;5;249m=[0m[38;5;249m"[0m[38;5;249mt[0m[38;5;249me[0m[38;5;249mx[0m[38;5;249mt[0m[38;5;249m-[0m[38;5;249mx[0m[38;5;249ml[0m[38;5;249m [0m[38;5;249mf[0m[38;5;249mo[0m[38;5;249mn[0m[38;5;249mt[0m[38;5;249m-[0m[38;5;249mb[0m[38;5;249mo[0m[38;5;249ml[0m[38;5;249md[0m">
 [38;5;240m   │[0m                                           ─┬─  
 [38;5;240m   │[0m                                            ╰─── 
[38;5;246m────╯[0m

  Plugin: [35mvite:oxc[39m
  File: [36mC:/Users/SONY/Desktop/project-manager/src/components/Header.tsx[39m
[2m10:00:50[22m [31m[1m[vite][22m[39m [31m[2m(client)[22m[39m Pre-transform error: Transform failed with 1 error:

[31m[PARSE_ERROR] [0mUnterminated string
    [38;5;246m╭[0m[38;5;246m─[0m[38;5;246m[[0m src/pages/Settings.tsx:90:67 [38;5;246m][0m
    [38;5;246m│[0m
 [38;5;246m90 │[0m [38;5;249m [0m[38;5;249m [0m[38;5;249m [0m[38;5;249m [0m[38;5;249m [0m[38;5;249m [0m[38;5;249m [0m[38;5;249m [0m[38;5;249m [0m[38;5;249m [0m[38;5;249m [0m[38;5;249m [0m[38;5;249m [0m[38;5;249m [0m[38;5;249m [0m[38;5;249m [0m[38;5;249m<[0m[38;5;249mh[0m[38;5;249m3[0m[38;5;249m [0m[38;5;249mc[0m[38;5;249ml[0m[38;5;249ma[0m[38;5;249ms[0m[38;5;249ms[0m[38;5;249mN[0m[38;5;249ma[0m[38;5;249mm[0m[38;5;249me[0m[38;5;249m=[0m[38;5;249m"[0m[38;5;249mt[0m[38;5;249me[0m[38;5;249mx[0m[38;5;249mt[0m[38;5;249m-[0m[38;5;249ml[0m[38;5;249mg[0m[38;5;249m [0m[38;5;249mf[0m[38;5;249mo[0m[38;5;249mn[0m[38;5;249mt[0m[38;5;249m-[0m[38;5;249ms[0m[38;5;249me[0m[38;5;249mm[0m[38;5;249mi[0m[38;5;249mb[0m[38;5;249mo[0m[38;5;249ml[0m[38;5;249md[0m[38;5;249m [0m[38;5;249mt[0m[38;5;249me[0m[38;5;249mx[0m[38;5;249mt[0m[38;5;249m-[0m[38;5;249mg[0m[38;5;249mr[0m[38;5;249ma[0m[38;5;249my[0m[38;5;249m-[0m[38;5;249m9[0m[38;5;249m0[0m[38;5;249m0[0m">Mon compte</h3>
 [38;5;240m   │[0m                                                                   ─────────┬────────  
 [38;5;240m   │[0m                                                                            ╰────────── 
[38;5;246m────╯[0m

  Plugin: [35mvite:oxc[39m
  File: [36mC:/Users/SONY/Desktop/project-manager/src/pages/Settings.tsx[39m
[2m10:00:50[22m [31m[1m[vite][22m[39m [31mInternal server error: Transform failed with 1 error:

[31m[PARSE_ERROR] [0mUnterminated string
    [38;5;246m╭[0m[38;5;246m─[0m[38;5;246m[[0m src/components/Header.tsx:19:43 [38;5;246m][0m
    [38;5;246m│[0m
 [38;5;246m19 │[0m [38;5;249m [0m[38;5;249m [0m[38;5;249m [0m[38;5;249m [0m[38;5;249m [0m[38;5;249m [0m[38;5;249m [0m[38;5;249m [0m[38;5;249m [0m[38;5;249m [0m[38;5;249m<[0m[38;5;249mh[0m[38;5;249m1[0m[38;5;249m [0m[38;5;249mc[0m[38;5;249ml[0m[38;5;249ma[0m[38;5;249ms[0m[38;5;249ms[0m[38;5;249mN[0m[38;5;249ma[0m[38;5;249mm[0m[38;5;249me[0m[38;5;249m=[0m[38;5;249m"[0m[38;5;249mt[0m[38;5;249me[0m[38;5;249mx[0m[38;5;249mt[0m[38;5;249m-[0m[38;5;249mx[0m[38;5;249ml[0m[38;5;249m [0m[38;5;249mf[0m[38;5;249mo[0m[38;5;249mn[0m[38;5;249mt[0m[38;5;249m-[0m[38;5;249mb[0m[38;5;249mo[0m[38;5;249ml[0m[38;5;249md[0m">
 [38;5;240m   │[0m                                           ─┬─  
 [38;5;240m   │[0m                                            ╰─── 
[38;5;246m────╯[0m
[39m
  Plugin: [35mvite:oxc[39m
  File: [36mC:/Users/SONY/Desktop/project-manager/src/components/Header.tsx[39m
      at transformWithOxc (file:///C:/Users/SONY/Desktop/project-manager/node_modules/vite/dist/node/chunks/node.js:7208:19)
      at TransformPluginContext.transform (file:///C:/Users/SONY/Desktop/project-manager/node_modules/vite/dist/node/chunks/node.js:7280:26)
      at EnvironmentPluginContainer.transform (file:///C:/Users/SONY/Desktop/project-manager/node_modules/vite/dist/node/chunks/node.js:8172:51)
      at async loadAndTransform (file:///C:/Users/SONY/Desktop/project-manager/node_modules/vite/dist/node/chunks/node.js:19634:26)
      at async viteTransformMiddleware (file:///C:/Users/SONY/Desktop/project-manager/node_modules/vite/dist/node/chunks/node.js:19853:20)
[2m10:00:50[22m [31m[1m[vite][22m[39m [31mInternal server error: Transform failed with 1 error:

[31m[PARSE_ERROR] [0mUnexpected token
     [38;5;246m╭[0m[38;5;246m─[0m[38;5;246m[[0m src/pages/Login.tsx:149:85 [38;5;246m][0m
     [38;5;246m│[0m
 [38;5;246m149 │[0m [38;5;249m [0m[38;5;249m [0m[38;5;249m [0m[38;5;249m [0m[38;5;249m [0m[38;5;249m [0m[38;5;249m [0m[38;5;249m [0m[38;5;249m [0m[38;5;249m [0m[38;5;249m [0m[38;5;249m [0m[38;5;249m [0m[38;5;249m [0m[38;5;249m<[0m[38;5;249ms[0m[38;5;249mp[0m[38;5;249ma[0m[38;5;249mn[0m[38;5;249m [0m[38;5;249mc[0m[38;5;249ml[0m[38;5;249ma[0m[38;5;249ms[0m[38;5;249ms[0m[38;5;249mN[0m[38;5;249ma[0m[38;5;249mm[0m[38;5;249me[0m[38;5;249m=[0m[38;5;249m"[0m[38;5;249mt[0m[38;5;249me[0m[38;5;249mx[0m[38;5;249mt[0m[38;5;249m-[0m[38;5;249ms[0m[38;5;249mm[0m[38;5;249m [0m[38;5;249mf[0m[38;5;249mo[0m[38;5;249mn[0m[38;5;249mt[0m[38;5;249m-[0m[38;5;249ms[0m[38;5;249me[0m[38;5;249mm[0m[38;5;249mi[0m[38;5;249mb[0m[38;5;249mo[0m[38;5;249ml[0m[38;5;249md[0m[38;5;249m [0m[38;5;249mu[0m[38;5;249mp[0m[38;5;249mp[0m[38;5;249me[0m[38;5;249mr[0m[38;5;249mc[0m[38;5;249ma[0m[38;5;249ms[0m[38;5;249me[0m[38;5;249m [0m[38;5;249mt[0m[38;5;249mr[0m[38;5;249ma[0m[38;5;249mc[0m[38;5;249mk[0m[38;5;249mi[0m[38;5;249mn[0m[38;5;249mg[0m[38;5;249m-[0m[38;5;249mw[0m[38;5;249mi[0m[38;5;249md[0m[38;5;249me[0m[38;5;249ms[0m[38;5;249mt[0m[38;5;249m [0m[38;5;249mt[0m[38;5;249me[0m[38;5;249mx[0m[38;5;249mt[0m[38;5;249m-[0m[[38;5;249m#[0m[38;5;249m5[0m[38;5;249m4[0m[38;5;249m2[0m[38;5;249ma[0m[38;5;249m5[0m[38;5;249m2[0m[38;5;249m][0m[38;5;249m/[0m[38;5;249m7[0m[38;5;249m0[0m[38;5;249m"[0m[38;5;249m>[0m[38;5;249mP[0m[38;5;249mr[0m[38;5;249mo[0m[38;5;249mj[0m[38;5;249me[0m[38;5;249mc[0m[38;5;249mt[0m[38;5;249m [0m[38;5;249mM[0m[38;5;249ma[0m[38;5;249mn[0m[38;5;249ma[0m[38;5;249mg[0m[38;5;249me[0m[38;5;249mr[0m[38;5;249m<[0m[38;5;249m/[0m[38;5;249ms[0m[38;5;249mp[0m[38;5;249ma[0m[38;5;249mn[0m[38;5;249m>[0m
 [38;5;240m    │[0m                                                                                     ┬  
 [38;5;240m    │[0m                                                                                     ╰── 
[38;5;246m─────╯[0m
[39m
  Plugin: [35mvite:oxc[39m
  File: [36mC:/Users/SONY/Desktop/project-manager/src/pages/Login.tsx[39m
      at transformWithOxc (file:///C:/Users/SONY/Desktop/project-manager/node_modules/vite/dist/node/chunks/node.js:7208:19)
      at TransformPluginContext.transform (file:///C:/Users/SONY/Desktop/project-manager/node_modules/vite/dist/node/chunks/node.js:7280:26)
      at EnvironmentPluginContainer.transform (file:///C:/Users/SONY/Desktop/project-manager/node_modules/vite/dist/node/chunks/node.js:8172:51)
      at async loadAndTransform (file:///C:/Users/SONY/Desktop/project-manager/node_modules/vite/dist/node/chunks/node.js:19634:26)
      at async viteTransformMiddleware (file:///C:/Users/SONY/Desktop/project-manager/node_modules/vite/dist/node/chunks/node.js:19853:20)
[2m10:00:50[22m [31m[1m[vite][22m[39m [31mInternal server error: Transform failed with 1 error:

[31m[PARSE_ERROR] [0mUnterminated string
     [38;5;246m╭[0m[38;5;246m─[0m[38;5;246m[[0m src/pages/ResetPassword.tsx:118:69 [38;5;246m][0m
     [38;5;246m│[0m
 [38;5;246m118 │[0m [38;5;249m [0m[38;5;249m [0m[38;5;249m [0m[38;5;249m [0m[38;5;249m [0m[38;5;249m [0m[38;5;249m [0m[38;5;249m [0m[38;5;249m [0m[38;5;249m [0m[38;5;249m [0m[38;5;249m [0m[38;5;249m [0m[38;5;249m [0m[38;5;249m [0m[38;5;249m [0m[38;5;249m<[0m[38;5;249mh[0m[38;5;249m1[0m[38;5;249m [0m[38;5;249mc[0m[38;5;249ml[0m[38;5;249ma[0m[38;5;249ms[0m[38;5;249ms[0m[38;5;249mN[0m[38;5;249ma[0m[38;5;249mm[0m[38;5;249me[0m[38;5;249m=[0m[38;5;249m"[0m[38;5;249mm[0m[38;5;249mb[0m[38;5;249m-[0m[38;5;249m2[0m[38;5;249m [0m[38;5;249mt[0m[38;5;249me[0m[38;5;249mx[0m[38;5;249mt[0m[38;5;249m-[0m[38;5;249m2[0m[38;5;249mx[0m[38;5;249ml[0m[38;5;249m [0m[38;5;249mf[0m[38;5;249mo[0m[38;5;249mn[0m[38;5;249mt[0m[38;5;249m-[0m[38;5;249mb[0m[38;5;249mo[0m[38;5;249ml[0m[38;5;249md[0m[38;5;249m [0m[38;5;249mt[0m[38;5;249me[0m[38;5;249mx[0m[38;5;249mt[0m[38;5;249m-[0m[38;5;249mg[0m[38;5;249mr[0m[38;5;249ma[0m[38;5;249my[0m[38;5;249m-[0m[38;5;249m9[0m[38;5;249m0[0m[38;5;249m0[0m">Nouveau mot de passe</h1>
 [38;5;240m    │[0m                                                                     ──────────────┬─────────────  
 [38;5;240m    │[0m                                                                                   ╰─────────────── 
[38;5;246m─────╯[0m
[39m
  Plugin: [35mvite:oxc[39m
  File: [36mC:/Users/SONY/Desktop/project-manager/src/pages/ResetPassword.tsx[39m
      at transformWithOxc (file:///C:/Users/SONY/Desktop/project-manager/node_modules/vite/dist/node/chunks/node.js:7208:19)
      at TransformPluginContext.transform (file:///C:/Users/SONY/Desktop/project-manager/node_modules/vite/dist/node/chunks/node.js:7280:26)
      at EnvironmentPluginContainer.transform (file:///C:/Users/SONY/Desktop/project-manager/node_modules/vite/dist/node/chunks/node.js:8172:51)
      at async loadAndTransform (file:///C:/Users/SONY/Desktop/project-manager/node_modules/vite/dist/node/chunks/node.js:19634:26)
      at async viteTransformMiddleware (file:///C:/Users/SONY/Desktop/project-manager/node_modules/vite/dist/node/chunks/node.js:19853:20)
[2m10:00:50[22m [31m[1m[vite][22m[39m [31mInternal server error: Transform failed with 1 error:

[31m[PARSE_ERROR] [0mUnterminated string
    [38;5;246m╭[0m[38;5;246m─[0m[38;5;246m[[0m src/pages/ForgotPassword.tsx:99:69 [38;5;246m][0m
    [38;5;246m│[0m
 [38;5;246m99 │[0m [38;5;249m [0m[38;5;249m [0m[38;5;249m [0m[38;5;249m [0m[38;5;249m [0m[38;5;249m [0m[38;5;249m [0m[38;5;249m [0m[38;5;249m [0m[38;5;249m [0m[38;5;249m [0m[38;5;249m [0m[38;5;249m [0m[38;5;249m [0m[38;5;249m [0m[38;5;249m [0m[38;5;249m<[0m[38;5;249mh[0m[38;5;249m1[0m[38;5;249m [0m[38;5;249mc[0m[38;5;249ml[0m[38;5;249ma[0m[38;5;249ms[0m[38;5;249ms[0m[38;5;249mN[0m[38;5;249ma[0m[38;5;249mm[0m[38;5;249me[0m[38;5;249m=[0m[38;5;249m"[0m[38;5;249mm[0m[38;5;249mb[0m[38;5;249m-[0m[38;5;249m2[0m[38;5;249m [0m[38;5;249mt[0m[38;5;249me[0m[38;5;249mx[0m[38;5;249mt[0m[38;5;249m-[0m[38;5;249m2[0m[38;5;249mx[0m[38;5;249ml[0m[38;5;249m [0m[38;5;249mf[0m[38;5;249mo[0m[38;5;249mn[0m[38;5;249mt[0m[38;5;249m-[0m[38;5;249mb[0m[38;5;249mo[0m[38;5;249ml[0m[38;5;249md[0m[38;5;249m [0m[38;5;249mt[0m[38;5;249me[0m[38;5;249mx[0m[38;5;249mt[0m[38;5;249m-[0m[38;5;249mg[0m[38;5;249mr[0m[38;5;249ma[0m[38;5;249my[0m[38;5;249m-[0m[38;5;249m9[0m[38;5;249m0[0m[38;5;249m0[0m">Mot de passe oublié ?</h1>
 [38;5;240m   │[0m                                                                     ──────────────┬──────────────  
 [38;5;240m   │[0m                                                                                   ╰──────────────── 
[38;5;246m────╯[0m
[39m
  Plugin: [35mvite:oxc[39m
  File: [36mC:/Users/SONY/Desktop/project-manager/src/pages/ForgotPassword.tsx[39m
      at transformWithOxc (file:///C:/Users/SONY/Desktop/project-manager/node_modules/vite/dist/node/chunks/node.js:7208:19)
      at TransformPluginContext.transform (file:///C:/Users/SONY/Desktop/project-manager/node_modules/vite/dist/node/chunks/node.js:7280:26)
      at EnvironmentPluginContainer.transform (file:///C:/Users/SONY/Desktop/project-manager/node_modules/vite/dist/node/chunks/node.js:8172:51)
      at async loadAndTransform (file:///C:/Users/SONY/Desktop/project-manager/node_modules/vite/dist/node/chunks/node.js:19634:26)
      at async viteTransformMiddleware (file:///C:/Users/SONY/Desktop/project-manager/node_modules/vite/dist/node/chunks/node.js:19853:20)
[2m10:00:50[22m [31m[1m[vite][22m[39m [31mInternal server error: Transform failed with 1 error:

[31m[PARSE_ERROR] [0mUnterminated string
    [38;5;246m╭[0m[38;5;246m─[0m[38;5;246m[[0m src/pages/NewProject.tsx:58:62 [38;5;246m][0m
    [38;5;246m│[0m
 [38;5;246m58 │[0m [38;5;249m [0m[38;5;249m [0m[38;5;249m [0m[38;5;249m [0m[38;5;249m [0m[38;5;249m [0m[38;5;249m [0m[38;5;249m [0m[38;5;249m [0m[38;5;249m [0m[38;5;249m [0m[38;5;249m [0m[38;5;249m [0m[38;5;249m [0m[38;5;249m<[0m[38;5;249mh[0m[38;5;249m2[0m[38;5;249m [0m[38;5;249mc[0m[38;5;249ml[0m[38;5;249ma[0m[38;5;249ms[0m[38;5;249ms[0m[38;5;249mN[0m[38;5;249ma[0m[38;5;249mm[0m[38;5;249me[0m[38;5;249m=[0m[38;5;249m"[0m[38;5;249mt[0m[38;5;249me[0m[38;5;249mx[0m[38;5;249mt[0m[38;5;249m-[0m[38;5;249m2[0m[38;5;249mx[0m[38;5;249ml[0m[38;5;249m [0m[38;5;249mf[0m[38;5;249mo[0m[38;5;249mn[0m[38;5;249mt[0m[38;5;249m-[0m[38;5;249mb[0m[38;5;249mo[0m[38;5;249ml[0m[38;5;249md[0m[38;5;249m [0m[38;5;249mt[0m[38;5;249me[0m[38;5;249mx[0m[38;5;249mt[0m[38;5;249m-[0m[38;5;249mg[0m[38;5;249mr[0m[38;5;249ma[0m[38;5;249my[0m[38;5;249m-[0m[38;5;249m9[0m[38;5;249m0[0m[38;5;249m0[0m">Nouveau projet</h2>
 [38;5;240m   │[0m                                                              ───────────┬──────────  
 [38;5;240m   │[0m                                                                         ╰──────────── 
[38;5;246m────╯[0m
[39m
  Plugin: [35mvite:oxc[39m
  File: [36mC:/Users/SONY/Desktop/project-manager/src/pages/NewProject.tsx[39m
      at transformWithOxc (file:///C:/Users/SONY/Desktop/project-manager/node_modules/vite/dist/node/chunks/node.js:7208:19)
      at TransformPluginContext.transform (file:///C:/Users/SONY/Desktop/project-manager/node_modules/vite/dist/node/chunks/node.js:7280:26)
      at EnvironmentPluginContainer.transform (file:///C:/Users/SONY/Desktop/project-manager/node_modules/vite/dist/node/chunks/node.js:8172:51)
      at async loadAndTransform (file:///C:/Users/SONY/Desktop/project-manager/node_modules/vite/dist/node/chunks/node.js:19634:26)
      at async viteTransformMiddleware (file:///C:/Users/SONY/Desktop/project-manager/node_modules/vite/dist/node/chunks/node.js:19853:20)
[2m10:00:50[22m [31m[1m[vite][22m[39m [31m[2m(client)[22m[39m Pre-transform error: Transform failed with 1 error:

[31m[PARSE_ERROR] [0mUnterminated string
     [38;5;246m╭[0m[38;5;246m─[0m[38;5;246m[[0m src/pages/EditProject.tsx:118:62 [38;5;246m][0m
     [38;5;246m│[0m
 [38;5;246m118 │[0m [38;5;249m [0m[38;5;249m [0m[38;5;249m [0m[38;5;249m [0m[38;5;249m [0m[38;5;249m [0m[38;5;249m [0m[38;5;249m [0m[38;5;249m [0m[38;5;249m [0m[38;5;249m [0m[38;5;249m [0m[38;5;249m [0m[38;5;249m [0m[38;5;249m<[0m[38;5;249mh[0m[38;5;249m2[0m[38;5;249m [0m[38;5;249mc[0m[38;5;249ml[0m[38;5;249ma[0m[38;5;249ms[0m[38;5;249ms[0m[38;5;249mN[0m[38;5;249ma[0m[38;5;249mm[0m[38;5;249me[0m[38;5;249m=[0m[38;5;249m"[0m[38;5;249mt[0m[38;5;249me[0m[38;5;249mx[0m[38;5;249mt[0m[38;5;249m-[0m[38;5;249m2[0m[38;5;249mx[0m[38;5;249ml[0m[38;5;249m [0m[38;5;249mf[0m[38;5;249mo[0m[38;5;249mn[0m[38;5;249mt[0m[38;5;249m-[0m[38;5;249mb[0m[38;5;249mo[0m[38;5;249ml[0m[38;5;249md[0m[38;5;249m [0m[38;5;249mt[0m[38;5;249me[0m[38;5;249mx[0m[38;5;249mt[0m[38;5;249m-[0m[38;5;249mg[0m[38;5;249mr[0m[38;5;249ma[0m[38;5;249my[0m[38;5;249m-[0m[38;5;249m9[0m[38;5;249m0[0m[38;5;249m0[0m">Modifier le projet</h2>
 [38;5;240m    │[0m                                                              ─────────────┬────────────  
 [38;5;240m    │[0m                                                                           ╰────────────── 
[38;5;246m─────╯[0m

  Plugin: [35mvite:oxc[39m
  File: [36mC:/Users/SONY/Desktop/project-manager/src/pages/EditProject.tsx[39m
[2m10:00:50[22m [31m[1m[vite][22m[39m [31mInternal server error: Transform failed with 1 error:

[31m[PARSE_ERROR] [0mUnterminated string
     [38;5;246m╭[0m[38;5;246m─[0m[38;5;246m[[0m src/pages/EditProject.tsx:118:62 [38;5;246m][0m
     [38;5;246m│[0m
 [38;5;246m118 │[0m [38;5;249m [0m[38;5;249m [0m[38;5;249m [0m[38;5;249m [0m[38;5;249m [0m[38;5;249m [0m[38;5;249m [0m[38;5;249m [0m[38;5;249m [0m[38;5;249m [0m[38;5;249m [0m[38;5;249m [0m[38;5;249m [0m[38;5;249m [0m[38;5;249m<[0m[38;5;249mh[0m[38;5;249m2[0m[38;5;249m [0m[38;5;249mc[0m[38;5;249ml[0m[38;5;249ma[0m[38;5;249ms[0m[38;5;249ms[0m[38;5;249mN[0m[38;5;249ma[0m[38;5;249mm[0m[38;5;249me[0m[38;5;249m=[0m[38;5;249m"[0m[38;5;249mt[0m[38;5;249me[0m[38;5;249mx[0m[38;5;249mt[0m[38;5;249m-[0m[38;5;249m2[0m[38;5;249mx[0m[38;5;249ml[0m[38;5;249m [0m[38;5;249mf[0m[38;5;249mo[0m[38;5;249mn[0m[38;5;249mt[0m[38;5;249m-[0m[38;5;249mb[0m[38;5;249mo[0m[38;5;249ml[0m[38;5;249md[0m[38;5;249m [0m[38;5;249mt[0m[38;5;249me[0m[38;5;249mx[0m[38;5;249mt[0m[38;5;249m-[0m[38;5;249mg[0m[38;5;249mr[0m[38;5;249ma[0m[38;5;249my[0m[38;5;249m-[0m[38;5;249m9[0m[38;5;249m0[0m[38;5;249m0[0m">Modifier le projet</h2>
 [38;5;240m    │[0m                                                              ─────────────┬────────────  
 [38;5;240m    │[0m                                                                           ╰────────────── 
[38;5;246m─────╯[0m
[39m
  Plugin: [35mvite:oxc[39m
  File: [36mC:/Users/SONY/Desktop/project-manager/src/pages/EditProject.tsx[39m
      at transformWithOxc (file:///C:/Users/SONY/Desktop/project-manager/node_modules/vite/dist/node/chunks/node.js:7208:19)
      at TransformPluginContext.transform (file:///C:/Users/SONY/Desktop/project-manager/node_modules/vite/dist/node/chunks/node.js:7280:26)
      at EnvironmentPluginContainer.transform (file:///C:/Users/SONY/Desktop/project-manager/node_modules/vite/dist/node/chunks/node.js:8172:51)
      at async loadAndTransform (file:///C:/Users/SONY/Desktop/project-manager/node_modules/vite/dist/node/chunks/node.js:19634:26)
[2m10:00:50[22m [31m[1m[vite][22m[39m [31m[2m(client)[22m[39m Pre-transform error: Transform failed with 1 error:

[31m[PARSE_ERROR] [0mUnterminated string
    [38;5;246m╭[0m[38;5;246m─[0m[38;5;246m[[0m src/components/Header.tsx:19:43 [38;5;246m][0m
    [38;5;246m│[0m
 [38;5;246m19 │[0m [38;5;249m [0m[38;5;249m [0m[38;5;249m [0m[38;5;249m [0m[38;5;249m [0m[38;5;249m [0m[38;5;249m [0m[38;5;249m [0m[38;5;249m [0m[38;5;249m [0m[38;5;249m<[0m[38;5;249mh[0m[38;5;249m1[0m[38;5;249m [0m[38;5;249mc[0m[38;5;249ml[0m[38;5;249ma[0m[38;5;249ms[0m[38;5;249ms[0m[38;5;249mN[0m[38;5;249ma[0m[38;5;249mm[0m[38;5;249me[0m[38;5;249m=[0m[38;5;249m"[0m[38;5;249mt[0m[38;5;249me[0m[38;5;249mx[0m[38;5;249mt[0m[38;5;249m-[0m[38;5;249mx[0m[38;5;249ml[0m[38;5;249m [0m[38;5;249mf[0m[38;5;249mo[0m[38;5;249mn[0m[38;5;249mt[0m[38;5;249m-[0m[38;5;249mb[0m[38;5;249mo[0m[38;5;249ml[0m[38;5;249md[0m">
 [38;5;240m   │[0m                                           ─┬─  
 [38;5;240m   │[0m                                            ╰─── 
[38;5;246m────╯[0m

  Plugin: [35mvite:oxc[39m
  File: [36mC:/Users/SONY/Desktop/project-manager/src/components/Header.tsx[39m
[2m10:00:50[22m [31m[1m[vite][22m[39m [31m[2m(client)[22m[39m Pre-transform error: Transform failed with 1 error:

[31m[PARSE_ERROR] [0mUnterminated string
    [38;5;246m╭[0m[38;5;246m─[0m[38;5;246m[[0m src/pages/ForgotPassword.tsx:99:69 [38;5;246m][0m
    [38;5;246m│[0m
 [38;5;246m99 │[0m [38;5;249m [0m[38;5;249m [0m[38;5;249m [0m[38;5;249m [0m[38;5;249m [0m[38;5;249m [0m[38;5;249m [0m[38;5;249m [0m[38;5;249m [0m[38;5;249m [0m[38;5;249m [0m[38;5;249m [0m[38;5;249m [0m[38;5;249m [0m[38;5;249m [0m[38;5;249m [0m[38;5;249m<[0m[38;5;249mh[0m[38;5;249m1[0m[38;5;249m [0m[38;5;249mc[0m[38;5;249ml[0m[38;5;249ma[0m[38;5;249ms[0m[38;5;249ms[0m[38;5;249mN[0m[38;5;249ma[0m[38;5;249mm[0m[38;5;249me[0m[38;5;249m=[0m[38;5;249m"[0m[38;5;249mm[0m[38;5;249mb[0m[38;5;249m-[0m[38;5;249m2[0m[38;5;249m [0m[38;5;249mt[0m[38;5;249me[0m[38;5;249mx[0m[38;5;249mt[0m[38;5;249m-[0m[38;5;249m2[0m[38;5;249mx[0m[38;5;249ml[0m[38;5;249m [0m[38;5;249mf[0m[38;5;249mo[0m[38;5;249mn[0m[38;5;249mt[0m[38;5;249m-[0m[38;5;249mb[0m[38;5;249mo[0m[38;5;249ml[0m[38;5;249md[0m[38;5;249m [0m[38;5;249mt[0m[38;5;249me[0m[38;5;249mx[0m[38;5;249mt[0m[38;5;249m-[0m[38;5;249mg[0m[38;5;249mr[0m[38;5;249ma[0m[38;5;249my[0m[38;5;249m-[0m[38;5;249m9[0m[38;5;249m0[0m[38;5;249m0[0m">Mot de passe oublié ?</h1>
 [38;5;240m   │[0m                                                                     ──────────────┬──────────────  
 [38;5;240m   │[0m                                                                                   ╰──────────────── 
[38;5;246m────╯[0m

  Plugin: [35mvite:oxc[39m
  File: [36mC:/Users/SONY/Desktop/project-manager/src/pages/ForgotPassword.tsx[39m
[2m10:00:50[22m [31m[1m[vite][22m[39m [31m[2m(client)[22m[39m Pre-transform error: Transform failed with 1 error:

[31m[PARSE_ERROR] [0mUnexpected token
     [38;5;246m╭[0m[38;5;246m─[0m[38;5;246m[[0m src/pages/Login.tsx:149:85 [38;5;246m][0m
     [38;5;246m│[0m
 [38;5;246m149 │[0m [38;5;249m [0m[38;5;249m [0m[38;5;249m [0m[38;5;249m [0m[38;5;249m [0m[38;5;249m [0m[38;5;249m [0m[38;5;249m [0m[38;5;249m [0m[38;5;249m [0m[38;5;249m [0m[38;5;249m [0m[38;5;249m [0m[38;5;249m [0m[38;5;249m<[0m[38;5;249ms[0m[38;5;249mp[0m[38;5;249ma[0m[38;5;249mn[0m[38;5;249m [0m[38;5;249mc[0m[38;5;249ml[0m[38;5;249ma[0m[38;5;249ms[0m[38;5;249ms[0m[38;5;249mN[0m[38;5;249ma[0m[38;5;249mm[0m[38;5;249me[0m[38;5;249m=[0m[38;5;249m"[0m[38;5;249mt[0m[38;5;249me[0m[38;5;249mx[0m[38;5;249mt[0m[38;5;249m-[0m[38;5;249ms[0m[38;5;249mm[0m[38;5;249m [0m[38;5;249mf[0m[38;5;249mo[0m[38;5;249mn[0m[38;5;249mt[0m[38;5;249m-[0m[38;5;249ms[0m[38;5;249me[0m[38;5;249mm[0m[38;5;249mi[0m[38;5;249mb[0m[38;5;249mo[0m[38;5;249ml[0m[38;5;249md[0m[38;5;249m [0m[38;5;249mu[0m[38;5;249mp[0m[38;5;249mp[0m[38;5;249me[0m[38;5;249mr[0m[38;5;249mc[0m[38;5;249ma[0m[38;5;249ms[0m[38;5;249me[0m[38;5;249m [0m[38;5;249mt[0m[38;5;249mr[0m[38;5;249ma[0m[38;5;249mc[0m[38;5;249mk[0m[38;5;249mi[0m[38;5;249mn[0m[38;5;249mg[0m[38;5;249m-[0m[38;5;249mw[0m[38;5;249mi[0m[38;5;249md[0m[38;5;249me[0m[38;5;249ms[0m[38;5;249mt[0m[38;5;249m [0m[38;5;249mt[0m[38;5;249me[0m[38;5;249mx[0m[38;5;249mt[0m[38;5;249m-[0m[[38;5;249m#[0m[38;5;249m5[0m[38;5;249m4[0m[38;5;249m2[0m[38;5;249ma[0m[38;5;249m5[0m[38;5;249m2[0m[38;5;249m][0m[38;5;249m/[0m[38;5;249m7[0m[38;5;249m0[0m[38;5;249m"[0m[38;5;249m>[0m[38;5;249mP[0m[38;5;249mr[0m[38;5;249mo[0m[38;5;249mj[0m[38;5;249me[0m[38;5;249mc[0m[38;5;249mt[0m[38;5;249m [0m[38;5;249mM[0m[38;5;249ma[0m[38;5;249mn[0m[38;5;249ma[0m[38;5;249mg[0m[38;5;249me[0m[38;5;249mr[0m[38;5;249m<[0m[38;5;249m/[0m[38;5;249ms[0m[38;5;249mp[0m[38;5;249ma[0m[38;5;249mn[0m[38;5;249m>[0m
 [38;5;240m    │[0m                                                                                     ┬  
 [38;5;240m    │[0m                                                                                     ╰── 
[38;5;246m─────╯[0m

  Plugin: [35mvite:oxc[39m
  File: [36mC:/Users/SONY/Desktop/project-manager/src/pages/Login.tsx[39m
[2m10:00:50[22m [31m[1m[vite][22m[39m [31m[2m(client)[22m[39m Pre-transform error: Transform failed with 1 error:

[31m[PARSE_ERROR] [0mUnterminated string
     [38;5;246m╭[0m[38;5;246m─[0m[38;5;246m[[0m src/pages/ResetPassword.tsx:118:69 [38;5;246m][0m
     [38;5;246m│[0m
 [38;5;246m118 │[0m [38;5;249m [0m[38;5;249m [0m[38;5;249m [0m[38;5;249m [0m[38;5;249m [0m[38;5;249m [0m[38;5;249m [0m[38;5;249m [0m[38;5;249m [0m[38;5;249m [0m[38;5;249m [0m[38;5;249m [0m[38;5;249m [0m[38;5;249m [0m[38;5;249m [0m[38;5;249m [0m[38;5;249m<[0m[38;5;249mh[0m[38;5;249m1[0m[38;5;249m [0m[38;5;249mc[0m[38;5;249ml[0m[38;5;249ma[0m[38;5;249ms[0m[38;5;249ms[0m[38;5;249mN[0m[38;5;249ma[0m[38;5;249mm[0m[38;5;249me[0m[38;5;249m=[0m[38;5;249m"[0m[38;5;249mm[0m[38;5;249mb[0m[38;5;249m-[0m[38;5;249m2[0m[38;5;249m [0m[38;5;249mt[0m[38;5;249me[0m[38;5;249mx[0m[38;5;249mt[0m[38;5;249m-[0m[38;5;249m2[0m[38;5;249mx[0m[38;5;249ml[0m[38;5;249m [0m[38;5;249mf[0m[38;5;249mo[0m[38;5;249mn[0m[38;5;249mt[0m[38;5;249m-[0m[38;5;249mb[0m[38;5;249mo[0m[38;5;249ml[0m[38;5;249md[0m[38;5;249m [0m[38;5;249mt[0m[38;5;249me[0m[38;5;249mx[0m[38;5;249mt[0m[38;5;249m-[0m[38;5;249mg[0m[38;5;249mr[0m[38;5;249ma[0m[38;5;249my[0m[38;5;249m-[0m[38;5;249m9[0m[38;5;249m0[0m[38;5;249m0[0m">Nouveau mot de passe</h1>
 [38;5;240m    │[0m                                                                     ──────────────┬─────────────  
 [38;5;240m    │[0m                                                                                   ╰─────────────── 
[38;5;246m─────╯[0m

  Plugin: [35mvite:oxc[39m
  File: [36mC:/Users/SONY/Desktop/project-manager/src/pages/ResetPassword.tsx[39m
[2m10:00:50[22m [31m[1m[vite][22m[39m [31mInternal server error: Transform failed with 1 error:

[31m[PARSE_ERROR] [0mUnterminated string
    [38;5;246m╭[0m[38;5;246m─[0m[38;5;246m[[0m src/pages/Settings.tsx:90:67 [38;5;246m][0m
    [38;5;246m│[0m
 [38;5;246m90 │[0m [38;5;249m [0m[38;5;249m [0m[38;5;249m [0m[38;5;249m [0m[38;5;249m [0m[38;5;249m [0m[38;5;249m [0m[38;5;249m [0m[38;5;249m [0m[38;5;249m [0m[38;5;249m [0m[38;5;249m [0m[38;5;249m [0m[38;5;249m [0m[38;5;249m [0m[38;5;249m [0m[38;5;249m<[0m[38;5;249mh[0m[38;5;249m3[0m[38;5;249m [0m[38;5;249mc[0m[38;5;249ml[0m[38;5;249ma[0m[38;5;249ms[0m[38;5;249ms[0m[38;5;249mN[0m[38;5;249ma[0m[38;5;249mm[0m[38;5;249me[0m[38;5;249m=[0m[38;5;249m"[0m[38;5;249mt[0m[38;5;249me[0m[38;5;249mx[0m[38;5;249mt[0m[38;5;249m-[0m[38;5;249ml[0m[38;5;249mg[0m[38;5;249m [0m[38;5;249mf[0m[38;5;249mo[0m[38;5;249mn[0m[38;5;249mt[0m[38;5;249m-[0m[38;5;249ms[0m[38;5;249me[0m[38;5;249mm[0m[38;5;249mi[0m[38;5;249mb[0m[38;5;249mo[0m[38;5;249ml[0m[38;5;249md[0m[38;5;249m [0m[38;5;249mt[0m[38;5;249me[0m[38;5;249mx[0m[38;5;249mt[0m[38;5;249m-[0m[38;5;249mg[0m[38;5;249mr[0m[38;5;249ma[0m[38;5;249my[0m[38;5;249m-[0m[38;5;249m9[0m[38;5;249m0[0m[38;5;249m0[0m">Mon compte</h3>
 [38;5;240m   │[0m                                                                   ─────────┬────────  
 [38;5;240m   │[0m                                                                            ╰────────── 
[38;5;246m────╯[0m
[39m
  Plugin: [35mvite:oxc[39m
  File: [36mC:/Users/SONY/Desktop/project-manager/src/pages/Settings.tsx[39m
      at transformWithOxc (file:///C:/Users/SONY/Desktop/project-manager/node_modules/vite/dist/node/chunks/node.js:7208:19)
      at TransformPluginContext.transform (file:///C:/Users/SONY/Desktop/project-manager/node_modules/vite/dist/node/chunks/node.js:7280:26)
      at EnvironmentPluginContainer.transform (file:///C:/Users/SONY/Desktop/project-manager/node_modules/vite/dist/node/chunks/node.js:8172:51)
      at async loadAndTransform (file:///C:/Users/SONY/Desktop/project-manager/node_modules/vite/dist/node/chunks/node.js:19634:26)
[2m10:00:50[22m [31m[1m[vite][22m[39m [31m[2m(client)[22m[39m Pre-transform error: Transform failed with 1 error:

[31m[PARSE_ERROR] [0mUnterminated string
    [38;5;246m╭[0m[38;5;246m─[0m[38;5;246m[[0m src/pages/Settings.tsx:90:67 [38;5;246m][0m
    [38;5;246m│[0m
 [38;5;246m90 │[0m [38;5;249m [0m[38;5;249m [0m[38;5;249m [0m[38;5;249m [0m[38;5;249m [0m[38;5;249m [0m[38;5;249m [0m[38;5;249m [0m[38;5;249m [0m[38;5;249m [0m[38;5;249m [0m[38;5;249m [0m[38;5;249m [0m[38;5;249m [0m[38;5;249m [0m[38;5;249m [0m[38;5;249m<[0m[38;5;249mh[0m[38;5;249m3[0m[38;5;249m [0m[38;5;249mc[0m[38;5;249ml[0m[38;5;249ma[0m[38;5;249ms[0m[38;5;249ms[0m[38;5;249mN[0m[38;5;249ma[0m[38;5;249mm[0m[38;5;249me[0m[38;5;249m=[0m[38;5;249m"[0m[38;5;249mt[0m[38;5;249me[0m[38;5;249mx[0m[38;5;249mt[0m[38;5;249m-[0m[38;5;249ml[0m[38;5;249mg[0m[38;5;249m [0m[38;5;249mf[0m[38;5;249mo[0m[38;5;249mn[0m[38;5;249mt[0m[38;5;249m-[0m[38;5;249ms[0m[38;5;249me[0m[38;5;249mm[0m[38;5;249mi[0m[38;5;249mb[0m[38;5;249mo[0m[38;5;249ml[0m[38;5;249md[0m[38;5;249m [0m[38;5;249mt[0m[38;5;249me[0m[38;5;249mx[0m[38;5;249mt[0m[38;5;249m-[0m[38;5;249mg[0m[38;5;249mr[0m[38;5;249ma[0m[38;5;249my[0m[38;5;249m-[0m[38;5;249m9[0m[38;5;249m0[0m[38;5;249m0[0m">Mon compte</h3>
 [38;5;240m   │[0m                                                                   ─────────┬────────  
 [38;5;240m   │[0m                                                                            ╰────────── 
[38;5;246m────╯[0m

  Plugin: [35mvite:oxc[39m
  File: [36mC:/Users/SONY/Desktop/project-manager/src/pages/Settings.tsx[39m
[2m10:00:50[22m [31m[1m[vite][22m[39m [31m[2m(client)[22m[39m Pre-transform error: Transform failed with 1 error:

[31m[PARSE_ERROR] [0mUnterminated string
    [38;5;246m╭[0m[38;5;246m─[0m[38;5;246m[[0m src/pages/NewProject.tsx:58:62 [38;5;246m][0m
    [38;5;246m│[0m
 [38;5;246m58 │[0m [38;5;249m [0m[38;5;249m [0m[38;5;249m [0m[38;5;249m [0m[38;5;249m [0m[38;5;249m [0m[38;5;249m [0m[38;5;249m [0m[38;5;249m [0m[38;5;249m [0m[38;5;249m [0m[38;5;249m [0m[38;5;249m [0m[38;5;249m [0m[38;5;249m<[0m[38;5;249mh[0m[38;5;249m2[0m[38;5;249m [0m[38;5;249mc[0m[38;5;249ml[0m[38;5;249ma[0m[38;5;249ms[0m[38;5;249ms[0m[38;5;249mN[0m[38;5;249ma[0m[38;5;249mm[0m[38;5;249me[0m[38;5;249m=[0m[38;5;249m"[0m[38;5;249mt[0m[38;5;249me[0m[38;5;249mx[0m[38;5;249mt[0m[38;5;249m-[0m[38;5;249m2[0m[38;5;249mx[0m[38;5;249ml[0m[38;5;249m [0m[38;5;249mf[0m[38;5;249mo[0m[38;5;249mn[0m[38;5;249mt[0m[38;5;249m-[0m[38;5;249mb[0m[38;5;249mo[0m[38;5;249ml[0m[38;5;249md[0m[38;5;249m [0m[38;5;249mt[0m[38;5;249me[0m[38;5;249mx[0m[38;5;249mt[0m[38;5;249m-[0m[38;5;249mg[0m[38;5;249mr[0m[38;5;249ma[0m[38;5;249my[0m[38;5;249m-[0m[38;5;249m9[0m[38;5;249m0[0m[38;5;249m0[0m">Nouveau projet</h2>
 [38;5;240m   │[0m                                                              ───────────┬──────────  
 [38;5;240m   │[0m                                                                         ╰──────────── 
[38;5;246m────╯[0m

  Plugin: [35mvite:oxc[39m
  File: [36mC:/Users/SONY/Desktop/project-manager/src/pages/NewProject.tsx[39m
[2m10:00:50[22m [31m[1m[vite][22m[39m [31mInternal server error: Transform failed with 1 error:

[31m[PARSE_ERROR] [0mUnterminated string
    [38;5;246m╭[0m[38;5;246m─[0m[38;5;246m[[0m src/components/Header.tsx:19:43 [38;5;246m][0m
    [38;5;246m│[0m
 [38;5;246m19 │[0m [38;5;249m [0m[38;5;249m [0m[38;5;249m [0m[38;5;249m [0m[38;5;249m [0m[38;5;249m [0m[38;5;249m [0m[38;5;249m [0m[38;5;249m [0m[38;5;249m [0m[38;5;249m<[0m[38;5;249mh[0m[38;5;249m1[0m[38;5;249m [0m[38;5;249mc[0m[38;5;249ml[0m[38;5;249ma[0m[38;5;249ms[0m[38;5;249ms[0m[38;5;249mN[0m[38;5;249ma[0m[38;5;249mm[0m[38;5;249me[0m[38;5;249m=[0m[38;5;249m"[0m[38;5;249mt[0m[38;5;249me[0m[38;5;249mx[0m[38;5;249mt[0m[38;5;249m-[0m[38;5;249mx[0m[38;5;249ml[0m[38;5;249m [0m[38;5;249mf[0m[38;5;249mo[0m[38;5;249mn[0m[38;5;249mt[0m[38;5;249m-[0m[38;5;249mb[0m[38;5;249mo[0m[38;5;249ml[0m[38;5;249md[0m">
 [38;5;240m   │[0m                                           ─┬─  
 [38;5;240m   │[0m                                            ╰─── 
[38;5;246m────╯[0m
[39m
  Plugin: [35mvite:oxc[39m
  File: [36mC:/Users/SONY/Desktop/project-manager/src/components/Header.tsx[39m
      at transformWithOxc (file:///C:/Users/SONY/Desktop/project-manager/node_modules/vite/dist/node/chunks/node.js:7208:19)
      at TransformPluginContext.transform (file:///C:/Users/SONY/Desktop/project-manager/node_modules/vite/dist/node/chunks/node.js:7280:26)
      at EnvironmentPluginContainer.transform (file:///C:/Users/SONY/Desktop/project-manager/node_modules/vite/dist/node/chunks/node.js:8172:51)
      at async loadAndTransform (file:///C:/Users/SONY/Desktop/project-manager/node_modules/vite/dist/node/chunks/node.js:19634:26)
      at async viteTransformMiddleware (file:///C:/Users/SONY/Desktop/project-manager/node_modules/vite/dist/node/chunks/node.js:19853:20)
[2m10:00:50[22m [31m[1m[vite][22m[39m [31mInternal server error: Transform failed with 1 error:

[31m[PARSE_ERROR] [0mUnexpected token
     [38;5;246m╭[0m[38;5;246m─[0m[38;5;246m[[0m src/pages/Login.tsx:149:85 [38;5;246m][0m
     [38;5;246m│[0m
 [38;5;246m149 │[0m [38;5;249m [0m[38;5;249m [0m[38;5;249m [0m[38;5;249m [0m[38;5;249m [0m[38;5;249m [0m[38;5;249m [0m[38;5;249m [0m[38;5;249m [0m[38;5;249m [0m[38;5;249m [0m[38;5;249m [0m[38;5;249m [0m[38;5;249m [0m[38;5;249m<[0m[38;5;249ms[0m[38;5;249mp[0m[38;5;249ma[0m[38;5;249mn[0m[38;5;249m [0m[38;5;249mc[0m[38;5;249ml[0m[38;5;249ma[0m[38;5;249ms[0m[38;5;249ms[0m[38;5;249mN[0m[38;5;249ma[0m[38;5;249mm[0m[38;5;249me[0m[38;5;249m=[0m[38;5;249m"[0m[38;5;249mt[0m[38;5;249me[0m[38;5;249mx[0m[38;5;249mt[0m[38;5;249m-[0m[38;5;249ms[0m[38;5;249mm[0m[38;5;249m [0m[38;5;249mf[0m[38;5;249mo[0m[38;5;249mn[0m[38;5;249mt[0m[38;5;249m-[0m[38;5;249ms[0m[38;5;249me[0m[38;5;249mm[0m[38;5;249mi[0m[38;5;249mb[0m[38;5;249mo[0m[38;5;249ml[0m[38;5;249md[0m[38;5;249m [0m[38;5;249mu[0m[38;5;249mp[0m[38;5;249mp[0m[38;5;249me[0m[38;5;249mr[0m[38;5;249mc[0m[38;5;249ma[0m[38;5;249ms[0m[38;5;249me[0m[38;5;249m [0m[38;5;249mt[0m[38;5;249mr[0m[38;5;249ma[0m[38;5;249mc[0m[38;5;249mk[0m[38;5;249mi[0m[38;5;249mn[0m[38;5;249mg[0m[38;5;249m-[0m[38;5;249mw[0m[38;5;249mi[0m[38;5;249md[0m[38;5;249me[0m[38;5;249ms[0m[38;5;249mt[0m[38;5;249m [0m[38;5;249mt[0m[38;5;249me[0m[38;5;249mx[0m[38;5;249mt[0m[38;5;249m-[0m[[38;5;249m#[0m[38;5;249m5[0m[38;5;249m4[0m[38;5;249m2[0m[38;5;249ma[0m[38;5;249m5[0m[38;5;249m2[0m[38;5;249m][0m[38;5;249m/[0m[38;5;249m7[0m[38;5;249m0[0m[38;5;249m"[0m[38;5;249m>[0m[38;5;249mP[0m[38;5;249mr[0m[38;5;249mo[0m[38;5;249mj[0m[38;5;249me[0m[38;5;249mc[0m[38;5;249mt[0m[38;5;249m [0m[38;5;249mM[0m[38;5;249ma[0m[38;5;249mn[0m[38;5;249ma[0m[38;5;249mg[0m[38;5;249me[0m[38;5;249mr[0m[38;5;249m<[0m[38;5;249m/[0m[38;5;249ms[0m[38;5;249mp[0m[38;5;249ma[0m[38;5;249mn[0m[38;5;249m>[0m
 [38;5;240m    │[0m                                                                                     ┬  
 [38;5;240m    │[0m                                                                                     ╰── 
[38;5;246m─────╯[0m
[39m
  Plugin: [35mvite:oxc[39m
  File: [36mC:/Users/SONY/Desktop/project-manager/src/pages/Login.tsx[39m
      at transformWithOxc (file:///C:/Users/SONY/Desktop/project-manager/node_modules/vite/dist/node/chunks/node.js:7208:19)
      at TransformPluginContext.transform (file:///C:/Users/SONY/Desktop/project-manager/node_modules/vite/dist/node/chunks/node.js:7280:26)
      at EnvironmentPluginContainer.transform (file:///C:/Users/SONY/Desktop/project-manager/node_modules/vite/dist/node/chunks/node.js:8172:51)
      at async loadAndTransform (file:///C:/Users/SONY/Desktop/project-manager/node_modules/vite/dist/node/chunks/node.js:19634:26)
      at async viteTransformMiddleware (file:///C:/Users/SONY/Desktop/project-manager/node_modules/vite/dist/node/chunks/node.js:19853:20)
[2m10:00:50[22m [31m[1m[vite][22m[39m [31mInternal server error: Transform failed with 1 error:

[31m[PARSE_ERROR] [0mUnterminated string
    [38;5;246m╭[0m[38;5;246m─[0m[38;5;246m[[0m src/pages/ForgotPassword.tsx:99:69 [38;5;246m][0m
    [38;5;246m│[0m
 [38;5;246m99 │[0m [38;5;249m [0m[38;5;249m [0m[38;5;249m [0m[38;5;249m [0m[38;5;249m [0m[38;5;249m [0m[38;5;249m [0m[38;5;249m [0m[38;5;249m [0m[38;5;249m [0m[38;5;249m [0m[38;5;249m [0m[38;5;249m [0m[38;5;249m [0m[38;5;249m [0m[38;5;249m [0m[38;5;249m<[0m[38;5;249mh[0m[38;5;249m1[0m[38;5;249m [0m[38;5;249mc[0m[38;5;249ml[0m[38;5;249ma[0m[38;5;249ms[0m[38;5;249ms[0m[38;5;249mN[0m[38;5;249ma[0m[38;5;249mm[0m[38;5;249me[0m[38;5;249m=[0m[38;5;249m"[0m[38;5;249mm[0m[38;5;249mb[0m[38;5;249m-[0m[38;5;249m2[0m[38;5;249m [0m[38;5;249mt[0m[38;5;249me[0m[38;5;249mx[0m[38;5;249mt[0m[38;5;249m-[0m[38;5;249m2[0m[38;5;249mx[0m[38;5;249ml[0m[38;5;249m [0m[38;5;249mf[0m[38;5;249mo[0m[38;5;249mn[0m[38;5;249mt[0m[38;5;249m-[0m[38;5;249mb[0m[38;5;249mo[0m[38;5;249ml[0m[38;5;249md[0m[38;5;249m [0m[38;5;249mt[0m[38;5;249me[0m[38;5;249mx[0m[38;5;249mt[0m[38;5;249m-[0m[38;5;249mg[0m[38;5;249mr[0m[38;5;249ma[0m[38;5;249my[0m[38;5;249m-[0m[38;5;249m9[0m[38;5;249m0[0m[38;5;249m0[0m">Mot de passe oublié ?</h1>
 [38;5;240m   │[0m                                                                     ──────────────┬──────────────  
 [38;5;240m   │[0m                                                                                   ╰──────────────── 
[38;5;246m────╯[0m
[39m
  Plugin: [35mvite:oxc[39m
  File: [36mC:/Users/SONY/Desktop/project-manager/src/pages/ForgotPassword.tsx[39m
      at transformWithOxc (file:///C:/Users/SONY/Desktop/project-manager/node_modules/vite/dist/node/chunks/node.js:7208:19)
      at TransformPluginContext.transform (file:///C:/Users/SONY/Desktop/project-manager/node_modules/vite/dist/node/chunks/node.js:7280:26)
      at EnvironmentPluginContainer.transform (file:///C:/Users/SONY/Desktop/project-manager/node_modules/vite/dist/node/chunks/node.js:8172:51)
      at async loadAndTransform (file:///C:/Users/SONY/Desktop/project-manager/node_modules/vite/dist/node/chunks/node.js:19634:26)
      at async viteTransformMiddleware (file:///C:/Users/SONY/Desktop/project-manager/node_modules/vite/dist/node/chunks/node.js:19853:20)
[2m10:00:51[22m [31m[1m[vite][22m[39m [31mInternal server error: Transform failed with 1 error:

[31m[PARSE_ERROR] [0mUnterminated string
    [38;5;246m╭[0m[38;5;246m─[0m[38;5;246m[[0m src/pages/Settings.tsx:90:67 [38;5;246m][0m
    [38;5;246m│[0m
 [38;5;246m90 │[0m [38;5;249m [0m[38;5;249m [0m[38;5;249m [0m[38;5;249m [0m[38;5;249m [0m[38;5;249m [0m[38;5;249m [0m[38;5;249m [0m[38;5;249m [0m[38;5;249m [0m[38;5;249m [0m[38;5;249m [0m[38;5;249m [0m[38;5;249m [0m[38;5;249m [0m[38;5;249m [0m[38;5;249m<[0m[38;5;249mh[0m[38;5;249m3[0m[38;5;249m [0m[38;5;249mc[0m[38;5;249ml[0m[38;5;249ma[0m[38;5;249ms[0m[38;5;249ms[0m[38;5;249mN[0m[38;5;249ma[0m[38;5;249mm[0m[38;5;249me[0m[38;5;249m=[0m[38;5;249m"[0m[38;5;249mt[0m[38;5;249me[0m[38;5;249mx[0m[38;5;249mt[0m[38;5;249m-[0m[38;5;249ml[0m[38;5;249mg[0m[38;5;249m [0m[38;5;249mf[0m[38;5;249mo[0m[38;5;249mn[0m[38;5;249mt[0m[38;5;249m-[0m[38;5;249ms[0m[38;5;249me[0m[38;5;249mm[0m[38;5;249mi[0m[38;5;249mb[0m[38;5;249mo[0m[38;5;249ml[0m[38;5;249md[0m[38;5;249m [0m[38;5;249mt[0m[38;5;249me[0m[38;5;249mx[0m[38;5;249mt[0m[38;5;249m-[0m[38;5;249mg[0m[38;5;249mr[0m[38;5;249ma[0m[38;5;249my[0m[38;5;249m-[0m[38;5;249m9[0m[38;5;249m0[0m[38;5;249m0[0m">Mon compte</h3>
 [38;5;240m   │[0m                                                                   ─────────┬────────  
 [38;5;240m   │[0m                                                                            ╰────────── 
[38;5;246m────╯[0m
[39m
  Plugin: [35mvite:oxc[39m
  File: [36mC:/Users/SONY/Desktop/project-manager/src/pages/Settings.tsx[39m
      at transformWithOxc (file:///C:/Users/SONY/Desktop/project-manager/node_modules/vite/dist/node/chunks/node.js:7208:19)
      at TransformPluginContext.transform (file:///C:/Users/SONY/Desktop/project-manager/node_modules/vite/dist/node/chunks/node.js:7280:26)
      at EnvironmentPluginContainer.transform (file:///C:/Users/SONY/Desktop/project-manager/node_modules/vite/dist/node/chunks/node.js:8172:51)
      at async loadAndTransform (file:///C:/Users/SONY/Desktop/project-manager/node_modules/vite/dist/node/chunks/node.js:19634:26)
      at async viteTransformMiddleware (file:///C:/Users/SONY/Desktop/project-manager/node_modules/vite/dist/node/chunks/node.js:19853:20)
[2m10:00:51[22m [31m[1m[vite][22m[39m [31mInternal server error: Transform failed with 1 error:

[31m[PARSE_ERROR] [0mUnterminated string
     [38;5;246m╭[0m[38;5;246m─[0m[38;5;246m[[0m src/pages/ResetPassword.tsx:118:69 [38;5;246m][0m
     [38;5;246m│[0m
 [38;5;246m118 │[0m [38;5;249m [0m[38;5;249m [0m[38;5;249m [0m[38;5;249m [0m[38;5;249m [0m[38;5;249m [0m[38;5;249m [0m[38;5;249m [0m[38;5;249m [0m[38;5;249m [0m[38;5;249m [0m[38;5;249m [0m[38;5;249m [0m[38;5;249m [0m[38;5;249m [0m[38;5;249m [0m[38;5;249m<[0m[38;5;249mh[0m[38;5;249m1[0m[38;5;249m [0m[38;5;249mc[0m[38;5;249ml[0m[38;5;249ma[0m[38;5;249ms[0m[38;5;249ms[0m[38;5;249mN[0m[38;5;249ma[0m[38;5;249mm[0m[38;5;249me[0m[38;5;249m=[0m[38;5;249m"[0m[38;5;249mm[0m[38;5;249mb[0m[38;5;249m-[0m[38;5;249m2[0m[38;5;249m [0m[38;5;249mt[0m[38;5;249me[0m[38;5;249mx[0m[38;5;249mt[0m[38;5;249m-[0m[38;5;249m2[0m[38;5;249mx[0m[38;5;249ml[0m[38;5;249m [0m[38;5;249mf[0m[38;5;249mo[0m[38;5;249mn[0m[38;5;249mt[0m[38;5;249m-[0m[38;5;249mb[0m[38;5;249mo[0m[38;5;249ml[0m[38;5;249md[0m[38;5;249m [0m[38;5;249mt[0m[38;5;249me[0m[38;5;249mx[0m[38;5;249mt[0m[38;5;249m-[0m[38;5;249mg[0m[38;5;249mr[0m[38;5;249ma[0m[38;5;249my[0m[38;5;249m-[0m[38;5;249m9[0m[38;5;249m0[0m[38;5;249m0[0m">Nouveau mot de passe</h1>
 [38;5;240m    │[0m                                                                     ──────────────┬─────────────  
 [38;5;240m    │[0m                                                                                   ╰─────────────── 
[38;5;246m─────╯[0m
[39m
  Plugin: [35mvite:oxc[39m
  File: [36mC:/Users/SONY/Desktop/project-manager/src/pages/ResetPassword.tsx[39m
      at transformWithOxc (file:///C:/Users/SONY/Desktop/project-manager/node_modules/vite/dist/node/chunks/node.js:7208:19)
      at TransformPluginContext.transform (file:///C:/Users/SONY/Desktop/project-manager/node_modules/vite/dist/node/chunks/node.js:7280:26)
      at EnvironmentPluginContainer.transform (file:///C:/Users/SONY/Desktop/project-manager/node_modules/vite/dist/node/chunks/node.js:8172:51)
      at async loadAndTransform (file:///C:/Users/SONY/Desktop/project-manager/node_modules/vite/dist/node/chunks/node.js:19634:26)
      at async viteTransformMiddleware (file:///C:/Users/SONY/Desktop/project-manager/node_modules/vite/dist/node/chunks/node.js:19853:20)
[2m10:00:51[22m [31m[1m[vite][22m[39m [31mInternal server error: Transform failed with 1 error:

[31m[PARSE_ERROR] [0mUnterminated string
    [38;5;246m╭[0m[38;5;246m─[0m[38;5;246m[[0m src/pages/NewProject.tsx:58:62 [38;5;246m][0m
    [38;5;246m│[0m
 [38;5;246m58 │[0m [38;5;249m [0m[38;5;249m [0m[38;5;249m [0m[38;5;249m [0m[38;5;249m [0m[38;5;249m [0m[38;5;249m [0m[38;5;249m [0m[38;5;249m [0m[38;5;249m [0m[38;5;249m [0m[38;5;249m [0m[38;5;249m [0m[38;5;249m [0m[38;5;249m<[0m[38;5;249mh[0m[38;5;249m2[0m[38;5;249m [0m[38;5;249mc[0m[38;5;249ml[0m[38;5;249ma[0m[38;5;249ms[0m[38;5;249ms[0m[38;5;249mN[0m[38;5;249ma[0m[38;5;249mm[0m[38;5;249me[0m[38;5;249m=[0m[38;5;249m"[0m[38;5;249mt[0m[38;5;249me[0m[38;5;249mx[0m[38;5;249mt[0m[38;5;249m-[0m[38;5;249m2[0m[38;5;249mx[0m[38;5;249ml[0m[38;5;249m [0m[38;5;249mf[0m[38;5;249mo[0m[38;5;249mn[0m[38;5;249mt[0m[38;5;249m-[0m[38;5;249mb[0m[38;5;249mo[0m[38;5;249ml[0m[38;5;249md[0m[38;5;249m [0m[38;5;249mt[0m[38;5;249me[0m[38;5;249mx[0m[38;5;249mt[0m[38;5;249m-[0m[38;5;249mg[0m[38;5;249mr[0m[38;5;249ma[0m[38;5;249my[0m[38;5;249m-[0m[38;5;249m9[0m[38;5;249m0[0m[38;5;249m0[0m">Nouveau projet</h2>
 [38;5;240m   │[0m                                                              ───────────┬──────────  
 [38;5;240m   │[0m                                                                         ╰──────────── 
[38;5;246m────╯[0m
[39m
  Plugin: [35mvite:oxc[39m
  File: [36mC:/Users/SONY/Desktop/project-manager/src/pages/NewProject.tsx[39m
      at transformWithOxc (file:///C:/Users/SONY/Desktop/project-manager/node_modules/vite/dist/node/chunks/node.js:7208:19)
      at TransformPluginContext.transform (file:///C:/Users/SONY/Desktop/project-manager/node_modules/vite/dist/node/chunks/node.js:7280:26)
      at EnvironmentPluginContainer.transform (file:///C:/Users/SONY/Desktop/project-manager/node_modules/vite/dist/node/chunks/node.js:8172:51)
      at async loadAndTransform (file:///C:/Users/SONY/Desktop/project-manager/node_modules/vite/dist/node/chunks/node.js:19634:26)
      at async viteTransformMiddleware (file:///C:/Users/SONY/Desktop/project-manager/node_modules/vite/dist/node/chunks/node.js:19853:20)
[2m10:00:51[22m [31m[1m[vite][22m[39m [31mInternal server error: Transform failed with 1 error:

[31m[PARSE_ERROR] [0mUnterminated string
     [38;5;246m╭[0m[38;5;246m─[0m[38;5;246m[[0m src/pages/EditProject.tsx:118:62 [38;5;246m][0m
     [38;5;246m│[0m
 [38;5;246m118 │[0m [38;5;249m [0m[38;5;249m [0m[38;5;249m [0m[38;5;249m [0m[38;5;249m [0m[38;5;249m [0m[38;5;249m [0m[38;5;249m [0m[38;5;249m [0m[38;5;249m [0m[38;5;249m [0m[38;5;249m [0m[38;5;249m [0m[38;5;249m [0m[38;5;249m<[0m[38;5;249mh[0m[38;5;249m2[0m[38;5;249m [0m[38;5;249mc[0m[38;5;249ml[0m[38;5;249ma[0m[38;5;249ms[0m[38;5;249ms[0m[38;5;249mN[0m[38;5;249ma[0m[38;5;249mm[0m[38;5;249me[0m[38;5;249m=[0m[38;5;249m"[0m[38;5;249mt[0m[38;5;249me[0m[38;5;249mx[0m[38;5;249mt[0m[38;5;249m-[0m[38;5;249m2[0m[38;5;249mx[0m[38;5;249ml[0m[38;5;249m [0m[38;5;249mf[0m[38;5;249mo[0m[38;5;249mn[0m[38;5;249mt[0m[38;5;249m-[0m[38;5;249mb[0m[38;5;249mo[0m[38;5;249ml[0m[38;5;249md[0m[38;5;249m [0m[38;5;249mt[0m[38;5;249me[0m[38;5;249mx[0m[38;5;249mt[0m[38;5;249m-[0m[38;5;249mg[0m[38;5;249mr[0m[38;5;249ma[0m[38;5;249my[0m[38;5;249m-[0m[38;5;249m9[0m[38;5;249m0[0m[38;5;249m0[0m">Modifier le projet</h2>
 [38;5;240m    │[0m                                                              ─────────────┬────────────  
 [38;5;240m    │[0m                                                                           ╰────────────── 
[38;5;246m─────╯[0m
[39m
  Plugin: [35mvite:oxc[39m
  File: [36mC:/Users/SONY/Desktop/project-manager/src/pages/EditProject.tsx[39m
      at transformWithOxc (file:///C:/Users/SONY/Desktop/project-manager/node_modules/vite/dist/node/chunks/node.js:7208:19)
      at TransformPluginContext.transform (file:///C:/Users/SONY/Desktop/project-manager/node_modules/vite/dist/node/chunks/node.js:7280:26)
      at EnvironmentPluginContainer.transform (file:///C:/Users/SONY/Desktop/project-manager/node_modules/vite/dist/node/chunks/node.js:8172:51)
      at async loadAndTransform (file:///C:/Users/SONY/Desktop/project-manager/node_modules/vite/dist/node/chunks/node.js:19634:26)
      at async viteTransformMiddleware (file:///C:/Users/SONY/Desktop/project-manager/node_modules/vite/dist/node/chunks/node.js:19853:20)
[2m10:00:51[22m [31m[1m[vite][22m[39m [31mInternal server error: Transform failed with 1 error:

[31m[PARSE_ERROR] [0mUnterminated string
    [38;5;246m╭[0m[38;5;246m─[0m[38;5;246m[[0m src/components/Header.tsx:19:43 [38;5;246m][0m
    [38;5;246m│[0m
 [38;5;246m19 │[0m [38;5;249m [0m[38;5;249m [0m[38;5;249m [0m[38;5;249m [0m[38;5;249m [0m[38;5;249m [0m[38;5;249m [0m[38;5;249m [0m[38;5;249m [0m[38;5;249m [0m[38;5;249m<[0m[38;5;249mh[0m[38;5;249m1[0m[38;5;249m [0m[38;5;249mc[0m[38;5;249ml[0m[38;5;249ma[0m[38;5;249ms[0m[38;5;249ms[0m[38;5;249mN[0m[38;5;249ma[0m[38;5;249mm[0m[38;5;249me[0m[38;5;249m=[0m[38;5;249m"[0m[38;5;249mt[0m[38;5;249me[0m[38;5;249mx[0m[38;5;249mt[0m[38;5;249m-[0m[38;5;249mx[0m[38;5;249ml[0m[38;5;249m [0m[38;5;249mf[0m[38;5;249mo[0m[38;5;249mn[0m[38;5;249mt[0m[38;5;249m-[0m[38;5;249mb[0m[38;5;249mo[0m[38;5;249ml[0m[38;5;249md[0m">
 [38;5;240m   │[0m                                           ─┬─  
 [38;5;240m   │[0m                                            ╰─── 
[38;5;246m────╯[0m
[39m
  Plugin: [35mvite:oxc[39m
  File: [36mC:/Users/SONY/Desktop/project-manager/src/components/Header.tsx[39m
      at transformWithOxc (file:///C:/Users/SONY/Desktop/project-manager/node_modules/vite/dist/node/chunks/node.js:7208:19)
      at TransformPluginContext.transform (file:///C:/Users/SONY/Desktop/project-manager/node_modules/vite/dist/node/chunks/node.js:7280:26)
      at EnvironmentPluginContainer.transform (file:///C:/Users/SONY/Desktop/project-manager/node_modules/vite/dist/node/chunks/node.js:8172:51)
      at async loadAndTransform (file:///C:/Users/SONY/Desktop/project-manager/node_modules/vite/dist/node/chunks/node.js:19634:26)
      at async viteTransformMiddleware (file:///C:/Users/SONY/Desktop/project-manager/node_modules/vite/dist/node/chunks/node.js:19853:20)
[2m10:00:51[22m [31m[1m[vite][22m[39m [31mInternal server error: Transform failed with 1 error:

[31m[PARSE_ERROR] [0mUnexpected token
     [38;5;246m╭[0m[38;5;246m─[0m[38;5;246m[[0m src/pages/Login.tsx:149:85 [38;5;246m][0m
     [38;5;246m│[0m
 [38;5;246m149 │[0m [38;5;249m [0m[38;5;249m [0m[38;5;249m [0m[38;5;249m [0m[38;5;249m [0m[38;5;249m [0m[38;5;249m [0m[38;5;249m [0m[38;5;249m [0m[38;5;249m [0m[38;5;249m [0m[38;5;249m [0m[38;5;249m [0m[38;5;249m [0m[38;5;249m<[0m[38;5;249ms[0m[38;5;249mp[0m[38;5;249ma[0m[38;5;249mn[0m[38;5;249m [0m[38;5;249mc[0m[38;5;249ml[0m[38;5;249ma[0m[38;5;249ms[0m[38;5;249ms[0m[38;5;249mN[0m[38;5;249ma[0m[38;5;249mm[0m[38;5;249me[0m[38;5;249m=[0m[38;5;249m"[0m[38;5;249mt[0m[38;5;249me[0m[38;5;249mx[0m[38;5;249mt[0m[38;5;249m-[0m[38;5;249ms[0m[38;5;249mm[0m[38;5;249m [0m[38;5;249mf[0m[38;5;249mo[0m[38;5;249mn[0m[38;5;249mt[0m[38;5;249m-[0m[38;5;249ms[0m[38;5;249me[0m[38;5;249mm[0m[38;5;249mi[0m[38;5;249mb[0m[38;5;249mo[0m[38;5;249ml[0m[38;5;249md[0m[38;5;249m [0m[38;5;249mu[0m[38;5;249mp[0m[38;5;249mp[0m[38;5;249me[0m[38;5;249mr[0m[38;5;249mc[0m[38;5;249ma[0m[38;5;249ms[0m[38;5;249me[0m[38;5;249m [0m[38;5;249mt[0m[38;5;249mr[0m[38;5;249ma[0m[38;5;249mc[0m[38;5;249mk[0m[38;5;249mi[0m[38;5;249mn[0m[38;5;249mg[0m[38;5;249m-[0m[38;5;249mw[0m[38;5;249mi[0m[38;5;249md[0m[38;5;249me[0m[38;5;249ms[0m[38;5;249mt[0m[38;5;249m [0m[38;5;249mt[0m[38;5;249me[0m[38;5;249mx[0m[38;5;249mt[0m[38;5;249m-[0m[[38;5;249m#[0m[38;5;249m5[0m[38;5;249m4[0m[38;5;249m2[0m[38;5;249ma[0m[38;5;249m5[0m[38;5;249m2[0m[38;5;249m][0m[38;5;249m/[0m[38;5;249m7[0m[38;5;249m0[0m[38;5;249m"[0m[38;5;249m>[0m[38;5;249mP[0m[38;5;249mr[0m[38;5;249mo[0m[38;5;249mj[0m[38;5;249me[0m[38;5;249mc[0m[38;5;249mt[0m[38;5;249m [0m[38;5;249mM[0m[38;5;249ma[0m[38;5;249mn[0m[38;5;249ma[0m[38;5;249mg[0m[38;5;249me[0m[38;5;249mr[0m[38;5;249m<[0m[38;5;249m/[0m[38;5;249ms[0m[38;5;249mp[0m[38;5;249ma[0m[38;5;249mn[0m[38;5;249m>[0m
 [38;5;240m    │[0m                                                                                     ┬  
 [38;5;240m    │[0m                                                                                     ╰── 
[38;5;246m─────╯[0m
[39m
  Plugin: [35mvite:oxc[39m
  File: [36mC:/Users/SONY/Desktop/project-manager/src/pages/Login.tsx[39m
      at transformWithOxc (file:///C:/Users/SONY/Desktop/project-manager/node_modules/vite/dist/node/chunks/node.js:7208:19)
      at TransformPluginContext.transform (file:///C:/Users/SONY/Desktop/project-manager/node_modules/vite/dist/node/chunks/node.js:7280:26)
      at EnvironmentPluginContainer.transform (file:///C:/Users/SONY/Desktop/project-manager/node_modules/vite/dist/node/chunks/node.js:8172:51)
      at async loadAndTransform (file:///C:/Users/SONY/Desktop/project-manager/node_modules/vite/dist/node/chunks/node.js:19634:26)
      at async viteTransformMiddleware (file:///C:/Users/SONY/Desktop/project-manager/node_modules/vite/dist/node/chunks/node.js:19853:20)
[2m10:00:51[22m [31m[1m[vite][22m[39m [31mInternal server error: Transform failed with 1 error:

[31m[PARSE_ERROR] [0mUnterminated string
    [38;5;246m╭[0m[38;5;246m─[0m[38;5;246m[[0m src/pages/NewProject.tsx:58:62 [38;5;246m][0m
    [38;5;246m│[0m
 [38;5;246m58 │[0m [38;5;249m [0m[38;5;249m [0m[38;5;249m [0m[38;5;249m [0m[38;5;249m [0m[38;5;249m [0m[38;5;249m [0m[38;5;249m [0m[38;5;249m [0m[38;5;249m [0m[38;5;249m [0m[38;5;249m [0m[38;5;249m [0m[38;5;249m [0m[38;5;249m<[0m[38;5;249mh[0m[38;5;249m2[0m[38;5;249m [0m[38;5;249mc[0m[38;5;249ml[0m[38;5;249ma[0m[38;5;249ms[0m[38;5;249ms[0m[38;5;249mN[0m[38;5;249ma[0m[38;5;249mm[0m[38;5;249me[0m[38;5;249m=[0m[38;5;249m"[0m[38;5;249mt[0m[38;5;249me[0m[38;5;249mx[0m[38;5;249mt[0m[38;5;249m-[0m[38;5;249m2[0m[38;5;249mx[0m[38;5;249ml[0m[38;5;249m [0m[38;5;249mf[0m[38;5;249mo[0m[38;5;249mn[0m[38;5;249mt[0m[38;5;249m-[0m[38;5;249mb[0m[38;5;249mo[0m[38;5;249ml[0m[38;5;249md[0m[38;5;249m [0m[38;5;249mt[0m[38;5;249me[0m[38;5;249mx[0m[38;5;249mt[0m[38;5;249m-[0m[38;5;249mg[0m[38;5;249mr[0m[38;5;249ma[0m[38;5;249my[0m[38;5;249m-[0m[38;5;249m9[0m[38;5;249m0[0m[38;5;249m0[0m">Nouveau projet</h2>
 [38;5;240m   │[0m                                                              ───────────┬──────────  
 [38;5;240m   │[0m                                                                         ╰──────────── 
[38;5;246m────╯[0m
[39m
  Plugin: [35mvite:oxc[39m
  File: [36mC:/Users/SONY/Desktop/project-manager/src/pages/NewProject.tsx[39m
      at transformWithOxc (file:///C:/Users/SONY/Desktop/project-manager/node_modules/vite/dist/node/chunks/node.js:7208:19)
      at TransformPluginContext.transform (file:///C:/Users/SONY/Desktop/project-manager/node_modules/vite/dist/node/chunks/node.js:7280:26)
      at EnvironmentPluginContainer.transform (file:///C:/Users/SONY/Desktop/project-manager/node_modules/vite/dist/node/chunks/node.js:8172:51)
      at async loadAndTransform (file:///C:/Users/SONY/Desktop/project-manager/node_modules/vite/dist/node/chunks/node.js:19634:26)
      at async viteTransformMiddleware (file:///C:/Users/SONY/Desktop/project-manager/node_modules/vite/dist/node/chunks/node.js:19853:20)
[2m10:00:51[22m [31m[1m[vite][22m[39m [31mInternal server error: Transform failed with 1 error:

[31m[PARSE_ERROR] [0mUnterminated string
     [38;5;246m╭[0m[38;5;246m─[0m[38;5;246m[[0m src/pages/EditProject.tsx:118:62 [38;5;246m][0m
     [38;5;246m│[0m
 [38;5;246m118 │[0m [38;5;249m [0m[38;5;249m [0m[38;5;249m [0m[38;5;249m [0m[38;5;249m [0m[38;5;249m [0m[38;5;249m [0m[38;5;249m [0m[38;5;249m [0m[38;5;249m [0m[38;5;249m [0m[38;5;249m [0m[38;5;249m [0m[38;5;249m [0m[38;5;249m<[0m[38;5;249mh[0m[38;5;249m2[0m[38;5;249m [0m[38;5;249mc[0m[38;5;249ml[0m[38;5;249ma[0m[38;5;249ms[0m[38;5;249ms[0m[38;5;249mN[0m[38;5;249ma[0m[38;5;249mm[0m[38;5;249me[0m[38;5;249m=[0m[38;5;249m"[0m[38;5;249mt[0m[38;5;249me[0m[38;5;249mx[0m[38;5;249mt[0m[38;5;249m-[0m[38;5;249m2[0m[38;5;249mx[0m[38;5;249ml[0m[38;5;249m [0m[38;5;249mf[0m[38;5;249mo[0m[38;5;249mn[0m[38;5;249mt[0m[38;5;249m-[0m[38;5;249mb[0m[38;5;249mo[0m[38;5;249ml[0m[38;5;249md[0m[38;5;249m [0m[38;5;249mt[0m[38;5;249me[0m[38;5;249mx[0m[38;5;249mt[0m[38;5;249m-[0m[38;5;249mg[0m[38;5;249mr[0m[38;5;249ma[0m[38;5;249my[0m[38;5;249m-[0m[38;5;249m9[0m[38;5;249m0[0m[38;5;249m0[0m">Modifier le projet</h2>
 [38;5;240m    │[0m                                                              ─────────────┬────────────  
 [38;5;240m    │[0m                                                                           ╰────────────── 
[38;5;246m─────╯[0m
[39m
  Plugin: [35mvite:oxc[39m
  File: [36mC:/Users/SONY/Desktop/project-manager/src/pages/EditProject.tsx[39m
      at transformWithOxc (file:///C:/Users/SONY/Desktop/project-manager/node_modules/vite/dist/node/chunks/node.js:7208:19)
      at TransformPluginContext.transform (file:///C:/Users/SONY/Desktop/project-manager/node_modules/vite/dist/node/chunks/node.js:7280:26)
      at EnvironmentPluginContainer.transform (file:///C:/Users/SONY/Desktop/project-manager/node_modules/vite/dist/node/chunks/node.js:8172:51)
      at async loadAndTransform (file:///C:/Users/SONY/Desktop/project-manager/node_modules/vite/dist/node/chunks/node.js:19634:26)
      at async viteTransformMiddleware (file:///C:/Users/SONY/Desktop/project-manager/node_modules/vite/dist/node/chunks/node.js:19853:20)
[2m10:00:51[22m [31m[1m[vite][22m[39m [31mInternal server error: Transform failed with 1 error:

[31m[PARSE_ERROR] [0mUnterminated string
     [38;5;246m╭[0m[38;5;246m─[0m[38;5;246m[[0m src/pages/ResetPassword.tsx:118:69 [38;5;246m][0m
     [38;5;246m│[0m
 [38;5;246m118 │[0m [38;5;249m [0m[38;5;249m [0m[38;5;249m [0m[38;5;249m [0m[38;5;249m [0m[38;5;249m [0m[38;5;249m [0m[38;5;249m [0m[38;5;249m [0m[38;5;249m [0m[38;5;249m [0m[38;5;249m [0m[38;5;249m [0m[38;5;249m [0m[38;5;249m [0m[38;5;249m [0m[38;5;249m<[0m[38;5;249mh[0m[38;5;249m1[0m[38;5;249m [0m[38;5;249mc[0m[38;5;249ml[0m[38;5;249ma[0m[38;5;249ms[0m[38;5;249ms[0m[38;5;249mN[0m[38;5;249ma[0m[38;5;249mm[0m[38;5;249me[0m[38;5;249m=[0m[38;5;249m"[0m[38;5;249mm[0m[38;5;249mb[0m[38;5;249m-[0m[38;5;249m2[0m[38;5;249m [0m[38;5;249mt[0m[38;5;249me[0m[38;5;249mx[0m[38;5;249mt[0m[38;5;249m-[0m[38;5;249m2[0m[38;5;249mx[0m[38;5;249ml[0m[38;5;249m [0m[38;5;249mf[0m[38;5;249mo[0m[38;5;249mn[0m[38;5;249mt[0m[38;5;249m-[0m[38;5;249mb[0m[38;5;249mo[0m[38;5;249ml[0m[38;5;249md[0m[38;5;249m [0m[38;5;249mt[0m[38;5;249me[0m[38;5;249mx[0m[38;5;249mt[0m[38;5;249m-[0m[38;5;249mg[0m[38;5;249mr[0m[38;5;249ma[0m[38;5;249my[0m[38;5;249m-[0m[38;5;249m9[0m[38;5;249m0[0m[38;5;249m0[0m">Nouveau mot de passe</h1>
 [38;5;240m    │[0m                                                                     ──────────────┬─────────────  
 [38;5;240m    │[0m                                                                                   ╰─────────────── 
[38;5;246m─────╯[0m
[39m
  Plugin: [35mvite:oxc[39m
  File: [36mC:/Users/SONY/Desktop/project-manager/src/pages/ResetPassword.tsx[39m
      at transformWithOxc (file:///C:/Users/SONY/Desktop/project-manager/node_modules/vite/dist/node/chunks/node.js:7208:19)
      at TransformPluginContext.transform (file:///C:/Users/SONY/Desktop/project-manager/node_modules/vite/dist/node/chunks/node.js:7280:26)
      at EnvironmentPluginContainer.transform (file:///C:/Users/SONY/Desktop/project-manager/node_modules/vite/dist/node/chunks/node.js:8172:51)
      at async loadAndTransform (file:///C:/Users/SONY/Desktop/project-manager/node_modules/vite/dist/node/chunks/node.js:19634:26)
      at async viteTransformMiddleware (file:///C:/Users/SONY/Desktop/project-manager/node_modules/vite/dist/node/chunks/node.js:19853:20)
[2m10:00:51[22m [31m[1m[vite][22m[39m [31mInternal server error: Transform failed with 1 error:

[31m[PARSE_ERROR] [0mUnterminated string
    [38;5;246m╭[0m[38;5;246m─[0m[38;5;246m[[0m src/pages/ForgotPassword.tsx:99:69 [38;5;246m][0m
    [38;5;246m│[0m
 [38;5;246m99 │[0m [38;5;249m [0m[38;5;249m [0m[38;5;249m [0m[38;5;249m [0m[38;5;249m [0m[38;5;249m [0m[38;5;249m [0m[38;5;249m [0m[38;5;249m [0m[38;5;249m [0m[38;5;249m [0m[38;5;249m [0m[38;5;249m [0m[38;5;249m [0m[38;5;249m [0m[38;5;249m [0m[38;5;249m<[0m[38;5;249mh[0m[38;5;249m1[0m[38;5;249m [0m[38;5;249mc[0m[38;5;249ml[0m[38;5;249ma[0m[38;5;249ms[0m[38;5;249ms[0m[38;5;249mN[0m[38;5;249ma[0m[38;5;249mm[0m[38;5;249me[0m[38;5;249m=[0m[38;5;249m"[0m[38;5;249mm[0m[38;5;249mb[0m[38;5;249m-[0m[38;5;249m2[0m[38;5;249m [0m[38;5;249mt[0m[38;5;249me[0m[38;5;249mx[0m[38;5;249mt[0m[38;5;249m-[0m[38;5;249m2[0m[38;5;249mx[0m[38;5;249ml[0m[38;5;249m [0m[38;5;249mf[0m[38;5;249mo[0m[38;5;249mn[0m[38;5;249mt[0m[38;5;249m-[0m[38;5;249mb[0m[38;5;249mo[0m[38;5;249ml[0m[38;5;249md[0m[38;5;249m [0m[38;5;249mt[0m[38;5;249me[0m[38;5;249mx[0m[38;5;249mt[0m[38;5;249m-[0m[38;5;249mg[0m[38;5;249mr[0m[38;5;249ma[0m[38;5;249my[0m[38;5;249m-[0m[38;5;249m9[0m[38;5;249m0[0m[38;5;249m0[0m">Mot de passe oublié ?</h1>
 [38;5;240m   │[0m                                                                     ──────────────┬──────────────  
 [38;5;240m   │[0m                                                                                   ╰──────────────── 
[38;5;246m────╯[0m
[39m
  Plugin: [35mvite:oxc[39m
  File: [36mC:/Users/SONY/Desktop/project-manager/src/pages/ForgotPassword.tsx[39m
      at transformWithOxc (file:///C:/Users/SONY/Desktop/project-manager/node_modules/vite/dist/node/chunks/node.js:7208:19)
      at TransformPluginContext.transform (file:///C:/Users/SONY/Desktop/project-manager/node_modules/vite/dist/node/chunks/node.js:7280:26)
      at EnvironmentPluginContainer.transform (file:///C:/Users/SONY/Desktop/project-manager/node_modules/vite/dist/node/chunks/node.js:8172:51)
      at async loadAndTransform (file:///C:/Users/SONY/Desktop/project-manager/node_modules/vite/dist/node/chunks/node.js:19634:26)
      at async viteTransformMiddleware (file:///C:/Users/SONY/Desktop/project-manager/node_modules/vite/dist/node/chunks/node.js:19853:20)
[2m10:00:51[22m [31m[1m[vite][22m[39m [31mInternal server error: Transform failed with 1 error:

[31m[PARSE_ERROR] [0mUnterminated string
    [38;5;246m╭[0m[38;5;246m─[0m[38;5;246m[[0m src/pages/Settings.tsx:90:67 [38;5;246m][0m
    [38;5;246m│[0m
 [38;5;246m90 │[0m [38;5;249m [0m[38;5;249m [0m[38;5;249m [0m[38;5;249m [0m[38;5;249m [0m[38;5;249m [0m[38;5;249m [0m[38;5;249m [0m[38;5;249m [0m[38;5;249m [0m[38;5;249m [0m[38;5;249m [0m[38;5;249m [0m[38;5;249m [0m[38;5;249m [0m[38;5;249m [0m[38;5;249m<[0m[38;5;249mh[0m[38;5;249m3[0m[38;5;249m [0m[38;5;249mc[0m[38;5;249ml[0m[38;5;249ma[0m[38;5;249ms[0m[38;5;249ms[0m[38;5;249mN[0m[38;5;249ma[0m[38;5;249mm[0m[38;5;249me[0m[38;5;249m=[0m[38;5;249m"[0m[38;5;249mt[0m[38;5;249me[0m[38;5;249mx[0m[38;5;249mt[0m[38;5;249m-[0m[38;5;249ml[0m[38;5;249mg[0m[38;5;249m [0m[38;5;249mf[0m[38;5;249mo[0m[38;5;249mn[0m[38;5;249mt[0m[38;5;249m-[0m[38;5;249ms[0m[38;5;249me[0m[38;5;249mm[0m[38;5;249mi[0m[38;5;249mb[0m[38;5;249mo[0m[38;5;249ml[0m[38;5;249md[0m[38;5;249m [0m[38;5;249mt[0m[38;5;249me[0m[38;5;249mx[0m[38;5;249mt[0m[38;5;249m-[0m[38;5;249mg[0m[38;5;249mr[0m[38;5;249ma[0m[38;5;249my[0m[38;5;249m-[0m[38;5;249m9[0m[38;5;249m0[0m[38;5;249m0[0m">Mon compte</h3>
 [38;5;240m   │[0m                                                                   ─────────┬────────  
 [38;5;240m   │[0m                                                                            ╰────────── 
[38;5;246m────╯[0m
[39m
  Plugin: [35mvite:oxc[39m
  File: [36mC:/Users/SONY/Desktop/project-manager/src/pages/Settings.tsx[39m
      at transformWithOxc (file:///C:/Users/SONY/Desktop/project-manager/node_modules/vite/dist/node/chunks/node.js:7208:19)
      at TransformPluginContext.transform (file:///C:/Users/SONY/Desktop/project-manager/node_modules/vite/dist/node/chunks/node.js:7280:26)
      at EnvironmentPluginContainer.transform (file:///C:/Users/SONY/Desktop/project-manager/node_modules/vite/dist/node/chunks/node.js:8172:51)
      at async loadAndTransform (file:///C:/Users/SONY/Desktop/project-manager/node_modules/vite/dist/node/chunks/node.js:19634:26)
      at async viteTransformMiddleware (file:///C:/Users/SONY/Desktop/project-manager/node_modules/vite/dist/node/chunks/node.js:19853:20)
[2m10:00:52[22m [31m[1m[vite][22m[39m [31mInternal server error: Transform failed with 1 error:

[31m[PARSE_ERROR] [0mUnterminated string
     [38;5;246m╭[0m[38;5;246m─[0m[38;5;246m[[0m src/pages/ResetPassword.tsx:118:69 [38;5;246m][0m
     [38;5;246m│[0m
 [38;5;246m118 │[0m [38;5;249m [0m[38;5;249m [0m[38;5;249m [0m[38;5;249m [0m[38;5;249m [0m[38;5;249m [0m[38;5;249m [0m[38;5;249m [0m[38;5;249m [0m[38;5;249m [0m[38;5;249m [0m[38;5;249m [0m[38;5;249m [0m[38;5;249m [0m[38;5;249m [0m[38;5;249m [0m[38;5;249m<[0m[38;5;249mh[0m[38;5;249m1[0m[38;5;249m [0m[38;5;249mc[0m[38;5;249ml[0m[38;5;249ma[0m[38;5;249ms[0m[38;5;249ms[0m[38;5;249mN[0m[38;5;249ma[0m[38;5;249mm[0m[38;5;249me[0m[38;5;249m=[0m[38;5;249m"[0m[38;5;249mm[0m[38;5;249mb[0m[38;5;249m-[0m[38;5;249m2[0m[38;5;249m [0m[38;5;249mt[0m[38;5;249me[0m[38;5;249mx[0m[38;5;249mt[0m[38;5;249m-[0m[38;5;249m2[0m[38;5;249mx[0m[38;5;249ml[0m[38;5;249m [0m[38;5;249mf[0m[38;5;249mo[0m[38;5;249mn[0m[38;5;249mt[0m[38;5;249m-[0m[38;5;249mb[0m[38;5;249mo[0m[38;5;249ml[0m[38;5;249md[0m[38;5;249m [0m[38;5;249mt[0m[38;5;249me[0m[38;5;249mx[0m[38;5;249mt[0m[38;5;249m-[0m[38;5;249mg[0m[38;5;249mr[0m[38;5;249ma[0m[38;5;249my[0m[38;5;249m-[0m[38;5;249m9[0m[38;5;249m0[0m[38;5;249m0[0m">Nouveau mot de passe</h1>
 [38;5;240m    │[0m                                                                     ──────────────┬─────────────  
 [38;5;240m    │[0m                                                                                   ╰─────────────── 
[38;5;246m─────╯[0m
[39m
  Plugin: [35mvite:oxc[39m
  File: [36mC:/Users/SONY/Desktop/project-manager/src/pages/ResetPassword.tsx[39m
      at transformWithOxc (file:///C:/Users/SONY/Desktop/project-manager/node_modules/vite/dist/node/chunks/node.js:7208:19)
      at TransformPluginContext.transform (file:///C:/Users/SONY/Desktop/project-manager/node_modules/vite/dist/node/chunks/node.js:7280:26)
      at EnvironmentPluginContainer.transform (file:///C:/Users/SONY/Desktop/project-manager/node_modules/vite/dist/node/chunks/node.js:8172:51)
      at async loadAndTransform (file:///C:/Users/SONY/Desktop/project-manager/node_modules/vite/dist/node/chunks/node.js:19634:26)
      at async viteTransformMiddleware (file:///C:/Users/SONY/Desktop/project-manager/node_modules/vite/dist/node/chunks/node.js:19853:20)
[2m10:00:52[22m [31m[1m[vite][22m[39m [31mInternal server error: Transform failed with 1 error:

[31m[PARSE_ERROR] [0mUnexpected token
     [38;5;246m╭[0m[38;5;246m─[0m[38;5;246m[[0m src/pages/Login.tsx:149:85 [38;5;246m][0m
     [38;5;246m│[0m
 [38;5;246m149 │[0m [38;5;249m [0m[38;5;249m [0m[38;5;249m [0m[38;5;249m [0m[38;5;249m [0m[38;5;249m [0m[38;5;249m [0m[38;5;249m [0m[38;5;249m [0m[38;5;249m [0m[38;5;249m [0m[38;5;249m [0m[38;5;249m [0m[38;5;249m [0m[38;5;249m<[0m[38;5;249ms[0m[38;5;249mp[0m[38;5;249ma[0m[38;5;249mn[0m[38;5;249m [0m[38;5;249mc[0m[38;5;249ml[0m[38;5;249ma[0m[38;5;249ms[0m[38;5;249ms[0m[38;5;249mN[0m[38;5;249ma[0m[38;5;249mm[0m[38;5;249me[0m[38;5;249m=[0m[38;5;249m"[0m[38;5;249mt[0m[38;5;249me[0m[38;5;249mx[0m[38;5;249mt[0m[38;5;249m-[0m[38;5;249ms[0m[38;5;249mm[0m[38;5;249m [0m[38;5;249mf[0m[38;5;249mo[0m[38;5;249mn[0m[38;5;249mt[0m[38;5;249m-[0m[38;5;249ms[0m[38;5;249me[0m[38;5;249mm[0m[38;5;249mi[0m[38;5;249mb[0m[38;5;249mo[0m[38;5;249ml[0m[38;5;249md[0m[38;5;249m [0m[38;5;249mu[0m[38;5;249mp[0m[38;5;249mp[0m[38;5;249me[0m[38;5;249mr[0m[38;5;249mc[0m[38;5;249ma[0m[38;5;249ms[0m[38;5;249me[0m[38;5;249m [0m[38;5;249mt[0m[38;5;249mr[0m[38;5;249ma[0m[38;5;249mc[0m[38;5;249mk[0m[38;5;249mi[0m[38;5;249mn[0m[38;5;249mg[0m[38;5;249m-[0m[38;5;249mw[0m[38;5;249mi[0m[38;5;249md[0m[38;5;249me[0m[38;5;249ms[0m[38;5;249mt[0m[38;5;249m [0m[38;5;249mt[0m[38;5;249me[0m[38;5;249mx[0m[38;5;249mt[0m[38;5;249m-[0m[[38;5;249m#[0m[38;5;249m5[0m[38;5;249m4[0m[38;5;249m2[0m[38;5;249ma[0m[38;5;249m5[0m[38;5;249m2[0m[38;5;249m][0m[38;5;249m/[0m[38;5;249m7[0m[38;5;249m0[0m[38;5;249m"[0m[38;5;249m>[0m[38;5;249mP[0m[38;5;249mr[0m[38;5;249mo[0m[38;5;249mj[0m[38;5;249me[0m[38;5;249mc[0m[38;5;249mt[0m[38;5;249m [0m[38;5;249mM[0m[38;5;249ma[0m[38;5;249mn[0m[38;5;249ma[0m[38;5;249mg[0m[38;5;249me[0m[38;5;249mr[0m[38;5;249m<[0m[38;5;249m/[0m[38;5;249ms[0m[38;5;249mp[0m[38;5;249ma[0m[38;5;249mn[0m[38;5;249m>[0m
 [38;5;240m    │[0m                                                                                     ┬  
 [38;5;240m    │[0m                                                                                     ╰── 
[38;5;246m─────╯[0m
[39m
  Plugin: [35mvite:oxc[39m
  File: [36mC:/Users/SONY/Desktop/project-manager/src/pages/Login.tsx[39m
      at transformWithOxc (file:///C:/Users/SONY/Desktop/project-manager/node_modules/vite/dist/node/chunks/node.js:7208:19)
      at TransformPluginContext.transform (file:///C:/Users/SONY/Desktop/project-manager/node_modules/vite/dist/node/chunks/node.js:7280:26)
      at EnvironmentPluginContainer.transform (file:///C:/Users/SONY/Desktop/project-manager/node_modules/vite/dist/node/chunks/node.js:8172:51)
      at async loadAndTransform (file:///C:/Users/SONY/Desktop/project-manager/node_modules/vite/dist/node/chunks/node.js:19634:26)
      at async viteTransformMiddleware (file:///C:/Users/SONY/Desktop/project-manager/node_modules/vite/dist/node/chunks/node.js:19853:20)
[2m10:00:52[22m [31m[1m[vite][22m[39m [31mInternal server error: Transform failed with 1 error:

[31m[PARSE_ERROR] [0mUnterminated string
    [38;5;246m╭[0m[38;5;246m─[0m[38;5;246m[[0m src/components/Header.tsx:19:43 [38;5;246m][0m
    [38;5;246m│[0m
 [38;5;246m19 │[0m [38;5;249m [0m[38;5;249m [0m[38;5;249m [0m[38;5;249m [0m[38;5;249m [0m[38;5;249m [0m[38;5;249m [0m[38;5;249m [0m[38;5;249m [0m[38;5;249m [0m[38;5;249m<[0m[38;5;249mh[0m[38;5;249m1[0m[38;5;249m [0m[38;5;249mc[0m[38;5;249ml[0m[38;5;249ma[0m[38;5;249ms[0m[38;5;249ms[0m[38;5;249mN[0m[38;5;249ma[0m[38;5;249mm[0m[38;5;249me[0m[38;5;249m=[0m[38;5;249m"[0m[38;5;249mt[0m[38;5;249me[0m[38;5;249mx[0m[38;5;249mt[0m[38;5;249m-[0m[38;5;249mx[0m[38;5;249ml[0m[38;5;249m [0m[38;5;249mf[0m[38;5;249mo[0m[38;5;249mn[0m[38;5;249mt[0m[38;5;249m-[0m[38;5;249mb[0m[38;5;249mo[0m[38;5;249ml[0m[38;5;249md[0m">
 [38;5;240m   │[0m                                           ─┬─  
 [38;5;240m   │[0m                                            ╰─── 
[38;5;246m────╯[0m
[39m
  Plugin: [35mvite:oxc[39m
  File: [36mC:/Users/SONY/Desktop/project-manager/src/components/Header.tsx[39m
      at transformWithOxc (file:///C:/Users/SONY/Desktop/project-manager/node_modules/vite/dist/node/chunks/node.js:7208:19)
      at TransformPluginContext.transform (file:///C:/Users/SONY/Desktop/project-manager/node_modules/vite/dist/node/chunks/node.js:7280:26)
      at EnvironmentPluginContainer.transform (file:///C:/Users/SONY/Desktop/project-manager/node_modules/vite/dist/node/chunks/node.js:8172:51)
      at async loadAndTransform (file:///C:/Users/SONY/Desktop/project-manager/node_modules/vite/dist/node/chunks/node.js:19634:26)
      at async viteTransformMiddleware (file:///C:/Users/SONY/Desktop/project-manager/node_modules/vite/dist/node/chunks/node.js:19853:20)
[2m10:00:52[22m [31m[1m[vite][22m[39m [31mInternal server error: Transform failed with 1 error:

[31m[PARSE_ERROR] [0mUnterminated string
    [38;5;246m╭[0m[38;5;246m─[0m[38;5;246m[[0m src/pages/ForgotPassword.tsx:99:69 [38;5;246m][0m
    [38;5;246m│[0m
 [38;5;246m99 │[0m [38;5;249m [0m[38;5;249m [0m[38;5;249m [0m[38;5;249m [0m[38;5;249m [0m[38;5;249m [0m[38;5;249m [0m[38;5;249m [0m[38;5;249m [0m[38;5;249m [0m[38;5;249m [0m[38;5;249m [0m[38;5;249m [0m[38;5;249m [0m[38;5;249m [0m[38;5;249m [0m[38;5;249m<[0m[38;5;249mh[0m[38;5;249m1[0m[38;5;249m [0m[38;5;249mc[0m[38;5;249ml[0m[38;5;249ma[0m[38;5;249ms[0m[38;5;249ms[0m[38;5;249mN[0m[38;5;249ma[0m[38;5;249mm[0m[38;5;249me[0m[38;5;249m=[0m[38;5;249m"[0m[38;5;249mm[0m[38;5;249mb[0m[38;5;249m-[0m[38;5;249m2[0m[38;5;249m [0m[38;5;249mt[0m[38;5;249me[0m[38;5;249mx[0m[38;5;249mt[0m[38;5;249m-[0m[38;5;249m2[0m[38;5;249mx[0m[38;5;249ml[0m[38;5;249m [0m[38;5;249mf[0m[38;5;249mo[0m[38;5;249mn[0m[38;5;249mt[0m[38;5;249m-[0m[38;5;249mb[0m[38;5;249mo[0m[38;5;249ml[0m[38;5;249md[0m[38;5;249m [0m[38;5;249mt[0m[38;5;249me[0m[38;5;249mx[0m[38;5;249mt[0m[38;5;249m-[0m[38;5;249mg[0m[38;5;249mr[0m[38;5;249ma[0m[38;5;249my[0m[38;5;249m-[0m[38;5;249m9[0m[38;5;249m0[0m[38;5;249m0[0m">Mot de passe oublié ?</h1>
 [38;5;240m   │[0m                                                                     ──────────────┬──────────────  
 [38;5;240m   │[0m                                                                                   ╰──────────────── 
[38;5;246m────╯[0m
[39m
  Plugin: [35mvite:oxc[39m
  File: [36mC:/Users/SONY/Desktop/project-manager/src/pages/ForgotPassword.tsx[39m
      at transformWithOxc (file:///C:/Users/SONY/Desktop/project-manager/node_modules/vite/dist/node/chunks/node.js:7208:19)
      at TransformPluginContext.transform (file:///C:/Users/SONY/Desktop/project-manager/node_modules/vite/dist/node/chunks/node.js:7280:26)
      at EnvironmentPluginContainer.transform (file:///C:/Users/SONY/Desktop/project-manager/node_modules/vite/dist/node/chunks/node.js:8172:51)
      at async loadAndTransform (file:///C:/Users/SONY/Desktop/project-manager/node_modules/vite/dist/node/chunks/node.js:19634:26)
      at async viteTransformMiddleware (file:///C:/Users/SONY/Desktop/project-manager/node_modules/vite/dist/node/chunks/node.js:19853:20)
[2m10:00:52[22m [31m[1m[vite][22m[39m [31mInternal server error: Transform failed with 1 error:

[31m[PARSE_ERROR] [0mUnterminated string
    [38;5;246m╭[0m[38;5;246m─[0m[38;5;246m[[0m src/pages/NewProject.tsx:58:62 [38;5;246m][0m
    [38;5;246m│[0m
 [38;5;246m58 │[0m [38;5;249m [0m[38;5;249m [0m[38;5;249m [0m[38;5;249m [0m[38;5;249m [0m[38;5;249m [0m[38;5;249m [0m[38;5;249m [0m[38;5;249m [0m[38;5;249m [0m[38;5;249m [0m[38;5;249m [0m[38;5;249m [0m[38;5;249m [0m[38;5;249m<[0m[38;5;249mh[0m[38;5;249m2[0m[38;5;249m [0m[38;5;249mc[0m[38;5;249ml[0m[38;5;249ma[0m[38;5;249ms[0m[38;5;249ms[0m[38;5;249mN[0m[38;5;249ma[0m[38;5;249mm[0m[38;5;249me[0m[38;5;249m=[0m[38;5;249m"[0m[38;5;249mt[0m[38;5;249me[0m[38;5;249mx[0m[38;5;249mt[0m[38;5;249m-[0m[38;5;249m2[0m[38;5;249mx[0m[38;5;249ml[0m[38;5;249m [0m[38;5;249mf[0m[38;5;249mo[0m[38;5;249mn[0m[38;5;249mt[0m[38;5;249m-[0m[38;5;249mb[0m[38;5;249mo[0m[38;5;249ml[0m[38;5;249md[0m[38;5;249m [0m[38;5;249mt[0m[38;5;249me[0m[38;5;249mx[0m[38;5;249mt[0m[38;5;249m-[0m[38;5;249mg[0m[38;5;249mr[0m[38;5;249ma[0m[38;5;249my[0m[38;5;249m-[0m[38;5;249m9[0m[38;5;249m0[0m[38;5;249m0[0m">Nouveau projet</h2>
 [38;5;240m   │[0m                                                              ───────────┬──────────  
 [38;5;240m   │[0m                                                                         ╰──────────── 
[38;5;246m────╯[0m
[39m
  Plugin: [35mvite:oxc[39m
  File: [36mC:/Users/SONY/Desktop/project-manager/src/pages/NewProject.tsx[39m
      at transformWithOxc (file:///C:/Users/SONY/Desktop/project-manager/node_modules/vite/dist/node/chunks/node.js:7208:19)
      at TransformPluginContext.transform (file:///C:/Users/SONY/Desktop/project-manager/node_modules/vite/dist/node/chunks/node.js:7280:26)
      at EnvironmentPluginContainer.transform (file:///C:/Users/SONY/Desktop/project-manager/node_modules/vite/dist/node/chunks/node.js:8172:51)
      at async loadAndTransform (file:///C:/Users/SONY/Desktop/project-manager/node_modules/vite/dist/node/chunks/node.js:19634:26)
      at async viteTransformMiddleware (file:///C:/Users/SONY/Desktop/project-manager/node_modules/vite/dist/node/chunks/node.js:19853:20)
[2m10:00:52[22m [31m[1m[vite][22m[39m [31mInternal server error: Transform failed with 1 error:

[31m[PARSE_ERROR] [0mUnterminated string
     [38;5;246m╭[0m[38;5;246m─[0m[38;5;246m[[0m src/pages/EditProject.tsx:118:62 [38;5;246m][0m
     [38;5;246m│[0m
 [38;5;246m118 │[0m [38;5;249m [0m[38;5;249m [0m[38;5;249m [0m[38;5;249m [0m[38;5;249m [0m[38;5;249m [0m[38;5;249m [0m[38;5;249m [0m[38;5;249m [0m[38;5;249m [0m[38;5;249m [0m[38;5;249m [0m[38;5;249m [0m[38;5;249m [0m[38;5;249m<[0m[38;5;249mh[0m[38;5;249m2[0m[38;5;249m [0m[38;5;249mc[0m[38;5;249ml[0m[38;5;249ma[0m[38;5;249ms[0m[38;5;249ms[0m[38;5;249mN[0m[38;5;249ma[0m[38;5;249mm[0m[38;5;249me[0m[38;5;249m=[0m[38;5;249m"[0m[38;5;249mt[0m[38;5;249me[0m[38;5;249mx[0m[38;5;249mt[0m[38;5;249m-[0m[38;5;249m2[0m[38;5;249mx[0m[38;5;249ml[0m[38;5;249m [0m[38;5;249mf[0m[38;5;249mo[0m[38;5;249mn[0m[38;5;249mt[0m[38;5;249m-[0m[38;5;249mb[0m[38;5;249mo[0m[38;5;249ml[0m[38;5;249md[0m[38;5;249m [0m[38;5;249mt[0m[38;5;249me[0m[38;5;249mx[0m[38;5;249mt[0m[38;5;249m-[0m[38;5;249mg[0m[38;5;249mr[0m[38;5;249ma[0m[38;5;249my[0m[38;5;249m-[0m[38;5;249m9[0m[38;5;249m0[0m[38;5;249m0[0m">Modifier le projet</h2>
 [38;5;240m    │[0m                                                              ─────────────┬────────────  
 [38;5;240m    │[0m                                                                           ╰────────────── 
[38;5;246m─────╯[0m
[39m
  Plugin: [35mvite:oxc[39m
  File: [36mC:/Users/SONY/Desktop/project-manager/src/pages/EditProject.tsx[39m
      at transformWithOxc (file:///C:/Users/SONY/Desktop/project-manager/node_modules/vite/dist/node/chunks/node.js:7208:19)
      at TransformPluginContext.transform (file:///C:/Users/SONY/Desktop/project-manager/node_modules/vite/dist/node/chunks/node.js:7280:26)
      at EnvironmentPluginContainer.transform (file:///C:/Users/SONY/Desktop/project-manager/node_modules/vite/dist/node/chunks/node.js:8172:51)
      at async loadAndTransform (file:///C:/Users/SONY/Desktop/project-manager/node_modules/vite/dist/node/chunks/node.js:19634:26)
      at async viteTransformMiddleware (file:///C:/Users/SONY/Desktop/project-manager/node_modules/vite/dist/node/chunks/node.js:19853:20)
[2m10:00:52[22m [31m[1m[vite][22m[39m [31mInternal server error: Transform failed with 1 error:

[31m[PARSE_ERROR] [0mUnterminated string
    [38;5;246m╭[0m[38;5;246m─[0m[38;5;246m[[0m src/pages/Settings.tsx:90:67 [38;5;246m][0m
    [38;5;246m│[0m
 [38;5;246m90 │[0m [38;5;249m [0m[38;5;249m [0m[38;5;249m [0m[38;5;249m [0m[38;5;249m [0m[38;5;249m [0m[38;5;249m [0m[38;5;249m [0m[38;5;249m [0m[38;5;249m [0m[38;5;249m [0m[38;5;249m [0m[38;5;249m [0m[38;5;249m [0m[38;5;249m [0m[38;5;249m [0m[38;5;249m<[0m[38;5;249mh[0m[38;5;249m3[0m[38;5;249m [0m[38;5;249mc[0m[38;5;249ml[0m[38;5;249ma[0m[38;5;249ms[0m[38;5;249ms[0m[38;5;249mN[0m[38;5;249ma[0m[38;5;249mm[0m[38;5;249me[0m[38;5;249m=[0m[38;5;249m"[0m[38;5;249mt[0m[38;5;249me[0m[38;5;249mx[0m[38;5;249mt[0m[38;5;249m-[0m[38;5;249ml[0m[38;5;249mg[0m[38;5;249m [0m[38;5;249mf[0m[38;5;249mo[0m[38;5;249mn[0m[38;5;249mt[0m[38;5;249m-[0m[38;5;249ms[0m[38;5;249me[0m[38;5;249mm[0m[38;5;249mi[0m[38;5;249mb[0m[38;5;249mo[0m[38;5;249ml[0m[38;5;249md[0m[38;5;249m [0m[38;5;249mt[0m[38;5;249me[0m[38;5;249mx[0m[38;5;249mt[0m[38;5;249m-[0m[38;5;249mg[0m[38;5;249mr[0m[38;5;249ma[0m[38;5;249my[0m[38;5;249m-[0m[38;5;249m9[0m[38;5;249m0[0m[38;5;249m0[0m">Mon compte</h3>
 [38;5;240m   │[0m                                                                   ─────────┬────────  
 [38;5;240m   │[0m                                                                            ╰────────── 
[38;5;246m────╯[0m
[39m
  Plugin: [35mvite:oxc[39m
  File: [36mC:/Users/SONY/Desktop/project-manager/src/pages/Settings.tsx[39m
      at transformWithOxc (file:///C:/Users/SONY/Desktop/project-manager/node_modules/vite/dist/node/chunks/node.js:7208:19)
      at TransformPluginContext.transform (file:///C:/Users/SONY/Desktop/project-manager/node_modules/vite/dist/node/chunks/node.js:7280:26)
      at EnvironmentPluginContainer.transform (file:///C:/Users/SONY/Desktop/project-manager/node_modules/vite/dist/node/chunks/node.js:8172:51)
      at async loadAndTransform (file:///C:/Users/SONY/Desktop/project-manager/node_modules/vite/dist/node/chunks/node.js:19634:26)
      at async viteTransformMiddleware (file:///C:/Users/SONY/Desktop/project-manager/node_modules/vite/dist/node/chunks/node.js:19853:20)
[2m10:01:00[22m [31m[1m[vite][22m[39m [31m[2m(client)[22m[39m Pre-transform error: Transform failed with 1 error:

[31m[PARSE_ERROR] [0mUnterminated string
    [38;5;246m╭[0m[38;5;246m─[0m[38;5;246m[[0m src/components/Header.tsx:19:43 [38;5;246m][0m
    [38;5;246m│[0m
 [38;5;246m19 │[0m [38;5;249m [0m[38;5;249m [0m[38;5;249m [0m[38;5;249m [0m[38;5;249m [0m[38;5;249m [0m[38;5;249m [0m[38;5;249m [0m[38;5;249m [0m[38;5;249m [0m[38;5;249m<[0m[38;5;249mh[0m[38;5;249m1[0m[38;5;249m [0m[38;5;249mc[0m[38;5;249ml[0m[38;5;249ma[0m[38;5;249ms[0m[38;5;249ms[0m[38;5;249mN[0m[38;5;249ma[0m[38;5;249mm[0m[38;5;249me[0m[38;5;249m=[0m[38;5;249m"[0m[38;5;249mt[0m[38;5;249me[0m[38;5;249mx[0m[38;5;249mt[0m[38;5;249m-[0m[38;5;249mx[0m[38;5;249ml[0m[38;5;249m [0m[38;5;249mf[0m[38;5;249mo[0m[38;5;249mn[0m[38;5;249mt[0m[38;5;249m-[0m[38;5;249mb[0m[38;5;249mo[0m[38;5;249ml[0m[38;5;249md[0m">
 [38;5;240m   │[0m                                           ─┬─  
 [38;5;240m   │[0m                                            ╰─── 
[38;5;246m────╯[0m

  Plugin: [35mvite:oxc[39m
  File: [36mC:/Users/SONY/Desktop/project-manager/src/components/Header.tsx[39m
[2m10:01:00[22m [31m[1m[vite][22m[39m [31m[2m(client)[22m[39m Pre-transform error: Transform failed with 1 error:

[31m[PARSE_ERROR] [0mUnterminated string
    [38;5;246m╭[0m[38;5;246m─[0m[38;5;246m[[0m src/pages/ForgotPassword.tsx:99:69 [38;5;246m][0m
    [38;5;246m│[0m
 [38;5;246m99 │[0m [38;5;249m [0m[38;5;249m [0m[38;5;249m [0m[38;5;249m [0m[38;5;249m [0m[38;5;249m [0m[38;5;249m [0m[38;5;249m [0m[38;5;249m [0m[38;5;249m [0m[38;5;249m [0m[38;5;249m [0m[38;5;249m [0m[38;5;249m [0m[38;5;249m [0m[38;5;249m [0m[38;5;249m<[0m[38;5;249mh[0m[38;5;249m1[0m[38;5;249m [0m[38;5;249mc[0m[38;5;249ml[0m[38;5;249ma[0m[38;5;249ms[0m[38;5;249ms[0m[38;5;249mN[0m[38;5;249ma[0m[38;5;249mm[0m[38;5;249me[0m[38;5;249m=[0m[38;5;249m"[0m[38;5;249mm[0m[38;5;249mb[0m[38;5;249m-[0m[38;5;249m2[0m[38;5;249m [0m[38;5;249mt[0m[38;5;249me[0m[38;5;249mx[0m[38;5;249mt[0m[38;5;249m-[0m[38;5;249m2[0m[38;5;249mx[0m[38;5;249ml[0m[38;5;249m [0m[38;5;249mf[0m[38;5;249mo[0m[38;5;249mn[0m[38;5;249mt[0m[38;5;249m-[0m[38;5;249mb[0m[38;5;249mo[0m[38;5;249ml[0m[38;5;249md[0m[38;5;249m [0m[38;5;249mt[0m[38;5;249me[0m[38;5;249mx[0m[38;5;249mt[0m[38;5;249m-[0m[38;5;249mg[0m[38;5;249mr[0m[38;5;249ma[0m[38;5;249my[0m[38;5;249m-[0m[38;5;249m9[0m[38;5;249m0[0m[38;5;249m0[0m">Mot de passe oublié ?</h1>
 [38;5;240m   │[0m                                                                     ──────────────┬──────────────  
 [38;5;240m   │[0m                                                                                   ╰──────────────── 
[38;5;246m────╯[0m

  Plugin: [35mvite:oxc[39m
  File: [36mC:/Users/SONY/Desktop/project-manager/src/pages/ForgotPassword.tsx[39m
[2m10:01:00[22m [31m[1m[vite][22m[39m [31m[2m(client)[22m[39m Pre-transform error: Transform failed with 1 error:

[31m[PARSE_ERROR] [0mUnterminated string
     [38;5;246m╭[0m[38;5;246m─[0m[38;5;246m[[0m src/pages/ResetPassword.tsx:118:69 [38;5;246m][0m
     [38;5;246m│[0m
 [38;5;246m118 │[0m [38;5;249m [0m[38;5;249m [0m[38;5;249m [0m[38;5;249m [0m[38;5;249m [0m[38;5;249m [0m[38;5;249m [0m[38;5;249m [0m[38;5;249m [0m[38;5;249m [0m[38;5;249m [0m[38;5;249m [0m[38;5;249m [0m[38;5;249m [0m[38;5;249m [0m[38;5;249m [0m[38;5;249m<[0m[38;5;249mh[0m[38;5;249m1[0m[38;5;249m [0m[38;5;249mc[0m[38;5;249ml[0m[38;5;249ma[0m[38;5;249ms[0m[38;5;249ms[0m[38;5;249mN[0m[38;5;249ma[0m[38;5;249mm[0m[38;5;249me[0m[38;5;249m=[0m[38;5;249m"[0m[38;5;249mm[0m[38;5;249mb[0m[38;5;249m-[0m[38;5;249m2[0m[38;5;249m [0m[38;5;249mt[0m[38;5;249me[0m[38;5;249mx[0m[38;5;249mt[0m[38;5;249m-[0m[38;5;249m2[0m[38;5;249mx[0m[38;5;249ml[0m[38;5;249m [0m[38;5;249mf[0m[38;5;249mo[0m[38;5;249mn[0m[38;5;249mt[0m[38;5;249m-[0m[38;5;249mb[0m[38;5;249mo[0m[38;5;249ml[0m[38;5;249md[0m[38;5;249m [0m[38;5;249mt[0m[38;5;249me[0m[38;5;249mx[0m[38;5;249mt[0m[38;5;249m-[0m[38;5;249mg[0m[38;5;249mr[0m[38;5;249ma[0m[38;5;249my[0m[38;5;249m-[0m[38;5;249m9[0m[38;5;249m0[0m[38;5;249m0[0m">Nouveau mot de passe</h1>
 [38;5;240m    │[0m                                                                     ──────────────┬─────────────  
 [38;5;240m    │[0m                                                                                   ╰─────────────── 
[38;5;246m─────╯[0m

  Plugin: [35mvite:oxc[39m
  File: [36mC:/Users/SONY/Desktop/project-manager/src/pages/ResetPassword.tsx[39m
[2m10:01:00[22m [31m[1m[vite][22m[39m [31m[2m(client)[22m[39m Pre-transform error: Transform failed with 1 error:

[31m[PARSE_ERROR] [0mUnterminated string
    [38;5;246m╭[0m[38;5;246m─[0m[38;5;246m[[0m src/pages/NewProject.tsx:58:62 [38;5;246m][0m
    [38;5;246m│[0m
 [38;5;246m58 │[0m [38;5;249m [0m[38;5;249m [0m[38;5;249m [0m[38;5;249m [0m[38;5;249m [0m[38;5;249m [0m[38;5;249m [0m[38;5;249m [0m[38;5;249m [0m[38;5;249m [0m[38;5;249m [0m[38;5;249m [0m[38;5;249m [0m[38;5;249m [0m[38;5;249m<[0m[38;5;249mh[0m[38;5;249m2[0m[38;5;249m [0m[38;5;249mc[0m[38;5;249ml[0m[38;5;249ma[0m[38;5;249ms[0m[38;5;249ms[0m[38;5;249mN[0m[38;5;249ma[0m[38;5;249mm[0m[38;5;249me[0m[38;5;249m=[0m[38;5;249m"[0m[38;5;249mt[0m[38;5;249me[0m[38;5;249mx[0m[38;5;249mt[0m[38;5;249m-[0m[38;5;249m2[0m[38;5;249mx[0m[38;5;249ml[0m[38;5;249m [0m[38;5;249mf[0m[38;5;249mo[0m[38;5;249mn[0m[38;5;249mt[0m[38;5;249m-[0m[38;5;249mb[0m[38;5;249mo[0m[38;5;249ml[0m[38;5;249md[0m[38;5;249m [0m[38;5;249mt[0m[38;5;249me[0m[38;5;249mx[0m[38;5;249mt[0m[38;5;249m-[0m[38;5;249mg[0m[38;5;249mr[0m[38;5;249ma[0m[38;5;249my[0m[38;5;249m-[0m[38;5;249m9[0m[38;5;249m0[0m[38;5;249m0[0m">Nouveau projet</h2>
 [38;5;240m   │[0m                                                              ───────────┬──────────  
 [38;5;240m   │[0m                                                                         ╰──────────── 
[38;5;246m────╯[0m

  Plugin: [35mvite:oxc[39m
  File: [36mC:/Users/SONY/Desktop/project-manager/src/pages/NewProject.tsx[39m
[2m10:01:00[22m [31m[1m[vite][22m[39m [31m[2m(client)[22m[39m Pre-transform error: Transform failed with 1 error:

[31m[PARSE_ERROR] [0mUnterminated string
     [38;5;246m╭[0m[38;5;246m─[0m[38;5;246m[[0m src/pages/EditProject.tsx:118:62 [38;5;246m][0m
     [38;5;246m│[0m
 [38;5;246m118 │[0m [38;5;249m [0m[38;5;249m [0m[38;5;249m [0m[38;5;249m [0m[38;5;249m [0m[38;5;249m [0m[38;5;249m [0m[38;5;249m [0m[38;5;249m [0m[38;5;249m [0m[38;5;249m [0m[38;5;249m [0m[38;5;249m [0m[38;5;249m [0m[38;5;249m<[0m[38;5;249mh[0m[38;5;249m2[0m[38;5;249m [0m[38;5;249mc[0m[38;5;249ml[0m[38;5;249ma[0m[38;5;249ms[0m[38;5;249ms[0m[38;5;249mN[0m[38;5;249ma[0m[38;5;249mm[0m[38;5;249me[0m[38;5;249m=[0m[38;5;249m"[0m[38;5;249mt[0m[38;5;249me[0m[38;5;249mx[0m[38;5;249mt[0m[38;5;249m-[0m[38;5;249m2[0m[38;5;249mx[0m[38;5;249ml[0m[38;5;249m [0m[38;5;249mf[0m[38;5;249mo[0m[38;5;249mn[0m[38;5;249mt[0m[38;5;249m-[0m[38;5;249mb[0m[38;5;249mo[0m[38;5;249ml[0m[38;5;249md[0m[38;5;249m [0m[38;5;249mt[0m[38;5;249me[0m[38;5;249mx[0m[38;5;249mt[0m[38;5;249m-[0m[38;5;249mg[0m[38;5;249mr[0m[38;5;249ma[0m[38;5;249my[0m[38;5;249m-[0m[38;5;249m9[0m[38;5;249m0[0m[38;5;249m0[0m">Modifier le projet</h2>
 [38;5;240m    │[0m                                                              ─────────────┬────────────  
 [38;5;240m    │[0m                                                                           ╰────────────── 
[38;5;246m─────╯[0m

  Plugin: [35mvite:oxc[39m
  File: [36mC:/Users/SONY/Desktop/project-manager/src/pages/EditProject.tsx[39m
[2m10:01:00[22m [31m[1m[vite][22m[39m [31m[2m(client)[22m[39m Pre-transform error: Transform failed with 1 error:

[31m[PARSE_ERROR] [0mUnterminated string
    [38;5;246m╭[0m[38;5;246m─[0m[38;5;246m[[0m src/pages/Settings.tsx:90:67 [38;5;246m][0m
    [38;5;246m│[0m
 [38;5;246m90 │[0m [38;5;249m [0m[38;5;249m [0m[38;5;249m [0m[38;5;249m [0m[38;5;249m [0m[38;5;249m [0m[38;5;249m [0m[38;5;249m [0m[38;5;249m [0m[38;5;249m [0m[38;5;249m [0m[38;5;249m [0m[38;5;249m [0m[38;5;249m [0m[38;5;249m [0m[38;5;249m [0m[38;5;249m<[0m[38;5;249mh[0m[38;5;249m3[0m[38;5;249m [0m[38;5;249mc[0m[38;5;249ml[0m[38;5;249ma[0m[38;5;249ms[0m[38;5;249ms[0m[38;5;249mN[0m[38;5;249ma[0m[38;5;249mm[0m[38;5;249me[0m[38;5;249m=[0m[38;5;249m"[0m[38;5;249mt[0m[38;5;249me[0m[38;5;249mx[0m[38;5;249mt[0m[38;5;249m-[0m[38;5;249ml[0m[38;5;249mg[0m[38;5;249m [0m[38;5;249mf[0m[38;5;249mo[0m[38;5;249mn[0m[38;5;249mt[0m[38;5;249m-[0m[38;5;249ms[0m[38;5;249me[0m[38;5;249mm[0m[38;5;249mi[0m[38;5;249mb[0m[38;5;249mo[0m[38;5;249ml[0m[38;5;249md[0m[38;5;249m [0m[38;5;249mt[0m[38;5;249me[0m[38;5;249mx[0m[38;5;249mt[0m[38;5;249m-[0m[38;5;249mg[0m[38;5;249mr[0m[38;5;249ma[0m[38;5;249my[0m[38;5;249m-[0m[38;5;249m9[0m[38;5;249m0[0m[38;5;249m0[0m">Mon compte</h3>
 [38;5;240m   │[0m                                                                   ─────────┬────────  
 [38;5;240m   │[0m                                                                            ╰────────── 
[38;5;246m────╯[0m

  Plugin: [35mvite:oxc[39m
  File: [36mC:/Users/SONY/Desktop/project-manager/src/pages/Settings.tsx[39m
[2m10:01:00[22m [31m[1m[vite][22m[39m [31m[2m(client)[22m[39m Pre-transform error: Transform failed with 1 error:

[31m[PARSE_ERROR] [0mUnexpected token
     [38;5;246m╭[0m[38;5;246m─[0m[38;5;246m[[0m src/pages/Login.tsx:149:85 [38;5;246m][0m
     [38;5;246m│[0m
 [38;5;246m149 │[0m [38;5;249m [0m[38;5;249m [0m[38;5;249m [0m[38;5;249m [0m[38;5;249m [0m[38;5;249m [0m[38;5;249m [0m[38;5;249m [0m[38;5;249m [0m[38;5;249m [0m[38;5;249m [0m[38;5;249m [0m[38;5;249m [0m[38;5;249m [0m[38;5;249m<[0m[38;5;249ms[0m[38;5;249mp[0m[38;5;249ma[0m[38;5;249mn[0m[38;5;249m [0m[38;5;249mc[0m[38;5;249ml[0m[38;5;249ma[0m[38;5;249ms[0m[38;5;249ms[0m[38;5;249mN[0m[38;5;249ma[0m[38;5;249mm[0m[38;5;249me[0m[38;5;249m=[0m[38;5;249m"[0m[38;5;249mt[0m[38;5;249me[0m[38;5;249mx[0m[38;5;249mt[0m[38;5;249m-[0m[38;5;249ms[0m[38;5;249mm[0m[38;5;249m [0m[38;5;249mf[0m[38;5;249mo[0m[38;5;249mn[0m[38;5;249mt[0m[38;5;249m-[0m[38;5;249ms[0m[38;5;249me[0m[38;5;249mm[0m[38;5;249mi[0m[38;5;249mb[0m[38;5;249mo[0m[38;5;249ml[0m[38;5;249md[0m[38;5;249m [0m[38;5;249mu[0m[38;5;249mp[0m[38;5;249mp[0m[38;5;249me[0m[38;5;249mr[0m[38;5;249mc[0m[38;5;249ma[0m[38;5;249ms[0m[38;5;249me[0m[38;5;249m [0m[38;5;249mt[0m[38;5;249mr[0m[38;5;249ma[0m[38;5;249mc[0m[38;5;249mk[0m[38;5;249mi[0m[38;5;249mn[0m[38;5;249mg[0m[38;5;249m-[0m[38;5;249mw[0m[38;5;249mi[0m[38;5;249md[0m[38;5;249me[0m[38;5;249ms[0m[38;5;249mt[0m[38;5;249m [0m[38;5;249mt[0m[38;5;249me[0m[38;5;249mx[0m[38;5;249mt[0m[38;5;249m-[0m[[38;5;249m#[0m[38;5;249m5[0m[38;5;249m4[0m[38;5;249m2[0m[38;5;249ma[0m[38;5;249m5[0m[38;5;249m2[0m[38;5;249m][0m[38;5;249m/[0m[38;5;249m7[0m[38;5;249m0[0m[38;5;249m"[0m[38;5;249m>[0m[38;5;249mP[0m[38;5;249mr[0m[38;5;249mo[0m[38;5;249mj[0m[38;5;249me[0m[38;5;249mc[0m[38;5;249mt[0m[38;5;249m [0m[38;5;249mM[0m[38;5;249ma[0m[38;5;249mn[0m[38;5;249ma[0m[38;5;249mg[0m[38;5;249me[0m[38;5;249mr[0m[38;5;249m<[0m[38;5;249m/[0m[38;5;249ms[0m[38;5;249mp[0m[38;5;249ma[0m[38;5;249mn[0m[38;5;249m>[0m
 [38;5;240m    │[0m                                                                                     ┬  
 [38;5;240m    │[0m                                                                                     ╰── 
[38;5;246m─────╯[0m

  Plugin: [35mvite:oxc[39m
  File: [36mC:/Users/SONY/Desktop/project-manager/src/pages/Login.tsx[39m
[2m10:01:00[22m [31m[1m[vite][22m[39m [31mInternal server error: Transform failed with 1 error:

[31m[PARSE_ERROR] [0mUnexpected token
     [38;5;246m╭[0m[38;5;246m─[0m[38;5;246m[[0m src/pages/Login.tsx:149:85 [38;5;246m][0m
     [38;5;246m│[0m
 [38;5;246m149 │[0m [38;5;249m [0m[38;5;249m [0m[38;5;249m [0m[38;5;249m [0m[38;5;249m [0m[38;5;249m [0m[38;5;249m [0m[38;5;249m [0m[38;5;249m [0m[38;5;249m [0m[38;5;249m [0m[38;5;249m [0m[38;5;249m [0m[38;5;249m [0m[38;5;249m<[0m[38;5;249ms[0m[38;5;249mp[0m[38;5;249ma[0m[38;5;249mn[0m[38;5;249m [0m[38;5;249mc[0m[38;5;249ml[0m[38;5;249ma[0m[38;5;249ms[0m[38;5;249ms[0m[38;5;249mN[0m[38;5;249ma[0m[38;5;249mm[0m[38;5;249me[0m[38;5;249m=[0m[38;5;249m"[0m[38;5;249mt[0m[38;5;249me[0m[38;5;249mx[0m[38;5;249mt[0m[38;5;249m-[0m[38;5;249ms[0m[38;5;249mm[0m[38;5;249m [0m[38;5;249mf[0m[38;5;249mo[0m[38;5;249mn[0m[38;5;249mt[0m[38;5;249m-[0m[38;5;249ms[0m[38;5;249me[0m[38;5;249mm[0m[38;5;249mi[0m[38;5;249mb[0m[38;5;249mo[0m[38;5;249ml[0m[38;5;249md[0m[38;5;249m [0m[38;5;249mu[0m[38;5;249mp[0m[38;5;249mp[0m[38;5;249me[0m[38;5;249mr[0m[38;5;249mc[0m[38;5;249ma[0m[38;5;249ms[0m[38;5;249me[0m[38;5;249m [0m[38;5;249mt[0m[38;5;249mr[0m[38;5;249ma[0m[38;5;249mc[0m[38;5;249mk[0m[38;5;249mi[0m[38;5;249mn[0m[38;5;249mg[0m[38;5;249m-[0m[38;5;249mw[0m[38;5;249mi[0m[38;5;249md[0m[38;5;249me[0m[38;5;249ms[0m[38;5;249mt[0m[38;5;249m [0m[38;5;249mt[0m[38;5;249me[0m[38;5;249mx[0m[38;5;249mt[0m[38;5;249m-[0m[[38;5;249m#[0m[38;5;249m5[0m[38;5;249m4[0m[38;5;249m2[0m[38;5;249ma[0m[38;5;249m5[0m[38;5;249m2[0m[38;5;249m][0m[38;5;249m/[0m[38;5;249m7[0m[38;5;249m0[0m[38;5;249m"[0m[38;5;249m>[0m[38;5;249mP[0m[38;5;249mr[0m[38;5;249mo[0m[38;5;249mj[0m[38;5;249me[0m[38;5;249mc[0m[38;5;249mt[0m[38;5;249m [0m[38;5;249mM[0m[38;5;249ma[0m[38;5;249mn[0m[38;5;249ma[0m[38;5;249mg[0m[38;5;249me[0m[38;5;249mr[0m[38;5;249m<[0m[38;5;249m/[0m[38;5;249ms[0m[38;5;249mp[0m[38;5;249ma[0m[38;5;249mn[0m[38;5;249m>[0m
 [38;5;240m    │[0m                                                                                     ┬  
 [38;5;240m    │[0m                                                                                     ╰── 
[38;5;246m─────╯[0m
[39m
  Plugin: [35mvite:oxc[39m
  File: [36mC:/Users/SONY/Desktop/project-manager/src/pages/Login.tsx[39m
      at transformWithOxc (file:///C:/Users/SONY/Desktop/project-manager/node_modules/vite/dist/node/chunks/node.js:7208:19)
      at TransformPluginContext.transform (file:///C:/Users/SONY/Desktop/project-manager/node_modules/vite/dist/node/chunks/node.js:7280:26)
      at EnvironmentPluginContainer.transform (file:///C:/Users/SONY/Desktop/project-manager/node_modules/vite/dist/node/chunks/node.js:8172:51)
      at async loadAndTransform (file:///C:/Users/SONY/Desktop/project-manager/node_modules/vite/dist/node/chunks/node.js:19634:26)
      at async viteTransformMiddleware (file:///C:/Users/SONY/Desktop/project-manager/node_modules/vite/dist/node/chunks/node.js:19853:20)
[2m10:01:00[22m [31m[1m[vite][22m[39m [31mInternal server error: Transform failed with 1 error:

[31m[PARSE_ERROR] [0mUnterminated string
     [38;5;246m╭[0m[38;5;246m─[0m[38;5;246m[[0m src/pages/ResetPassword.tsx:118:69 [38;5;246m][0m
     [38;5;246m│[0m
 [38;5;246m118 │[0m [38;5;249m [0m[38;5;249m [0m[38;5;249m [0m[38;5;249m [0m[38;5;249m [0m[38;5;249m [0m[38;5;249m [0m[38;5;249m [0m[38;5;249m [0m[38;5;249m [0m[38;5;249m [0m[38;5;249m [0m[38;5;249m [0m[38;5;249m [0m[38;5;249m [0m[38;5;249m [0m[38;5;249m<[0m[38;5;249mh[0m[38;5;249m1[0m[38;5;249m [0m[38;5;249mc[0m[38;5;249ml[0m[38;5;249ma[0m[38;5;249ms[0m[38;5;249ms[0m[38;5;249mN[0m[38;5;249ma[0m[38;5;249mm[0m[38;5;249me[0m[38;5;249m=[0m[38;5;249m"[0m[38;5;249mm[0m[38;5;249mb[0m[38;5;249m-[0m[38;5;249m2[0m[38;5;249m [0m[38;5;249mt[0m[38;5;249me[0m[38;5;249mx[0m[38;5;249mt[0m[38;5;249m-[0m[38;5;249m2[0m[38;5;249mx[0m[38;5;249ml[0m[38;5;249m [0m[38;5;249mf[0m[38;5;249mo[0m[38;5;249mn[0m[38;5;249mt[0m[38;5;249m-[0m[38;5;249mb[0m[38;5;249mo[0m[38;5;249ml[0m[38;5;249md[0m[38;5;249m [0m[38;5;249mt[0m[38;5;249me[0m[38;5;249mx[0m[38;5;249mt[0m[38;5;249m-[0m[38;5;249mg[0m[38;5;249mr[0m[38;5;249ma[0m[38;5;249my[0m[38;5;249m-[0m[38;5;249m9[0m[38;5;249m0[0m[38;5;249m0[0m">Nouveau mot de passe</h1>
 [38;5;240m    │[0m                                                                     ──────────────┬─────────────  
 [38;5;240m    │[0m                                                                                   ╰─────────────── 
[38;5;246m─────╯[0m
[39m
  Plugin: [35mvite:oxc[39m
  File: [36mC:/Users/SONY/Desktop/project-manager/src/pages/ResetPassword.tsx[39m
      at transformWithOxc (file:///C:/Users/SONY/Desktop/project-manager/node_modules/vite/dist/node/chunks/node.js:7208:19)
      at TransformPluginContext.transform (file:///C:/Users/SONY/Desktop/project-manager/node_modules/vite/dist/node/chunks/node.js:7280:26)
      at EnvironmentPluginContainer.transform (file:///C:/Users/SONY/Desktop/project-manager/node_modules/vite/dist/node/chunks/node.js:8172:51)
      at async loadAndTransform (file:///C:/Users/SONY/Desktop/project-manager/node_modules/vite/dist/node/chunks/node.js:19634:26)
      at async viteTransformMiddleware (file:///C:/Users/SONY/Desktop/project-manager/node_modules/vite/dist/node/chunks/node.js:19853:20)
[2m10:01:00[22m [31m[1m[vite][22m[39m [31mInternal server error: Transform failed with 1 error:

[31m[PARSE_ERROR] [0mUnterminated string
     [38;5;246m╭[0m[38;5;246m─[0m[38;5;246m[[0m src/pages/EditProject.tsx:118:62 [38;5;246m][0m
     [38;5;246m│[0m
 [38;5;246m118 │[0m [38;5;249m [0m[38;5;249m [0m[38;5;249m [0m[38;5;249m [0m[38;5;249m [0m[38;5;249m [0m[38;5;249m [0m[38;5;249m [0m[38;5;249m [0m[38;5;249m [0m[38;5;249m [0m[38;5;249m [0m[38;5;249m [0m[38;5;249m [0m[38;5;249m<[0m[38;5;249mh[0m[38;5;249m2[0m[38;5;249m [0m[38;5;249mc[0m[38;5;249ml[0m[38;5;249ma[0m[38;5;249ms[0m[38;5;249ms[0m[38;5;249mN[0m[38;5;249ma[0m[38;5;249mm[0m[38;5;249me[0m[38;5;249m=[0m[38;5;249m"[0m[38;5;249mt[0m[38;5;249me[0m[38;5;249mx[0m[38;5;249mt[0m[38;5;249m-[0m[38;5;249m2[0m[38;5;249mx[0m[38;5;249ml[0m[38;5;249m [0m[38;5;249mf[0m[38;5;249mo[0m[38;5;249mn[0m[38;5;249mt[0m[38;5;249m-[0m[38;5;249mb[0m[38;5;249mo[0m[38;5;249ml[0m[38;5;249md[0m[38;5;249m [0m[38;5;249mt[0m[38;5;249me[0m[38;5;249mx[0m[38;5;249mt[0m[38;5;249m-[0m[38;5;249mg[0m[38;5;249mr[0m[38;5;249ma[0m[38;5;249my[0m[38;5;249m-[0m[38;5;249m9[0m[38;5;249m0[0m[38;5;249m0[0m">Modifier le projet</h2>
 [38;5;240m    │[0m                                                              ─────────────┬────────────  
 [38;5;240m    │[0m                                                                           ╰────────────── 
[38;5;246m─────╯[0m
[39m
  Plugin: [35mvite:oxc[39m
  File: [36mC:/Users/SONY/Desktop/project-manager/src/pages/EditProject.tsx[39m
      at transformWithOxc (file:///C:/Users/SONY/Desktop/project-manager/node_modules/vite/dist/node/chunks/node.js:7208:19)
      at TransformPluginContext.transform (file:///C:/Users/SONY/Desktop/project-manager/node_modules/vite/dist/node/chunks/node.js:7280:26)
      at EnvironmentPluginContainer.transform (file:///C:/Users/SONY/Desktop/project-manager/node_modules/vite/dist/node/chunks/node.js:8172:51)
      at async loadAndTransform (file:///C:/Users/SONY/Desktop/project-manager/node_modules/vite/dist/node/chunks/node.js:19634:26)
      at async viteTransformMiddleware (file:///C:/Users/SONY/Desktop/project-manager/node_modules/vite/dist/node/chunks/node.js:19853:20)
[2m10:01:00[22m [31m[1m[vite][22m[39m [31mInternal server error: Transform failed with 1 error:

[31m[PARSE_ERROR] [0mUnterminated string
    [38;5;246m╭[0m[38;5;246m─[0m[38;5;246m[[0m src/pages/Settings.tsx:90:67 [38;5;246m][0m
    [38;5;246m│[0m
 [38;5;246m90 │[0m [38;5;249m [0m[38;5;249m [0m[38;5;249m [0m[38;5;249m [0m[38;5;249m [0m[38;5;249m [0m[38;5;249m [0m[38;5;249m [0m[38;5;249m [0m[38;5;249m [0m[38;5;249m [0m[38;5;249m [0m[38;5;249m [0m[38;5;249m [0m[38;5;249m [0m[38;5;249m [0m[38;5;249m<[0m[38;5;249mh[0m[38;5;249m3[0m[38;5;249m [0m[38;5;249mc[0m[38;5;249ml[0m[38;5;249ma[0m[38;5;249ms[0m[38;5;249ms[0m[38;5;249mN[0m[38;5;249ma[0m[38;5;249mm[0m[38;5;249me[0m[38;5;249m=[0m[38;5;249m"[0m[38;5;249mt[0m[38;5;249me[0m[38;5;249mx[0m[38;5;249mt[0m[38;5;249m-[0m[38;5;249ml[0m[38;5;249mg[0m[38;5;249m [0m[38;5;249mf[0m[38;5;249mo[0m[38;5;249mn[0m[38;5;249mt[0m[38;5;249m-[0m[38;5;249ms[0m[38;5;249me[0m[38;5;249mm[0m[38;5;249mi[0m[38;5;249mb[0m[38;5;249mo[0m[38;5;249ml[0m[38;5;249md[0m[38;5;249m [0m[38;5;249mt[0m[38;5;249me[0m[38;5;249mx[0m[38;5;249mt[0m[38;5;249m-[0m[38;5;249mg[0m[38;5;249mr[0m[38;5;249ma[0m[38;5;249my[0m[38;5;249m-[0m[38;5;249m9[0m[38;5;249m0[0m[38;5;249m0[0m">Mon compte</h3>
 [38;5;240m   │[0m                                                                   ─────────┬────────  
 [38;5;240m   │[0m                                                                            ╰────────── 
[38;5;246m────╯[0m
[39m
  Plugin: [35mvite:oxc[39m
  File: [36mC:/Users/SONY/Desktop/project-manager/src/pages/Settings.tsx[39m
      at transformWithOxc (file:///C:/Users/SONY/Desktop/project-manager/node_modules/vite/dist/node/chunks/node.js:7208:19)
      at TransformPluginContext.transform (file:///C:/Users/SONY/Desktop/project-manager/node_modules/vite/dist/node/chunks/node.js:7280:26)
      at EnvironmentPluginContainer.transform (file:///C:/Users/SONY/Desktop/project-manager/node_modules/vite/dist/node/chunks/node.js:8172:51)
      at async loadAndTransform (file:///C:/Users/SONY/Desktop/project-manager/node_modules/vite/dist/node/chunks/node.js:19634:26)
      at async viteTransformMiddleware (file:///C:/Users/SONY/Desktop/project-manager/node_modules/vite/dist/node/chunks/node.js:19853:20)
[2m10:01:00[22m [31m[1m[vite][22m[39m [31mInternal server error: Transform failed with 1 error:

[31m[PARSE_ERROR] [0mUnterminated string
    [38;5;246m╭[0m[38;5;246m─[0m[38;5;246m[[0m src/components/Header.tsx:19:43 [38;5;246m][0m
    [38;5;246m│[0m
 [38;5;246m19 │[0m [38;5;249m [0m[38;5;249m [0m[38;5;249m [0m[38;5;249m [0m[38;5;249m [0m[38;5;249m [0m[38;5;249m [0m[38;5;249m [0m[38;5;249m [0m[38;5;249m [0m[38;5;249m<[0m[38;5;249mh[0m[38;5;249m1[0m[38;5;249m [0m[38;5;249mc[0m[38;5;249ml[0m[38;5;249ma[0m[38;5;249ms[0m[38;5;249ms[0m[38;5;249mN[0m[38;5;249ma[0m[38;5;249mm[0m[38;5;249me[0m[38;5;249m=[0m[38;5;249m"[0m[38;5;249mt[0m[38;5;249me[0m[38;5;249mx[0m[38;5;249mt[0m[38;5;249m-[0m[38;5;249mx[0m[38;5;249ml[0m[38;5;249m [0m[38;5;249mf[0m[38;5;249mo[0m[38;5;249mn[0m[38;5;249mt[0m[38;5;249m-[0m[38;5;249mb[0m[38;5;249mo[0m[38;5;249ml[0m[38;5;249md[0m">
 [38;5;240m   │[0m                                           ─┬─  
 [38;5;240m   │[0m                                            ╰─── 
[38;5;246m────╯[0m
[39m
  Plugin: [35mvite:oxc[39m
  File: [36mC:/Users/SONY/Desktop/project-manager/src/components/Header.tsx[39m
      at transformWithOxc (file:///C:/Users/SONY/Desktop/project-manager/node_modules/vite/dist/node/chunks/node.js:7208:19)
      at TransformPluginContext.transform (file:///C:/Users/SONY/Desktop/project-manager/node_modules/vite/dist/node/chunks/node.js:7280:26)
      at EnvironmentPluginContainer.transform (file:///C:/Users/SONY/Desktop/project-manager/node_modules/vite/dist/node/chunks/node.js:8172:51)
      at async loadAndTransform (file:///C:/Users/SONY/Desktop/project-manager/node_modules/vite/dist/node/chunks/node.js:19634:26)
      at async viteTransformMiddleware (file:///C:/Users/SONY/Desktop/project-manager/node_modules/vite/dist/node/chunks/node.js:19853:20)
[2m10:01:00[22m [31m[1m[vite][22m[39m [31mInternal server error: Transform failed with 1 error:

[31m[PARSE_ERROR] [0mUnterminated string
    [38;5;246m╭[0m[38;5;246m─[0m[38;5;246m[[0m src/pages/ForgotPassword.tsx:99:69 [38;5;246m][0m
    [38;5;246m│[0m
 [38;5;246m99 │[0m [38;5;249m [0m[38;5;249m [0m[38;5;249m [0m[38;5;249m [0m[38;5;249m [0m[38;5;249m [0m[38;5;249m [0m[38;5;249m [0m[38;5;249m [0m[38;5;249m [0m[38;5;249m [0m[38;5;249m [0m[38;5;249m [0m[38;5;249m [0m[38;5;249m [0m[38;5;249m [0m[38;5;249m<[0m[38;5;249mh[0m[38;5;249m1[0m[38;5;249m [0m[38;5;249mc[0m[38;5;249ml[0m[38;5;249ma[0m[38;5;249ms[0m[38;5;249ms[0m[38;5;249mN[0m[38;5;249ma[0m[38;5;249mm[0m[38;5;249me[0m[38;5;249m=[0m[38;5;249m"[0m[38;5;249mm[0m[38;5;249mb[0m[38;5;249m-[0m[38;5;249m2[0m[38;5;249m [0m[38;5;249mt[0m[38;5;249me[0m[38;5;249mx[0m[38;5;249mt[0m[38;5;249m-[0m[38;5;249m2[0m[38;5;249mx[0m[38;5;249ml[0m[38;5;249m [0m[38;5;249mf[0m[38;5;249mo[0m[38;5;249mn[0m[38;5;249mt[0m[38;5;249m-[0m[38;5;249mb[0m[38;5;249mo[0m[38;5;249ml[0m[38;5;249md[0m[38;5;249m [0m[38;5;249mt[0m[38;5;249me[0m[38;5;249mx[0m[38;5;249mt[0m[38;5;249m-[0m[38;5;249mg[0m[38;5;249mr[0m[38;5;249ma[0m[38;5;249my[0m[38;5;249m-[0m[38;5;249m9[0m[38;5;249m0[0m[38;5;249m0[0m">Mot de passe oublié ?</h1>
 [38;5;240m   │[0m                                                                     ──────────────┬──────────────  
 [38;5;240m   │[0m                                                                                   ╰──────────────── 
[38;5;246m────╯[0m
[39m
  Plugin: [35mvite:oxc[39m
  File: [36mC:/Users/SONY/Desktop/project-manager/src/pages/ForgotPassword.tsx[39m
      at transformWithOxc (file:///C:/Users/SONY/Desktop/project-manager/node_modules/vite/dist/node/chunks/node.js:7208:19)
      at TransformPluginContext.transform (file:///C:/Users/SONY/Desktop/project-manager/node_modules/vite/dist/node/chunks/node.js:7280:26)
      at EnvironmentPluginContainer.transform (file:///C:/Users/SONY/Desktop/project-manager/node_modules/vite/dist/node/chunks/node.js:8172:51)
      at async loadAndTransform (file:///C:/Users/SONY/Desktop/project-manager/node_modules/vite/dist/node/chunks/node.js:19634:26)
[2m10:01:00[22m [31m[1m[vite][22m[39m [31mInternal server error: Transform failed with 1 error:

[31m[PARSE_ERROR] [0mUnterminated string
    [38;5;246m╭[0m[38;5;246m─[0m[38;5;246m[[0m src/pages/ForgotPassword.tsx:99:69 [38;5;246m][0m
    [38;5;246m│[0m
 [38;5;246m99 │[0m [38;5;249m [0m[38;5;249m [0m[38;5;249m [0m[38;5;249m [0m[38;5;249m [0m[38;5;249m [0m[38;5;249m [0m[38;5;249m [0m[38;5;249m [0m[38;5;249m [0m[38;5;249m [0m[38;5;249m [0m[38;5;249m [0m[38;5;249m [0m[38;5;249m [0m[38;5;249m [0m[38;5;249m<[0m[38;5;249mh[0m[38;5;249m1[0m[38;5;249m [0m[38;5;249mc[0m[38;5;249ml[0m[38;5;249ma[0m[38;5;249ms[0m[38;5;249ms[0m[38;5;249mN[0m[38;5;249ma[0m[38;5;249mm[0m[38;5;249me[0m[38;5;249m=[0m[38;5;249m"[0m[38;5;249mm[0m[38;5;249mb[0m[38;5;249m-[0m[38;5;249m2[0m[38;5;249m [0m[38;5;249mt[0m[38;5;249me[0m[38;5;249mx[0m[38;5;249mt[0m[38;5;249m-[0m[38;5;249m2[0m[38;5;249mx[0m[38;5;249ml[0m[38;5;249m [0m[38;5;249mf[0m[38;5;249mo[0m[38;5;249mn[0m[38;5;249mt[0m[38;5;249m-[0m[38;5;249mb[0m[38;5;249mo[0m[38;5;249ml[0m[38;5;249md[0m[38;5;249m [0m[38;5;249mt[0m[38;5;249me[0m[38;5;249mx[0m[38;5;249mt[0m[38;5;249m-[0m[38;5;249mg[0m[38;5;249mr[0m[38;5;249ma[0m[38;5;249my[0m[38;5;249m-[0m[38;5;249m9[0m[38;5;249m0[0m[38;5;249m0[0m">Mot de passe oublié ?</h1>
 [38;5;240m   │[0m                                                                     ──────────────┬──────────────  
 [38;5;240m   │[0m                                                                                   ╰──────────────── 
[38;5;246m────╯[0m
[39m
  Plugin: [35mvite:oxc[39m
  File: [36mC:/Users/SONY/Desktop/project-manager/src/pages/ForgotPassword.tsx[39m
      at transformWithOxc (file:///C:/Users/SONY/Desktop/project-manager/node_modules/vite/dist/node/chunks/node.js:7208:19)
      at TransformPluginContext.transform (file:///C:/Users/SONY/Desktop/project-manager/node_modules/vite/dist/node/chunks/node.js:7280:26)
      at EnvironmentPluginContainer.transform (file:///C:/Users/SONY/Desktop/project-manager/node_modules/vite/dist/node/chunks/node.js:8172:51)
      at async loadAndTransform (file:///C:/Users/SONY/Desktop/project-manager/node_modules/vite/dist/node/chunks/node.js:19634:26)
[2m10:01:00[22m [31m[1m[vite][22m[39m [31mInternal server error: Transform failed with 1 error:

[31m[PARSE_ERROR] [0mUnterminated string
    [38;5;246m╭[0m[38;5;246m─[0m[38;5;246m[[0m src/pages/NewProject.tsx:58:62 [38;5;246m][0m
    [38;5;246m│[0m
 [38;5;246m58 │[0m [38;5;249m [0m[38;5;249m [0m[38;5;249m [0m[38;5;249m [0m[38;5;249m [0m[38;5;249m [0m[38;5;249m [0m[38;5;249m [0m[38;5;249m [0m[38;5;249m [0m[38;5;249m [0m[38;5;249m [0m[38;5;249m [0m[38;5;249m [0m[38;5;249m<[0m[38;5;249mh[0m[38;5;249m2[0m[38;5;249m [0m[38;5;249mc[0m[38;5;249ml[0m[38;5;249ma[0m[38;5;249ms[0m[38;5;249ms[0m[38;5;249mN[0m[38;5;249ma[0m[38;5;249mm[0m[38;5;249me[0m[38;5;249m=[0m[38;5;249m"[0m[38;5;249mt[0m[38;5;249me[0m[38;5;249mx[0m[38;5;249mt[0m[38;5;249m-[0m[38;5;249m2[0m[38;5;249mx[0m[38;5;249ml[0m[38;5;249m [0m[38;5;249mf[0m[38;5;249mo[0m[38;5;249mn[0m[38;5;249mt[0m[38;5;249m-[0m[38;5;249mb[0m[38;5;249mo[0m[38;5;249ml[0m[38;5;249md[0m[38;5;249m [0m[38;5;249mt[0m[38;5;249me[0m[38;5;249mx[0m[38;5;249mt[0m[38;5;249m-[0m[38;5;249mg[0m[38;5;249mr[0m[38;5;249ma[0m[38;5;249my[0m[38;5;249m-[0m[38;5;249m9[0m[38;5;249m0[0m[38;5;249m0[0m">Nouveau projet</h2>
 [38;5;240m   │[0m                                                              ───────────┬──────────  
 [38;5;240m   │[0m                                                                         ╰──────────── 
[38;5;246m────╯[0m
[39m
  Plugin: [35mvite:oxc[39m
  File: [36mC:/Users/SONY/Desktop/project-manager/src/pages/NewProject.tsx[39m
      at transformWithOxc (file:///C:/Users/SONY/Desktop/project-manager/node_modules/vite/dist/node/chunks/node.js:7208:19)
      at TransformPluginContext.transform (file:///C:/Users/SONY/Desktop/project-manager/node_modules/vite/dist/node/chunks/node.js:7280:26)
      at EnvironmentPluginContainer.transform (file:///C:/Users/SONY/Desktop/project-manager/node_modules/vite/dist/node/chunks/node.js:8172:51)
      at async loadAndTransform (file:///C:/Users/SONY/Desktop/project-manager/node_modules/vite/dist/node/chunks/node.js:19634:26)
      at async viteTransformMiddleware (file:///C:/Users/SONY/Desktop/project-manager/node_modules/vite/dist/node/chunks/node.js:19853:20)
[2m10:01:00[22m [31m[1m[vite][22m[39m [31mInternal server error: Transform failed with 1 error:

[31m[PARSE_ERROR] [0mUnterminated string
    [38;5;246m╭[0m[38;5;246m─[0m[38;5;246m[[0m src/components/Header.tsx:19:43 [38;5;246m][0m
    [38;5;246m│[0m
 [38;5;246m19 │[0m [38;5;249m [0m[38;5;249m [0m[38;5;249m [0m[38;5;249m [0m[38;5;249m [0m[38;5;249m [0m[38;5;249m [0m[38;5;249m [0m[38;5;249m [0m[38;5;249m [0m[38;5;249m<[0m[38;5;249mh[0m[38;5;249m1[0m[38;5;249m [0m[38;5;249mc[0m[38;5;249ml[0m[38;5;249ma[0m[38;5;249ms[0m[38;5;249ms[0m[38;5;249mN[0m[38;5;249ma[0m[38;5;249mm[0m[38;5;249me[0m[38;5;249m=[0m[38;5;249m"[0m[38;5;249mt[0m[38;5;249me[0m[38;5;249mx[0m[38;5;249mt[0m[38;5;249m-[0m[38;5;249mx[0m[38;5;249ml[0m[38;5;249m [0m[38;5;249mf[0m[38;5;249mo[0m[38;5;249mn[0m[38;5;249mt[0m[38;5;249m-[0m[38;5;249mb[0m[38;5;249mo[0m[38;5;249ml[0m[38;5;249md[0m">
 [38;5;240m   │[0m                                           ─┬─  
 [38;5;240m   │[0m                                            ╰─── 
[38;5;246m────╯[0m
[39m
  Plugin: [35mvite:oxc[39m
  File: [36mC:/Users/SONY/Desktop/project-manager/src/components/Header.tsx[39m
      at transformWithOxc (file:///C:/Users/SONY/Desktop/project-manager/node_modules/vite/dist/node/chunks/node.js:7208:19)
      at TransformPluginContext.transform (file:///C:/Users/SONY/Desktop/project-manager/node_modules/vite/dist/node/chunks/node.js:7280:26)
      at EnvironmentPluginContainer.transform (file:///C:/Users/SONY/Desktop/project-manager/node_modules/vite/dist/node/chunks/node.js:8172:51)
      at async loadAndTransform (file:///C:/Users/SONY/Desktop/project-manager/node_modules/vite/dist/node/chunks/node.js:19634:26)
      at async viteTransformMiddleware (file:///C:/Users/SONY/Desktop/project-manager/node_modules/vite/dist/node/chunks/node.js:19853:20)
[2m10:01:00[22m [31m[1m[vite][22m[39m [31mInternal server error: Transform failed with 1 error:

[31m[PARSE_ERROR] [0mUnexpected token
     [38;5;246m╭[0m[38;5;246m─[0m[38;5;246m[[0m src/pages/Login.tsx:149:85 [38;5;246m][0m
     [38;5;246m│[0m
 [38;5;246m149 │[0m [38;5;249m [0m[38;5;249m [0m[38;5;249m [0m[38;5;249m [0m[38;5;249m [0m[38;5;249m [0m[38;5;249m [0m[38;5;249m [0m[38;5;249m [0m[38;5;249m [0m[38;5;249m [0m[38;5;249m [0m[38;5;249m [0m[38;5;249m [0m[38;5;249m<[0m[38;5;249ms[0m[38;5;249mp[0m[38;5;249ma[0m[38;5;249mn[0m[38;5;249m [0m[38;5;249mc[0m[38;5;249ml[0m[38;5;249ma[0m[38;5;249ms[0m[38;5;249ms[0m[38;5;249mN[0m[38;5;249ma[0m[38;5;249mm[0m[38;5;249me[0m[38;5;249m=[0m[38;5;249m"[0m[38;5;249mt[0m[38;5;249me[0m[38;5;249mx[0m[38;5;249mt[0m[38;5;249m-[0m[38;5;249ms[0m[38;5;249mm[0m[38;5;249m [0m[38;5;249mf[0m[38;5;249mo[0m[38;5;249mn[0m[38;5;249mt[0m[38;5;249m-[0m[38;5;249ms[0m[38;5;249me[0m[38;5;249mm[0m[38;5;249mi[0m[38;5;249mb[0m[38;5;249mo[0m[38;5;249ml[0m[38;5;249md[0m[38;5;249m [0m[38;5;249mu[0m[38;5;249mp[0m[38;5;249mp[0m[38;5;249me[0m[38;5;249mr[0m[38;5;249mc[0m[38;5;249ma[0m[38;5;249ms[0m[38;5;249me[0m[38;5;249m [0m[38;5;249mt[0m[38;5;249mr[0m[38;5;249ma[0m[38;5;249mc[0m[38;5;249mk[0m[38;5;249mi[0m[38;5;249mn[0m[38;5;249mg[0m[38;5;249m-[0m[38;5;249mw[0m[38;5;249mi[0m[38;5;249md[0m[38;5;249me[0m[38;5;249ms[0m[38;5;249mt[0m[38;5;249m [0m[38;5;249mt[0m[38;5;249me[0m[38;5;249mx[0m[38;5;249mt[0m[38;5;249m-[0m[[38;5;249m#[0m[38;5;249m5[0m[38;5;249m4[0m[38;5;249m2[0m[38;5;249ma[0m[38;5;249m5[0m[38;5;249m2[0m[38;5;249m][0m[38;5;249m/[0m[38;5;249m7[0m[38;5;249m0[0m[38;5;249m"[0m[38;5;249m>[0m[38;5;249mP[0m[38;5;249mr[0m[38;5;249mo[0m[38;5;249mj[0m[38;5;249me[0m[38;5;249mc[0m[38;5;249mt[0m[38;5;249m [0m[38;5;249mM[0m[38;5;249ma[0m[38;5;249mn[0m[38;5;249ma[0m[38;5;249mg[0m[38;5;249me[0m[38;5;249mr[0m[38;5;249m<[0m[38;5;249m/[0m[38;5;249ms[0m[38;5;249mp[0m[38;5;249ma[0m[38;5;249mn[0m[38;5;249m>[0m
 [38;5;240m    │[0m                                                                                     ┬  
 [38;5;240m    │[0m                                                                                     ╰── 
[38;5;246m─────╯[0m
[39m
  Plugin: [35mvite:oxc[39m
  File: [36mC:/Users/SONY/Desktop/project-manager/src/pages/Login.tsx[39m
      at transformWithOxc (file:///C:/Users/SONY/Desktop/project-manager/node_modules/vite/dist/node/chunks/node.js:7208:19)
      at TransformPluginContext.transform (file:///C:/Users/SONY/Desktop/project-manager/node_modules/vite/dist/node/chunks/node.js:7280:26)
      at EnvironmentPluginContainer.transform (file:///C:/Users/SONY/Desktop/project-manager/node_modules/vite/dist/node/chunks/node.js:8172:51)
      at async loadAndTransform (file:///C:/Users/SONY/Desktop/project-manager/node_modules/vite/dist/node/chunks/node.js:19634:26)
      at async viteTransformMiddleware (file:///C:/Users/SONY/Desktop/project-manager/node_modules/vite/dist/node/chunks/node.js:19853:20)
[2m10:01:00[22m [31m[1m[vite][22m[39m [31mInternal server error: Transform failed with 1 error:

[31m[PARSE_ERROR] [0mUnterminated string
     [38;5;246m╭[0m[38;5;246m─[0m[38;5;246m[[0m src/pages/ResetPassword.tsx:118:69 [38;5;246m][0m
     [38;5;246m│[0m
 [38;5;246m118 │[0m [38;5;249m [0m[38;5;249m [0m[38;5;249m [0m[38;5;249m [0m[38;5;249m [0m[38;5;249m [0m[38;5;249m [0m[38;5;249m [0m[38;5;249m [0m[38;5;249m [0m[38;5;249m [0m[38;5;249m [0m[38;5;249m [0m[38;5;249m [0m[38;5;249m [0m[38;5;249m [0m[38;5;249m<[0m[38;5;249mh[0m[38;5;249m1[0m[38;5;249m [0m[38;5;249mc[0m[38;5;249ml[0m[38;5;249ma[0m[38;5;249ms[0m[38;5;249ms[0m[38;5;249mN[0m[38;5;249ma[0m[38;5;249mm[0m[38;5;249me[0m[38;5;249m=[0m[38;5;249m"[0m[38;5;249mm[0m[38;5;249mb[0m[38;5;249m-[0m[38;5;249m2[0m[38;5;249m [0m[38;5;249mt[0m[38;5;249me[0m[38;5;249mx[0m[38;5;249mt[0m[38;5;249m-[0m[38;5;249m2[0m[38;5;249mx[0m[38;5;249ml[0m[38;5;249m [0m[38;5;249mf[0m[38;5;249mo[0m[38;5;249mn[0m[38;5;249mt[0m[38;5;249m-[0m[38;5;249mb[0m[38;5;249mo[0m[38;5;249ml[0m[38;5;249md[0m[38;5;249m [0m[38;5;249mt[0m[38;5;249me[0m[38;5;249mx[0m[38;5;249mt[0m[38;5;249m-[0m[38;5;249mg[0m[38;5;249mr[0m[38;5;249ma[0m[38;5;249my[0m[38;5;249m-[0m[38;5;249m9[0m[38;5;249m0[0m[38;5;249m0[0m">Nouveau mot de passe</h1>
 [38;5;240m    │[0m                                                                     ──────────────┬─────────────  
 [38;5;240m    │[0m                                                                                   ╰─────────────── 
[38;5;246m─────╯[0m
[39m
  Plugin: [35mvite:oxc[39m
  File: [36mC:/Users/SONY/Desktop/project-manager/src/pages/ResetPassword.tsx[39m
      at transformWithOxc (file:///C:/Users/SONY/Desktop/project-manager/node_modules/vite/dist/node/chunks/node.js:7208:19)
      at TransformPluginContext.transform (file:///C:/Users/SONY/Desktop/project-manager/node_modules/vite/dist/node/chunks/node.js:7280:26)
      at EnvironmentPluginContainer.transform (file:///C:/Users/SONY/Desktop/project-manager/node_modules/vite/dist/node/chunks/node.js:8172:51)
      at async loadAndTransform (file:///C:/Users/SONY/Desktop/project-manager/node_modules/vite/dist/node/chunks/node.js:19634:26)
      at async viteTransformMiddleware (file:///C:/Users/SONY/Desktop/project-manager/node_modules/vite/dist/node/chunks/node.js:19853:20)
[2m10:01:00[22m [31m[1m[vite][22m[39m [31mInternal server error: Transform failed with 1 error:

[31m[PARSE_ERROR] [0mUnterminated string
    [38;5;246m╭[0m[38;5;246m─[0m[38;5;246m[[0m src/pages/NewProject.tsx:58:62 [38;5;246m][0m
    [38;5;246m│[0m
 [38;5;246m58 │[0m [38;5;249m [0m[38;5;249m [0m[38;5;249m [0m[38;5;249m [0m[38;5;249m [0m[38;5;249m [0m[38;5;249m [0m[38;5;249m [0m[38;5;249m [0m[38;5;249m [0m[38;5;249m [0m[38;5;249m [0m[38;5;249m [0m[38;5;249m [0m[38;5;249m<[0m[38;5;249mh[0m[38;5;249m2[0m[38;5;249m [0m[38;5;249mc[0m[38;5;249ml[0m[38;5;249ma[0m[38;5;249ms[0m[38;5;249ms[0m[38;5;249mN[0m[38;5;249ma[0m[38;5;249mm[0m[38;5;249me[0m[38;5;249m=[0m[38;5;249m"[0m[38;5;249mt[0m[38;5;249me[0m[38;5;249mx[0m[38;5;249mt[0m[38;5;249m-[0m[38;5;249m2[0m[38;5;249mx[0m[38;5;249ml[0m[38;5;249m [0m[38;5;249mf[0m[38;5;249mo[0m[38;5;249mn[0m[38;5;249mt[0m[38;5;249m-[0m[38;5;249mb[0m[38;5;249mo[0m[38;5;249ml[0m[38;5;249md[0m[38;5;249m [0m[38;5;249mt[0m[38;5;249me[0m[38;5;249mx[0m[38;5;249mt[0m[38;5;249m-[0m[38;5;249mg[0m[38;5;249mr[0m[38;5;249ma[0m[38;5;249my[0m[38;5;249m-[0m[38;5;249m9[0m[38;5;249m0[0m[38;5;249m0[0m">Nouveau projet</h2>
 [38;5;240m   │[0m                                                              ───────────┬──────────  
 [38;5;240m   │[0m                                                                         ╰──────────── 
[38;5;246m────╯[0m
[39m
  Plugin: [35mvite:oxc[39m
  File: [36mC:/Users/SONY/Desktop/project-manager/src/pages/NewProject.tsx[39m
      at transformWithOxc (file:///C:/Users/SONY/Desktop/project-manager/node_modules/vite/dist/node/chunks/node.js:7208:19)
      at TransformPluginContext.transform (file:///C:/Users/SONY/Desktop/project-manager/node_modules/vite/dist/node/chunks/node.js:7280:26)
      at EnvironmentPluginContainer.transform (file:///C:/Users/SONY/Desktop/project-manager/node_modules/vite/dist/node/chunks/node.js:8172:51)
      at async loadAndTransform (file:///C:/Users/SONY/Desktop/project-manager/node_modules/vite/dist/node/chunks/node.js:19634:26)
      at async viteTransformMiddleware (file:///C:/Users/SONY/Desktop/project-manager/node_modules/vite/dist/node/chunks/node.js:19853:20)
[2m10:01:01[22m [31m[1m[vite][22m[39m [31mInternal server error: Transform failed with 1 error:

[31m[PARSE_ERROR] [0mUnterminated string
     [38;5;246m╭[0m[38;5;246m─[0m[38;5;246m[[0m src/pages/EditProject.tsx:118:62 [38;5;246m][0m
     [38;5;246m│[0m
 [38;5;246m118 │[0m [38;5;249m [0m[38;5;249m [0m[38;5;249m [0m[38;5;249m [0m[38;5;249m [0m[38;5;249m [0m[38;5;249m [0m[38;5;249m [0m[38;5;249m [0m[38;5;249m [0m[38;5;249m [0m[38;5;249m [0m[38;5;249m [0m[38;5;249m [0m[38;5;249m<[0m[38;5;249mh[0m[38;5;249m2[0m[38;5;249m [0m[38;5;249mc[0m[38;5;249ml[0m[38;5;249ma[0m[38;5;249ms[0m[38;5;249ms[0m[38;5;249mN[0m[38;5;249ma[0m[38;5;249mm[0m[38;5;249me[0m[38;5;249m=[0m[38;5;249m"[0m[38;5;249mt[0m[38;5;249me[0m[38;5;249mx[0m[38;5;249mt[0m[38;5;249m-[0m[38;5;249m2[0m[38;5;249mx[0m[38;5;249ml[0m[38;5;249m [0m[38;5;249mf[0m[38;5;249mo[0m[38;5;249mn[0m[38;5;249mt[0m[38;5;249m-[0m[38;5;249mb[0m[38;5;249mo[0m[38;5;249ml[0m[38;5;249md[0m[38;5;249m [0m[38;5;249mt[0m[38;5;249me[0m[38;5;249mx[0m[38;5;249mt[0m[38;5;249m-[0m[38;5;249mg[0m[38;5;249mr[0m[38;5;249ma[0m[38;5;249my[0m[38;5;249m-[0m[38;5;249m9[0m[38;5;249m0[0m[38;5;249m0[0m">Modifier le projet</h2>
 [38;5;240m    │[0m                                                              ─────────────┬────────────  
 [38;5;240m    │[0m                                                                           ╰────────────── 
[38;5;246m─────╯[0m
[39m
  Plugin: [35mvite:oxc[39m
  File: [36mC:/Users/SONY/Desktop/project-manager/src/pages/EditProject.tsx[39m
      at transformWithOxc (file:///C:/Users/SONY/Desktop/project-manager/node_modules/vite/dist/node/chunks/node.js:7208:19)
      at TransformPluginContext.transform (file:///C:/Users/SONY/Desktop/project-manager/node_modules/vite/dist/node/chunks/node.js:7280:26)
      at EnvironmentPluginContainer.transform (file:///C:/Users/SONY/Desktop/project-manager/node_modules/vite/dist/node/chunks/node.js:8172:51)
      at async loadAndTransform (file:///C:/Users/SONY/Desktop/project-manager/node_modules/vite/dist/node/chunks/node.js:19634:26)
      at async viteTransformMiddleware (file:///C:/Users/SONY/Desktop/project-manager/node_modules/vite/dist/node/chunks/node.js:19853:20)
[2m10:01:01[22m [31m[1m[vite][22m[39m [31mInternal server error: Transform failed with 1 error:

[31m[PARSE_ERROR] [0mUnterminated string
    [38;5;246m╭[0m[38;5;246m─[0m[38;5;246m[[0m src/pages/Settings.tsx:90:67 [38;5;246m][0m
    [38;5;246m│[0m
 [38;5;246m90 │[0m [38;5;249m [0m[38;5;249m [0m[38;5;249m [0m[38;5;249m [0m[38;5;249m [0m[38;5;249m [0m[38;5;249m [0m[38;5;249m [0m[38;5;249m [0m[38;5;249m [0m[38;5;249m [0m[38;5;249m [0m[38;5;249m [0m[38;5;249m [0m[38;5;249m [0m[38;5;249m [0m[38;5;249m<[0m[38;5;249mh[0m[38;5;249m3[0m[38;5;249m [0m[38;5;249mc[0m[38;5;249ml[0m[38;5;249ma[0m[38;5;249ms[0m[38;5;249ms[0m[38;5;249mN[0m[38;5;249ma[0m[38;5;249mm[0m[38;5;249me[0m[38;5;249m=[0m[38;5;249m"[0m[38;5;249mt[0m[38;5;249me[0m[38;5;249mx[0m[38;5;249mt[0m[38;5;249m-[0m[38;5;249ml[0m[38;5;249mg[0m[38;5;249m [0m[38;5;249mf[0m[38;5;249mo[0m[38;5;249mn[0m[38;5;249mt[0m[38;5;249m-[0m[38;5;249ms[0m[38;5;249me[0m[38;5;249mm[0m[38;5;249mi[0m[38;5;249mb[0m[38;5;249mo[0m[38;5;249ml[0m[38;5;249md[0m[38;5;249m [0m[38;5;249mt[0m[38;5;249me[0m[38;5;249mx[0m[38;5;249mt[0m[38;5;249m-[0m[38;5;249mg[0m[38;5;249mr[0m[38;5;249ma[0m[38;5;249my[0m[38;5;249m-[0m[38;5;249m9[0m[38;5;249m0[0m[38;5;249m0[0m">Mon compte</h3>
 [38;5;240m   │[0m                                                                   ─────────┬────────  
 [38;5;240m   │[0m                                                                            ╰────────── 
[38;5;246m────╯[0m
[39m
  Plugin: [35mvite:oxc[39m
  File: [36mC:/Users/SONY/Desktop/project-manager/src/pages/Settings.tsx[39m
      at transformWithOxc (file:///C:/Users/SONY/Desktop/project-manager/node_modules/vite/dist/node/chunks/node.js:7208:19)
      at TransformPluginContext.transform (file:///C:/Users/SONY/Desktop/project-manager/node_modules/vite/dist/node/chunks/node.js:7280:26)
      at EnvironmentPluginContainer.transform (file:///C:/Users/SONY/Desktop/project-manager/node_modules/vite/dist/node/chunks/node.js:8172:51)
      at async loadAndTransform (file:///C:/Users/SONY/Desktop/project-manager/node_modules/vite/dist/node/chunks/node.js:19634:26)
      at async viteTransformMiddleware (file:///C:/Users/SONY/Desktop/project-manager/node_modules/vite/dist/node/chunks/node.js:19853:20)
[2m10:01:01[22m [31m[1m[vite][22m[39m [31mInternal server error: Transform failed with 1 error:

[31m[PARSE_ERROR] [0mUnterminated string
    [38;5;246m╭[0m[38;5;246m─[0m[38;5;246m[[0m src/components/Header.tsx:19:43 [38;5;246m][0m
    [38;5;246m│[0m
 [38;5;246m19 │[0m [38;5;249m [0m[38;5;249m [0m[38;5;249m [0m[38;5;249m [0m[38;5;249m [0m[38;5;249m [0m[38;5;249m [0m[38;5;249m [0m[38;5;249m [0m[38;5;249m [0m[38;5;249m<[0m[38;5;249mh[0m[38;5;249m1[0m[38;5;249m [0m[38;5;249mc[0m[38;5;249ml[0m[38;5;249ma[0m[38;5;249ms[0m[38;5;249ms[0m[38;5;249mN[0m[38;5;249ma[0m[38;5;249mm[0m[38;5;249me[0m[38;5;249m=[0m[38;5;249m"[0m[38;5;249mt[0m[38;5;249me[0m[38;5;249mx[0m[38;5;249mt[0m[38;5;249m-[0m[38;5;249mx[0m[38;5;249ml[0m[38;5;249m [0m[38;5;249mf[0m[38;5;249mo[0m[38;5;249mn[0m[38;5;249mt[0m[38;5;249m-[0m[38;5;249mb[0m[38;5;249mo[0m[38;5;249ml[0m[38;5;249md[0m">
 [38;5;240m   │[0m                                           ─┬─  
 [38;5;240m   │[0m                                            ╰─── 
[38;5;246m────╯[0m
[39m
  Plugin: [35mvite:oxc[39m
  File: [36mC:/Users/SONY/Desktop/project-manager/src/components/Header.tsx[39m
      at transformWithOxc (file:///C:/Users/SONY/Desktop/project-manager/node_modules/vite/dist/node/chunks/node.js:7208:19)
      at TransformPluginContext.transform (file:///C:/Users/SONY/Desktop/project-manager/node_modules/vite/dist/node/chunks/node.js:7280:26)
      at EnvironmentPluginContainer.transform (file:///C:/Users/SONY/Desktop/project-manager/node_modules/vite/dist/node/chunks/node.js:8172:51)
      at async loadAndTransform (file:///C:/Users/SONY/Desktop/project-manager/node_modules/vite/dist/node/chunks/node.js:19634:26)
      at async viteTransformMiddleware (file:///C:/Users/SONY/Desktop/project-manager/node_modules/vite/dist/node/chunks/node.js:19853:20)
[2m10:01:01[22m [31m[1m[vite][22m[39m [31mInternal server error: Transform failed with 1 error:

[31m[PARSE_ERROR] [0mUnexpected token
     [38;5;246m╭[0m[38;5;246m─[0m[38;5;246m[[0m src/pages/Login.tsx:149:85 [38;5;246m][0m
     [38;5;246m│[0m
 [38;5;246m149 │[0m [38;5;249m [0m[38;5;249m [0m[38;5;249m [0m[38;5;249m [0m[38;5;249m [0m[38;5;249m [0m[38;5;249m [0m[38;5;249m [0m[38;5;249m [0m[38;5;249m [0m[38;5;249m [0m[38;5;249m [0m[38;5;249m [0m[38;5;249m [0m[38;5;249m<[0m[38;5;249ms[0m[38;5;249mp[0m[38;5;249ma[0m[38;5;249mn[0m[38;5;249m [0m[38;5;249mc[0m[38;5;249ml[0m[38;5;249ma[0m[38;5;249ms[0m[38;5;249ms[0m[38;5;249mN[0m[38;5;249ma[0m[38;5;249mm[0m[38;5;249me[0m[38;5;249m=[0m[38;5;249m"[0m[38;5;249mt[0m[38;5;249me[0m[38;5;249mx[0m[38;5;249mt[0m[38;5;249m-[0m[38;5;249ms[0m[38;5;249mm[0m[38;5;249m [0m[38;5;249mf[0m[38;5;249mo[0m[38;5;249mn[0m[38;5;249mt[0m[38;5;249m-[0m[38;5;249ms[0m[38;5;249me[0m[38;5;249mm[0m[38;5;249mi[0m[38;5;249mb[0m[38;5;249mo[0m[38;5;249ml[0m[38;5;249md[0m[38;5;249m [0m[38;5;249mu[0m[38;5;249mp[0m[38;5;249mp[0m[38;5;249me[0m[38;5;249mr[0m[38;5;249mc[0m[38;5;249ma[0m[38;5;249ms[0m[38;5;249me[0m[38;5;249m [0m[38;5;249mt[0m[38;5;249mr[0m[38;5;249ma[0m[38;5;249mc[0m[38;5;249mk[0m[38;5;249mi[0m[38;5;249mn[0m[38;5;249mg[0m[38;5;249m-[0m[38;5;249mw[0m[38;5;249mi[0m[38;5;249md[0m[38;5;249me[0m[38;5;249ms[0m[38;5;249mt[0m[38;5;249m [0m[38;5;249mt[0m[38;5;249me[0m[38;5;249mx[0m[38;5;249mt[0m[38;5;249m-[0m[[38;5;249m#[0m[38;5;249m5[0m[38;5;249m4[0m[38;5;249m2[0m[38;5;249ma[0m[38;5;249m5[0m[38;5;249m2[0m[38;5;249m][0m[38;5;249m/[0m[38;5;249m7[0m[38;5;249m0[0m[38;5;249m"[0m[38;5;249m>[0m[38;5;249mP[0m[38;5;249mr[0m[38;5;249mo[0m[38;5;249mj[0m[38;5;249me[0m[38;5;249mc[0m[38;5;249mt[0m[38;5;249m [0m[38;5;249mM[0m[38;5;249ma[0m[38;5;249mn[0m[38;5;249ma[0m[38;5;249mg[0m[38;5;249me[0m[38;5;249mr[0m[38;5;249m<[0m[38;5;249m/[0m[38;5;249ms[0m[38;5;249mp[0m[38;5;249ma[0m[38;5;249mn[0m[38;5;249m>[0m
 [38;5;240m    │[0m                                                                                     ┬  
 [38;5;240m    │[0m                                                                                     ╰── 
[38;5;246m─────╯[0m
[39m
  Plugin: [35mvite:oxc[39m
  File: [36mC:/Users/SONY/Desktop/project-manager/src/pages/Login.tsx[39m
      at transformWithOxc (file:///C:/Users/SONY/Desktop/project-manager/node_modules/vite/dist/node/chunks/node.js:7208:19)
      at TransformPluginContext.transform (file:///C:/Users/SONY/Desktop/project-manager/node_modules/vite/dist/node/chunks/node.js:7280:26)
      at EnvironmentPluginContainer.transform (file:///C:/Users/SONY/Desktop/project-manager/node_modules/vite/dist/node/chunks/node.js:8172:51)
      at async loadAndTransform (file:///C:/Users/SONY/Desktop/project-manager/node_modules/vite/dist/node/chunks/node.js:19634:26)
      at async viteTransformMiddleware (file:///C:/Users/SONY/Desktop/project-manager/node_modules/vite/dist/node/chunks/node.js:19853:20)
[2m10:01:01[22m [31m[1m[vite][22m[39m [31mInternal server error: Transform failed with 1 error:

[31m[PARSE_ERROR] [0mUnterminated string
     [38;5;246m╭[0m[38;5;246m─[0m[38;5;246m[[0m src/pages/ResetPassword.tsx:118:69 [38;5;246m][0m
     [38;5;246m│[0m
 [38;5;246m118 │[0m [38;5;249m [0m[38;5;249m [0m[38;5;249m [0m[38;5;249m [0m[38;5;249m [0m[38;5;249m [0m[38;5;249m [0m[38;5;249m [0m[38;5;249m [0m[38;5;249m [0m[38;5;249m [0m[38;5;249m [0m[38;5;249m [0m[38;5;249m [0m[38;5;249m [0m[38;5;249m [0m[38;5;249m<[0m[38;5;249mh[0m[38;5;249m1[0m[38;5;249m [0m[38;5;249mc[0m[38;5;249ml[0m[38;5;249ma[0m[38;5;249ms[0m[38;5;249ms[0m[38;5;249mN[0m[38;5;249ma[0m[38;5;249mm[0m[38;5;249me[0m[38;5;249m=[0m[38;5;249m"[0m[38;5;249mm[0m[38;5;249mb[0m[38;5;249m-[0m[38;5;249m2[0m[38;5;249m [0m[38;5;249mt[0m[38;5;249me[0m[38;5;249mx[0m[38;5;249mt[0m[38;5;249m-[0m[38;5;249m2[0m[38;5;249mx[0m[38;5;249ml[0m[38;5;249m [0m[38;5;249mf[0m[38;5;249mo[0m[38;5;249mn[0m[38;5;249mt[0m[38;5;249m-[0m[38;5;249mb[0m[38;5;249mo[0m[38;5;249ml[0m[38;5;249md[0m[38;5;249m [0m[38;5;249mt[0m[38;5;249me[0m[38;5;249mx[0m[38;5;249mt[0m[38;5;249m-[0m[38;5;249mg[0m[38;5;249mr[0m[38;5;249ma[0m[38;5;249my[0m[38;5;249m-[0m[38;5;249m9[0m[38;5;249m0[0m[38;5;249m0[0m">Nouveau mot de passe</h1>
 [38;5;240m    │[0m                                                                     ──────────────┬─────────────  
 [38;5;240m    │[0m                                                                                   ╰─────────────── 
[38;5;246m─────╯[0m
[39m
  Plugin: [35mvite:oxc[39m
  File: [36mC:/Users/SONY/Desktop/project-manager/src/pages/ResetPassword.tsx[39m
      at transformWithOxc (file:///C:/Users/SONY/Desktop/project-manager/node_modules/vite/dist/node/chunks/node.js:7208:19)
      at TransformPluginContext.transform (file:///C:/Users/SONY/Desktop/project-manager/node_modules/vite/dist/node/chunks/node.js:7280:26)
      at EnvironmentPluginContainer.transform (file:///C:/Users/SONY/Desktop/project-manager/node_modules/vite/dist/node/chunks/node.js:8172:51)
      at async loadAndTransform (file:///C:/Users/SONY/Desktop/project-manager/node_modules/vite/dist/node/chunks/node.js:19634:26)
      at async viteTransformMiddleware (file:///C:/Users/SONY/Desktop/project-manager/node_modules/vite/dist/node/chunks/node.js:19853:20)
[2m10:01:01[22m [31m[1m[vite][22m[39m [31mInternal server error: Transform failed with 1 error:

[31m[PARSE_ERROR] [0mUnterminated string
    [38;5;246m╭[0m[38;5;246m─[0m[38;5;246m[[0m src/pages/ForgotPassword.tsx:99:69 [38;5;246m][0m
    [38;5;246m│[0m
 [38;5;246m99 │[0m [38;5;249m [0m[38;5;249m [0m[38;5;249m [0m[38;5;249m [0m[38;5;249m [0m[38;5;249m [0m[38;5;249m [0m[38;5;249m [0m[38;5;249m [0m[38;5;249m [0m[38;5;249m [0m[38;5;249m [0m[38;5;249m [0m[38;5;249m [0m[38;5;249m [0m[38;5;249m [0m[38;5;249m<[0m[38;5;249mh[0m[38;5;249m1[0m[38;5;249m [0m[38;5;249mc[0m[38;5;249ml[0m[38;5;249ma[0m[38;5;249ms[0m[38;5;249ms[0m[38;5;249mN[0m[38;5;249ma[0m[38;5;249mm[0m[38;5;249me[0m[38;5;249m=[0m[38;5;249m"[0m[38;5;249mm[0m[38;5;249mb[0m[38;5;249m-[0m[38;5;249m2[0m[38;5;249m [0m[38;5;249mt[0m[38;5;249me[0m[38;5;249mx[0m[38;5;249mt[0m[38;5;249m-[0m[38;5;249m2[0m[38;5;249mx[0m[38;5;249ml[0m[38;5;249m [0m[38;5;249mf[0m[38;5;249mo[0m[38;5;249mn[0m[38;5;249mt[0m[38;5;249m-[0m[38;5;249mb[0m[38;5;249mo[0m[38;5;249ml[0m[38;5;249md[0m[38;5;249m [0m[38;5;249mt[0m[38;5;249me[0m[38;5;249mx[0m[38;5;249mt[0m[38;5;249m-[0m[38;5;249mg[0m[38;5;249mr[0m[38;5;249ma[0m[38;5;249my[0m[38;5;249m-[0m[38;5;249m9[0m[38;5;249m0[0m[38;5;249m0[0m">Mot de passe oublié ?</h1>
 [38;5;240m   │[0m                                                                     ──────────────┬──────────────  
 [38;5;240m   │[0m                                                                                   ╰──────────────── 
[38;5;246m────╯[0m
[39m
  Plugin: [35mvite:oxc[39m
  File: [36mC:/Users/SONY/Desktop/project-manager/src/pages/ForgotPassword.tsx[39m
      at transformWithOxc (file:///C:/Users/SONY/Desktop/project-manager/node_modules/vite/dist/node/chunks/node.js:7208:19)
      at TransformPluginContext.transform (file:///C:/Users/SONY/Desktop/project-manager/node_modules/vite/dist/node/chunks/node.js:7280:26)
      at EnvironmentPluginContainer.transform (file:///C:/Users/SONY/Desktop/project-manager/node_modules/vite/dist/node/chunks/node.js:8172:51)
      at async loadAndTransform (file:///C:/Users/SONY/Desktop/project-manager/node_modules/vite/dist/node/chunks/node.js:19634:26)
      at async viteTransformMiddleware (file:///C:/Users/SONY/Desktop/project-manager/node_modules/vite/dist/node/chunks/node.js:19853:20)
[2m10:01:01[22m [31m[1m[vite][22m[39m [31mInternal server error: Transform failed with 1 error:

[31m[PARSE_ERROR] [0mUnterminated string
    [38;5;246m╭[0m[38;5;246m─[0m[38;5;246m[[0m src/pages/NewProject.tsx:58:62 [38;5;246m][0m
    [38;5;246m│[0m
 [38;5;246m58 │[0m [38;5;249m [0m[38;5;249m [0m[38;5;249m [0m[38;5;249m [0m[38;5;249m [0m[38;5;249m [0m[38;5;249m [0m[38;5;249m [0m[38;5;249m [0m[38;5;249m [0m[38;5;249m [0m[38;5;249m [0m[38;5;249m [0m[38;5;249m [0m[38;5;249m<[0m[38;5;249mh[0m[38;5;249m2[0m[38;5;249m [0m[38;5;249mc[0m[38;5;249ml[0m[38;5;249ma[0m[38;5;249ms[0m[38;5;249ms[0m[38;5;249mN[0m[38;5;249ma[0m[38;5;249mm[0m[38;5;249me[0m[38;5;249m=[0m[38;5;249m"[0m[38;5;249mt[0m[38;5;249me[0m[38;5;249mx[0m[38;5;249mt[0m[38;5;249m-[0m[38;5;249m2[0m[38;5;249mx[0m[38;5;249ml[0m[38;5;249m [0m[38;5;249mf[0m[38;5;249mo[0m[38;5;249mn[0m[38;5;249mt[0m[38;5;249m-[0m[38;5;249mb[0m[38;5;249mo[0m[38;5;249ml[0m[38;5;249md[0m[38;5;249m [0m[38;5;249mt[0m[38;5;249me[0m[38;5;249mx[0m[38;5;249mt[0m[38;5;249m-[0m[38;5;249mg[0m[38;5;249mr[0m[38;5;249ma[0m[38;5;249my[0m[38;5;249m-[0m[38;5;249m9[0m[38;5;249m0[0m[38;5;249m0[0m">Nouveau projet</h2>
 [38;5;240m   │[0m                                                              ───────────┬──────────  
 [38;5;240m   │[0m                                                                         ╰──────────── 
[38;5;246m────╯[0m
[39m
  Plugin: [35mvite:oxc[39m
  File: [36mC:/Users/SONY/Desktop/project-manager/src/pages/NewProject.tsx[39m
      at transformWithOxc (file:///C:/Users/SONY/Desktop/project-manager/node_modules/vite/dist/node/chunks/node.js:7208:19)
      at TransformPluginContext.transform (file:///C:/Users/SONY/Desktop/project-manager/node_modules/vite/dist/node/chunks/node.js:7280:26)
      at EnvironmentPluginContainer.transform (file:///C:/Users/SONY/Desktop/project-manager/node_modules/vite/dist/node/chunks/node.js:8172:51)
      at async loadAndTransform (file:///C:/Users/SONY/Desktop/project-manager/node_modules/vite/dist/node/chunks/node.js:19634:26)
      at async viteTransformMiddleware (file:///C:/Users/SONY/Desktop/project-manager/node_modules/vite/dist/node/chunks/node.js:19853:20)
[2m10:01:01[22m [31m[1m[vite][22m[39m [31mInternal server error: Transform failed with 1 error:

[31m[PARSE_ERROR] [0mUnterminated string
     [38;5;246m╭[0m[38;5;246m─[0m[38;5;246m[[0m src/pages/EditProject.tsx:118:62 [38;5;246m][0m
     [38;5;246m│[0m
 [38;5;246m118 │[0m [38;5;249m [0m[38;5;249m [0m[38;5;249m [0m[38;5;249m [0m[38;5;249m [0m[38;5;249m [0m[38;5;249m [0m[38;5;249m [0m[38;5;249m [0m[38;5;249m [0m[38;5;249m [0m[38;5;249m [0m[38;5;249m [0m[38;5;249m [0m[38;5;249m<[0m[38;5;249mh[0m[38;5;249m2[0m[38;5;249m [0m[38;5;249mc[0m[38;5;249ml[0m[38;5;249ma[0m[38;5;249ms[0m[38;5;249ms[0m[38;5;249mN[0m[38;5;249ma[0m[38;5;249mm[0m[38;5;249me[0m[38;5;249m=[0m[38;5;249m"[0m[38;5;249mt[0m[38;5;249me[0m[38;5;249mx[0m[38;5;249mt[0m[38;5;249m-[0m[38;5;249m2[0m[38;5;249mx[0m[38;5;249ml[0m[38;5;249m [0m[38;5;249mf[0m[38;5;249mo[0m[38;5;249mn[0m[38;5;249mt[0m[38;5;249m-[0m[38;5;249mb[0m[38;5;249mo[0m[38;5;249ml[0m[38;5;249md[0m[38;5;249m [0m[38;5;249mt[0m[38;5;249me[0m[38;5;249mx[0m[38;5;249mt[0m[38;5;249m-[0m[38;5;249mg[0m[38;5;249mr[0m[38;5;249ma[0m[38;5;249my[0m[38;5;249m-[0m[38;5;249m9[0m[38;5;249m0[0m[38;5;249m0[0m">Modifier le projet</h2>
 [38;5;240m    │[0m                                                              ─────────────┬────────────  
 [38;5;240m    │[0m                                                                           ╰────────────── 
[38;5;246m─────╯[0m
[39m
  Plugin: [35mvite:oxc[39m
  File: [36mC:/Users/SONY/Desktop/project-manager/src/pages/EditProject.tsx[39m
      at transformWithOxc (file:///C:/Users/SONY/Desktop/project-manager/node_modules/vite/dist/node/chunks/node.js:7208:19)
      at TransformPluginContext.transform (file:///C:/Users/SONY/Desktop/project-manager/node_modules/vite/dist/node/chunks/node.js:7280:26)
      at EnvironmentPluginContainer.transform (file:///C:/Users/SONY/Desktop/project-manager/node_modules/vite/dist/node/chunks/node.js:8172:51)
      at async loadAndTransform (file:///C:/Users/SONY/Desktop/project-manager/node_modules/vite/dist/node/chunks/node.js:19634:26)
      at async viteTransformMiddleware (file:///C:/Users/SONY/Desktop/project-manager/node_modules/vite/dist/node/chunks/node.js:19853:20)
[2m10:01:01[22m [31m[1m[vite][22m[39m [31mInternal server error: Transform failed with 1 error:

[31m[PARSE_ERROR] [0mUnterminated string
    [38;5;246m╭[0m[38;5;246m─[0m[38;5;246m[[0m src/pages/Settings.tsx:90:67 [38;5;246m][0m
    [38;5;246m│[0m
 [38;5;246m90 │[0m [38;5;249m [0m[38;5;249m [0m[38;5;249m [0m[38;5;249m [0m[38;5;249m [0m[38;5;249m [0m[38;5;249m [0m[38;5;249m [0m[38;5;249m [0m[38;5;249m [0m[38;5;249m [0m[38;5;249m [0m[38;5;249m [0m[38;5;249m [0m[38;5;249m [0m[38;5;249m [0m[38;5;249m<[0m[38;5;249mh[0m[38;5;249m3[0m[38;5;249m [0m[38;5;249mc[0m[38;5;249ml[0m[38;5;249ma[0m[38;5;249ms[0m[38;5;249ms[0m[38;5;249mN[0m[38;5;249ma[0m[38;5;249mm[0m[38;5;249me[0m[38;5;249m=[0m[38;5;249m"[0m[38;5;249mt[0m[38;5;249me[0m[38;5;249mx[0m[38;5;249mt[0m[38;5;249m-[0m[38;5;249ml[0m[38;5;249mg[0m[38;5;249m [0m[38;5;249mf[0m[38;5;249mo[0m[38;5;249mn[0m[38;5;249mt[0m[38;5;249m-[0m[38;5;249ms[0m[38;5;249me[0m[38;5;249mm[0m[38;5;249mi[0m[38;5;249mb[0m[38;5;249mo[0m[38;5;249ml[0m[38;5;249md[0m[38;5;249m [0m[38;5;249mt[0m[38;5;249me[0m[38;5;249mx[0m[38;5;249mt[0m[38;5;249m-[0m[38;5;249mg[0m[38;5;249mr[0m[38;5;249ma[0m[38;5;249my[0m[38;5;249m-[0m[38;5;249m9[0m[38;5;249m0[0m[38;5;249m0[0m">Mon compte</h3>
 [38;5;240m   │[0m                                                                   ─────────┬────────  
 [38;5;240m   │[0m                                                                            ╰────────── 
[38;5;246m────╯[0m
[39m
  Plugin: [35mvite:oxc[39m
  File: [36mC:/Users/SONY/Desktop/project-manager/src/pages/Settings.tsx[39m
      at transformWithOxc (file:///C:/Users/SONY/Desktop/project-manager/node_modules/vite/dist/node/chunks/node.js:7208:19)
      at TransformPluginContext.transform (file:///C:/Users/SONY/Desktop/project-manager/node_modules/vite/dist/node/chunks/node.js:7280:26)
      at EnvironmentPluginContainer.transform (file:///C:/Users/SONY/Desktop/project-manager/node_modules/vite/dist/node/chunks/node.js:8172:51)
      at async loadAndTransform (file:///C:/Users/SONY/Desktop/project-manager/node_modules/vite/dist/node/chunks/node.js:19634:26)
      at async viteTransformMiddleware (file:///C:/Users/SONY/Desktop/project-manager/node_modules/vite/dist/node/chunks/node.js:19853:20)
[2m10:01:01[22m [31m[1m[vite][22m[39m [31mInternal server error: Transform failed with 1 error:

[31m[PARSE_ERROR] [0mUnterminated string
     [38;5;246m╭[0m[38;5;246m─[0m[38;5;246m[[0m src/pages/EditProject.tsx:118:62 [38;5;246m][0m
     [38;5;246m│[0m
 [38;5;246m118 │[0m [38;5;249m [0m[38;5;249m [0m[38;5;249m [0m[38;5;249m [0m[38;5;249m [0m[38;5;249m [0m[38;5;249m [0m[38;5;249m [0m[38;5;249m [0m[38;5;249m [0m[38;5;249m [0m[38;5;249m [0m[38;5;249m [0m[38;5;249m [0m[38;5;249m<[0m[38;5;249mh[0m[38;5;249m2[0m[38;5;249m [0m[38;5;249mc[0m[38;5;249ml[0m[38;5;249ma[0m[38;5;249ms[0m[38;5;249ms[0m[38;5;249mN[0m[38;5;249ma[0m[38;5;249mm[0m[38;5;249me[0m[38;5;249m=[0m[38;5;249m"[0m[38;5;249mt[0m[38;5;249me[0m[38;5;249mx[0m[38;5;249mt[0m[38;5;249m-[0m[38;5;249m2[0m[38;5;249mx[0m[38;5;249ml[0m[38;5;249m [0m[38;5;249mf[0m[38;5;249mo[0m[38;5;249mn[0m[38;5;249mt[0m[38;5;249m-[0m[38;5;249mb[0m[38;5;249mo[0m[38;5;249ml[0m[38;5;249md[0m[38;5;249m [0m[38;5;249mt[0m[38;5;249me[0m[38;5;249mx[0m[38;5;249mt[0m[38;5;249m-[0m[38;5;249mg[0m[38;5;249mr[0m[38;5;249ma[0m[38;5;249my[0m[38;5;249m-[0m[38;5;249m9[0m[38;5;249m0[0m[38;5;249m0[0m">Modifier le projet</h2>
 [38;5;240m    │[0m                                                              ─────────────┬────────────  
 [38;5;240m    │[0m                                                                           ╰────────────── 
[38;5;246m─────╯[0m
[39m
  Plugin: [35mvite:oxc[39m
  File: [36mC:/Users/SONY/Desktop/project-manager/src/pages/EditProject.tsx[39m
      at transformWithOxc (file:///C:/Users/SONY/Desktop/project-manager/node_modules/vite/dist/node/chunks/node.js:7208:19)
      at TransformPluginContext.transform (file:///C:/Users/SONY/Desktop/project-manager/node_modules/vite/dist/node/chunks/node.js:7280:26)
      at EnvironmentPluginContainer.transform (file:///C:/Users/SONY/Desktop/project-manager/node_modules/vite/dist/node/chunks/node.js:8172:51)
      at async loadAndTransform (file:///C:/Users/SONY/Desktop/project-manager/node_modules/vite/dist/node/chunks/node.js:19634:26)
      at async viteTransformMiddleware (file:///C:/Users/SONY/Desktop/project-manager/node_modules/vite/dist/node/chunks/node.js:19853:20)
[2m10:01:01[22m [31m[1m[vite][22m[39m [31mInternal server error: Transform failed with 1 error:

[31m[PARSE_ERROR] [0mUnterminated string
    [38;5;246m╭[0m[38;5;246m─[0m[38;5;246m[[0m src/pages/Settings.tsx:90:67 [38;5;246m][0m
    [38;5;246m│[0m
 [38;5;246m90 │[0m [38;5;249m [0m[38;5;249m [0m[38;5;249m [0m[38;5;249m [0m[38;5;249m [0m[38;5;249m [0m[38;5;249m [0m[38;5;249m [0m[38;5;249m [0m[38;5;249m [0m[38;5;249m [0m[38;5;249m [0m[38;5;249m [0m[38;5;249m [0m[38;5;249m [0m[38;5;249m [0m[38;5;249m<[0m[38;5;249mh[0m[38;5;249m3[0m[38;5;249m [0m[38;5;249mc[0m[38;5;249ml[0m[38;5;249ma[0m[38;5;249ms[0m[38;5;249ms[0m[38;5;249mN[0m[38;5;249ma[0m[38;5;249mm[0m[38;5;249me[0m[38;5;249m=[0m[38;5;249m"[0m[38;5;249mt[0m[38;5;249me[0m[38;5;249mx[0m[38;5;249mt[0m[38;5;249m-[0m[38;5;249ml[0m[38;5;249mg[0m[38;5;249m [0m[38;5;249mf[0m[38;5;249mo[0m[38;5;249mn[0m[38;5;249mt[0m[38;5;249m-[0m[38;5;249ms[0m[38;5;249me[0m[38;5;249mm[0m[38;5;249mi[0m[38;5;249mb[0m[38;5;249mo[0m[38;5;249ml[0m[38;5;249md[0m[38;5;249m [0m[38;5;249mt[0m[38;5;249me[0m[38;5;249mx[0m[38;5;249mt[0m[38;5;249m-[0m[38;5;249mg[0m[38;5;249mr[0m[38;5;249ma[0m[38;5;249my[0m[38;5;249m-[0m[38;5;249m9[0m[38;5;249m0[0m[38;5;249m0[0m">Mon compte</h3>
 [38;5;240m   │[0m                                                                   ─────────┬────────  
 [38;5;240m   │[0m                                                                            ╰────────── 
[38;5;246m────╯[0m
[39m
  Plugin: [35mvite:oxc[39m
  File: [36mC:/Users/SONY/Desktop/project-manager/src/pages/Settings.tsx[39m
      at transformWithOxc (file:///C:/Users/SONY/Desktop/project-manager/node_modules/vite/dist/node/chunks/node.js:7208:19)
      at TransformPluginContext.transform (file:///C:/Users/SONY/Desktop/project-manager/node_modules/vite/dist/node/chunks/node.js:7280:26)
      at EnvironmentPluginContainer.transform (file:///C:/Users/SONY/Desktop/project-manager/node_modules/vite/dist/node/chunks/node.js:8172:51)
      at async loadAndTransform (file:///C:/Users/SONY/Desktop/project-manager/node_modules/vite/dist/node/chunks/node.js:19634:26)
      at async viteTransformMiddleware (file:///C:/Users/SONY/Desktop/project-manager/node_modules/vite/dist/node/chunks/node.js:19853:20)
[2m10:01:01[22m [31m[1m[vite][22m[39m [31mInternal server error: Transform failed with 1 error:

[31m[PARSE_ERROR] [0mUnterminated string
    [38;5;246m╭[0m[38;5;246m─[0m[38;5;246m[[0m src/components/Header.tsx:19:43 [38;5;246m][0m
    [38;5;246m│[0m
 [38;5;246m19 │[0m [38;5;249m [0m[38;5;249m [0m[38;5;249m [0m[38;5;249m [0m[38;5;249m [0m[38;5;249m [0m[38;5;249m [0m[38;5;249m [0m[38;5;249m [0m[38;5;249m [0m[38;5;249m<[0m[38;5;249mh[0m[38;5;249m1[0m[38;5;249m [0m[38;5;249mc[0m[38;5;249ml[0m[38;5;249ma[0m[38;5;249ms[0m[38;5;249ms[0m[38;5;249mN[0m[38;5;249ma[0m[38;5;249mm[0m[38;5;249me[0m[38;5;249m=[0m[38;5;249m"[0m[38;5;249mt[0m[38;5;249me[0m[38;5;249mx[0m[38;5;249mt[0m[38;5;249m-[0m[38;5;249mx[0m[38;5;249ml[0m[38;5;249m [0m[38;5;249mf[0m[38;5;249mo[0m[38;5;249mn[0m[38;5;249mt[0m[38;5;249m-[0m[38;5;249mb[0m[38;5;249mo[0m[38;5;249ml[0m[38;5;249md[0m">
 [38;5;240m   │[0m                                           ─┬─  
 [38;5;240m   │[0m                                            ╰─── 
[38;5;246m────╯[0m
[39m
  Plugin: [35mvite:oxc[39m
  File: [36mC:/Users/SONY/Desktop/project-manager/src/components/Header.tsx[39m
      at transformWithOxc (file:///C:/Users/SONY/Desktop/project-manager/node_modules/vite/dist/node/chunks/node.js:7208:19)
      at TransformPluginContext.transform (file:///C:/Users/SONY/Desktop/project-manager/node_modules/vite/dist/node/chunks/node.js:7280:26)
      at EnvironmentPluginContainer.transform (file:///C:/Users/SONY/Desktop/project-manager/node_modules/vite/dist/node/chunks/node.js:8172:51)
      at async loadAndTransform (file:///C:/Users/SONY/Desktop/project-manager/node_modules/vite/dist/node/chunks/node.js:19634:26)
      at async viteTransformMiddleware (file:///C:/Users/SONY/Desktop/project-manager/node_modules/vite/dist/node/chunks/node.js:19853:20)
[2m10:01:01[22m [31m[1m[vite][22m[39m [31mInternal server error: Transform failed with 1 error:

[31m[PARSE_ERROR] [0mUnexpected token
     [38;5;246m╭[0m[38;5;246m─[0m[38;5;246m[[0m src/pages/Login.tsx:149:85 [38;5;246m][0m
     [38;5;246m│[0m
 [38;5;246m149 │[0m [38;5;249m [0m[38;5;249m [0m[38;5;249m [0m[38;5;249m [0m[38;5;249m [0m[38;5;249m [0m[38;5;249m [0m[38;5;249m [0m[38;5;249m [0m[38;5;249m [0m[38;5;249m [0m[38;5;249m [0m[38;5;249m [0m[38;5;249m [0m[38;5;249m<[0m[38;5;249ms[0m[38;5;249mp[0m[38;5;249ma[0m[38;5;249mn[0m[38;5;249m [0m[38;5;249mc[0m[38;5;249ml[0m[38;5;249ma[0m[38;5;249ms[0m[38;5;249ms[0m[38;5;249mN[0m[38;5;249ma[0m[38;5;249mm[0m[38;5;249me[0m[38;5;249m=[0m[38;5;249m"[0m[38;5;249mt[0m[38;5;249me[0m[38;5;249mx[0m[38;5;249mt[0m[38;5;249m-[0m[38;5;249ms[0m[38;5;249mm[0m[38;5;249m [0m[38;5;249mf[0m[38;5;249mo[0m[38;5;249mn[0m[38;5;249mt[0m[38;5;249m-[0m[38;5;249ms[0m[38;5;249me[0m[38;5;249mm[0m[38;5;249mi[0m[38;5;249mb[0m[38;5;249mo[0m[38;5;249ml[0m[38;5;249md[0m[38;5;249m [0m[38;5;249mu[0m[38;5;249mp[0m[38;5;249mp[0m[38;5;249me[0m[38;5;249mr[0m[38;5;249mc[0m[38;5;249ma[0m[38;5;249ms[0m[38;5;249me[0m[38;5;249m [0m[38;5;249mt[0m[38;5;249mr[0m[38;5;249ma[0m[38;5;249mc[0m[38;5;249mk[0m[38;5;249mi[0m[38;5;249mn[0m[38;5;249mg[0m[38;5;249m-[0m[38;5;249mw[0m[38;5;249mi[0m[38;5;249md[0m[38;5;249me[0m[38;5;249ms[0m[38;5;249mt[0m[38;5;249m [0m[38;5;249mt[0m[38;5;249me[0m[38;5;249mx[0m[38;5;249mt[0m[38;5;249m-[0m[[38;5;249m#[0m[38;5;249m5[0m[38;5;249m4[0m[38;5;249m2[0m[38;5;249ma[0m[38;5;249m5[0m[38;5;249m2[0m[38;5;249m][0m[38;5;249m/[0m[38;5;249m7[0m[38;5;249m0[0m[38;5;249m"[0m[38;5;249m>[0m[38;5;249mP[0m[38;5;249mr[0m[38;5;249mo[0m[38;5;249mj[0m[38;5;249me[0m[38;5;249mc[0m[38;5;249mt[0m[38;5;249m [0m[38;5;249mM[0m[38;5;249ma[0m[38;5;249mn[0m[38;5;249ma[0m[38;5;249mg[0m[38;5;249me[0m[38;5;249mr[0m[38;5;249m<[0m[38;5;249m/[0m[38;5;249ms[0m[38;5;249mp[0m[38;5;249ma[0m[38;5;249mn[0m[38;5;249m>[0m
 [38;5;240m    │[0m                                                                                     ┬  
 [38;5;240m    │[0m                                                                                     ╰── 
[38;5;246m─────╯[0m
[39m
  Plugin: [35mvite:oxc[39m
  File: [36mC:/Users/SONY/Desktop/project-manager/src/pages/Login.tsx[39m
      at transformWithOxc (file:///C:/Users/SONY/Desktop/project-manager/node_modules/vite/dist/node/chunks/node.js:7208:19)
      at TransformPluginContext.transform (file:///C:/Users/SONY/Desktop/project-manager/node_modules/vite/dist/node/chunks/node.js:7280:26)
      at EnvironmentPluginContainer.transform (file:///C:/Users/SONY/Desktop/project-manager/node_modules/vite/dist/node/chunks/node.js:8172:51)
      at async loadAndTransform (file:///C:/Users/SONY/Desktop/project-manager/node_modules/vite/dist/node/chunks/node.js:19634:26)
      at async viteTransformMiddleware (file:///C:/Users/SONY/Desktop/project-manager/node_modules/vite/dist/node/chunks/node.js:19853:20)
[2m10:01:02[22m [31m[1m[vite][22m[39m [31mInternal server error: Transform failed with 1 error:

[31m[PARSE_ERROR] [0mUnterminated string
    [38;5;246m╭[0m[38;5;246m─[0m[38;5;246m[[0m src/pages/ForgotPassword.tsx:99:69 [38;5;246m][0m
    [38;5;246m│[0m
 [38;5;246m99 │[0m [38;5;249m [0m[38;5;249m [0m[38;5;249m [0m[38;5;249m [0m[38;5;249m [0m[38;5;249m [0m[38;5;249m [0m[38;5;249m [0m[38;5;249m [0m[38;5;249m [0m[38;5;249m [0m[38;5;249m [0m[38;5;249m [0m[38;5;249m [0m[38;5;249m [0m[38;5;249m [0m[38;5;249m<[0m[38;5;249mh[0m[38;5;249m1[0m[38;5;249m [0m[38;5;249mc[0m[38;5;249ml[0m[38;5;249ma[0m[38;5;249ms[0m[38;5;249ms[0m[38;5;249mN[0m[38;5;249ma[0m[38;5;249mm[0m[38;5;249me[0m[38;5;249m=[0m[38;5;249m"[0m[38;5;249mm[0m[38;5;249mb[0m[38;5;249m-[0m[38;5;249m2[0m[38;5;249m [0m[38;5;249mt[0m[38;5;249me[0m[38;5;249mx[0m[38;5;249mt[0m[38;5;249m-[0m[38;5;249m2[0m[38;5;249mx[0m[38;5;249ml[0m[38;5;249m [0m[38;5;249mf[0m[38;5;249mo[0m[38;5;249mn[0m[38;5;249mt[0m[38;5;249m-[0m[38;5;249mb[0m[38;5;249mo[0m[38;5;249ml[0m[38;5;249md[0m[38;5;249m [0m[38;5;249mt[0m[38;5;249me[0m[38;5;249mx[0m[38;5;249mt[0m[38;5;249m-[0m[38;5;249mg[0m[38;5;249mr[0m[38;5;249ma[0m[38;5;249my[0m[38;5;249m-[0m[38;5;249m9[0m[38;5;249m0[0m[38;5;249m0[0m">Mot de passe oublié ?</h1>
 [38;5;240m   │[0m                                                                     ──────────────┬──────────────  
 [38;5;240m   │[0m                                                                                   ╰──────────────── 
[38;5;246m────╯[0m
[39m
  Plugin: [35mvite:oxc[39m
  File: [36mC:/Users/SONY/Desktop/project-manager/src/pages/ForgotPassword.tsx[39m
      at transformWithOxc (file:///C:/Users/SONY/Desktop/project-manager/node_modules/vite/dist/node/chunks/node.js:7208:19)
      at TransformPluginContext.transform (file:///C:/Users/SONY/Desktop/project-manager/node_modules/vite/dist/node/chunks/node.js:7280:26)
      at EnvironmentPluginContainer.transform (file:///C:/Users/SONY/Desktop/project-manager/node_modules/vite/dist/node/chunks/node.js:8172:51)
      at async loadAndTransform (file:///C:/Users/SONY/Desktop/project-manager/node_modules/vite/dist/node/chunks/node.js:19634:26)
      at async viteTransformMiddleware (file:///C:/Users/SONY/Desktop/project-manager/node_modules/vite/dist/node/chunks/node.js:19853:20)
[2m10:01:02[22m [31m[1m[vite][22m[39m [31mInternal server error: Transform failed with 1 error:

[31m[PARSE_ERROR] [0mUnterminated string
     [38;5;246m╭[0m[38;5;246m─[0m[38;5;246m[[0m src/pages/ResetPassword.tsx:118:69 [38;5;246m][0m
     [38;5;246m│[0m
 [38;5;246m118 │[0m [38;5;249m [0m[38;5;249m [0m[38;5;249m [0m[38;5;249m [0m[38;5;249m [0m[38;5;249m [0m[38;5;249m [0m[38;5;249m [0m[38;5;249m [0m[38;5;249m [0m[38;5;249m [0m[38;5;249m [0m[38;5;249m [0m[38;5;249m [0m[38;5;249m [0m[38;5;249m [0m[38;5;249m<[0m[38;5;249mh[0m[38;5;249m1[0m[38;5;249m [0m[38;5;249mc[0m[38;5;249ml[0m[38;5;249ma[0m[38;5;249ms[0m[38;5;249ms[0m[38;5;249mN[0m[38;5;249ma[0m[38;5;249mm[0m[38;5;249me[0m[38;5;249m=[0m[38;5;249m"[0m[38;5;249mm[0m[38;5;249mb[0m[38;5;249m-[0m[38;5;249m2[0m[38;5;249m [0m[38;5;249mt[0m[38;5;249me[0m[38;5;249mx[0m[38;5;249mt[0m[38;5;249m-[0m[38;5;249m2[0m[38;5;249mx[0m[38;5;249ml[0m[38;5;249m [0m[38;5;249mf[0m[38;5;249mo[0m[38;5;249mn[0m[38;5;249mt[0m[38;5;249m-[0m[38;5;249mb[0m[38;5;249mo[0m[38;5;249ml[0m[38;5;249md[0m[38;5;249m [0m[38;5;249mt[0m[38;5;249me[0m[38;5;249mx[0m[38;5;249mt[0m[38;5;249m-[0m[38;5;249mg[0m[38;5;249mr[0m[38;5;249ma[0m[38;5;249my[0m[38;5;249m-[0m[38;5;249m9[0m[38;5;249m0[0m[38;5;249m0[0m">Nouveau mot de passe</h1>
 [38;5;240m    │[0m                                                                     ──────────────┬─────────────  
 [38;5;240m    │[0m                                                                                   ╰─────────────── 
[38;5;246m─────╯[0m
[39m
  Plugin: [35mvite:oxc[39m
  File: [36mC:/Users/SONY/Desktop/project-manager/src/pages/ResetPassword.tsx[39m
      at transformWithOxc (file:///C:/Users/SONY/Desktop/project-manager/node_modules/vite/dist/node/chunks/node.js:7208:19)
      at TransformPluginContext.transform (file:///C:/Users/SONY/Desktop/project-manager/node_modules/vite/dist/node/chunks/node.js:7280:26)
      at EnvironmentPluginContainer.transform (file:///C:/Users/SONY/Desktop/project-manager/node_modules/vite/dist/node/chunks/node.js:8172:51)
      at async loadAndTransform (file:///C:/Users/SONY/Desktop/project-manager/node_modules/vite/dist/node/chunks/node.js:19634:26)
      at async viteTransformMiddleware (file:///C:/Users/SONY/Desktop/project-manager/node_modules/vite/dist/node/chunks/node.js:19853:20)
[2m10:01:03[22m [31m[1m[vite][22m[39m [31mInternal server error: Transform failed with 1 error:

[31m[PARSE_ERROR] [0mUnexpected token
     [38;5;246m╭[0m[38;5;246m─[0m[38;5;246m[[0m src/pages/Login.tsx:149:85 [38;5;246m][0m
     [38;5;246m│[0m
 [38;5;246m149 │[0m [38;5;249m [0m[38;5;249m [0m[38;5;249m [0m[38;5;249m [0m[38;5;249m [0m[38;5;249m [0m[38;5;249m [0m[38;5;249m [0m[38;5;249m [0m[38;5;249m [0m[38;5;249m [0m[38;5;249m [0m[38;5;249m [0m[38;5;249m [0m[38;5;249m<[0m[38;5;249ms[0m[38;5;249mp[0m[38;5;249ma[0m[38;5;249mn[0m[38;5;249m [0m[38;5;249mc[0m[38;5;249ml[0m[38;5;249ma[0m[38;5;249ms[0m[38;5;249ms[0m[38;5;249mN[0m[38;5;249ma[0m[38;5;249mm[0m[38;5;249me[0m[38;5;249m=[0m[38;5;249m"[0m[38;5;249mt[0m[38;5;249me[0m[38;5;249mx[0m[38;5;249mt[0m[38;5;249m-[0m[38;5;249ms[0m[38;5;249mm[0m[38;5;249m [0m[38;5;249mf[0m[38;5;249mo[0m[38;5;249mn[0m[38;5;249mt[0m[38;5;249m-[0m[38;5;249ms[0m[38;5;249me[0m[38;5;249mm[0m[38;5;249mi[0m[38;5;249mb[0m[38;5;249mo[0m[38;5;249ml[0m[38;5;249md[0m[38;5;249m [0m[38;5;249mu[0m[38;5;249mp[0m[38;5;249mp[0m[38;5;249me[0m[38;5;249mr[0m[38;5;249mc[0m[38;5;249ma[0m[38;5;249ms[0m[38;5;249me[0m[38;5;249m [0m[38;5;249mt[0m[38;5;249mr[0m[38;5;249ma[0m[38;5;249mc[0m[38;5;249mk[0m[38;5;249mi[0m[38;5;249mn[0m[38;5;249mg[0m[38;5;249m-[0m[38;5;249mw[0m[38;5;249mi[0m[38;5;249md[0m[38;5;249me[0m[38;5;249ms[0m[38;5;249mt[0m[38;5;249m [0m[38;5;249mt[0m[38;5;249me[0m[38;5;249mx[0m[38;5;249mt[0m[38;5;249m-[0m[[38;5;249m#[0m[38;5;249m5[0m[38;5;249m4[0m[38;5;249m2[0m[38;5;249ma[0m[38;5;249m5[0m[38;5;249m2[0m[38;5;249m][0m[38;5;249m/[0m[38;5;249m7[0m[38;5;249m0[0m[38;5;249m"[0m[38;5;249m>[0m[38;5;249mP[0m[38;5;249mr[0m[38;5;249mo[0m[38;5;249mj[0m[38;5;249me[0m[38;5;249mc[0m[38;5;249mt[0m[38;5;249m [0m[38;5;249mM[0m[38;5;249ma[0m[38;5;249mn[0m[38;5;249ma[0m[38;5;249mg[0m[38;5;249me[0m[38;5;249mr[0m[38;5;249m<[0m[38;5;249m/[0m[38;5;249ms[0m[38;5;249mp[0m[38;5;249ma[0m[38;5;249mn[0m[38;5;249m>[0m
 [38;5;240m    │[0m                                                                                     ┬  
 [38;5;240m    │[0m                                                                                     ╰── 
[38;5;246m─────╯[0m
[39m
  Plugin: [35mvite:oxc[39m
  File: [36mC:/Users/SONY/Desktop/project-manager/src/pages/Login.tsx[39m
      at transformWithOxc (file:///C:/Users/SONY/Desktop/project-manager/node_modules/vite/dist/node/chunks/node.js:7208:19)
      at TransformPluginContext.transform (file:///C:/Users/SONY/Desktop/project-manager/node_modules/vite/dist/node/chunks/node.js:7280:26)
      at EnvironmentPluginContainer.transform (file:///C:/Users/SONY/Desktop/project-manager/node_modules/vite/dist/node/chunks/node.js:8172:51)
      at async loadAndTransform (file:///C:/Users/SONY/Desktop/project-manager/node_modules/vite/dist/node/chunks/node.js:19634:26)
      at async viteTransformMiddleware (file:///C:/Users/SONY/Desktop/project-manager/node_modules/vite/dist/node/chunks/node.js:19853:20)
[2m10:01:03[22m [31m[1m[vite][22m[39m [31mInternal server error: Transform failed with 1 error:

[31m[PARSE_ERROR] [0mUnterminated string
    [38;5;246m╭[0m[38;5;246m─[0m[38;5;246m[[0m src/components/Header.tsx:19:43 [38;5;246m][0m
    [38;5;246m│[0m
 [38;5;246m19 │[0m [38;5;249m [0m[38;5;249m [0m[38;5;249m [0m[38;5;249m [0m[38;5;249m [0m[38;5;249m [0m[38;5;249m [0m[38;5;249m [0m[38;5;249m [0m[38;5;249m [0m[38;5;249m<[0m[38;5;249mh[0m[38;5;249m1[0m[38;5;249m [0m[38;5;249mc[0m[38;5;249ml[0m[38;5;249ma[0m[38;5;249ms[0m[38;5;249ms[0m[38;5;249mN[0m[38;5;249ma[0m[38;5;249mm[0m[38;5;249me[0m[38;5;249m=[0m[38;5;249m"[0m[38;5;249mt[0m[38;5;249me[0m[38;5;249mx[0m[38;5;249mt[0m[38;5;249m-[0m[38;5;249mx[0m[38;5;249ml[0m[38;5;249m [0m[38;5;249mf[0m[38;5;249mo[0m[38;5;249mn[0m[38;5;249mt[0m[38;5;249m-[0m[38;5;249mb[0m[38;5;249mo[0m[38;5;249ml[0m[38;5;249md[0m">
 [38;5;240m   │[0m                                           ─┬─  
 [38;5;240m   │[0m                                            ╰─── 
[38;5;246m────╯[0m
[39m
  Plugin: [35mvite:oxc[39m
  File: [36mC:/Users/SONY/Desktop/project-manager/src/components/Header.tsx[39m
      at transformWithOxc (file:///C:/Users/SONY/Desktop/project-manager/node_modules/vite/dist/node/chunks/node.js:7208:19)
      at TransformPluginContext.transform (file:///C:/Users/SONY/Desktop/project-manager/node_modules/vite/dist/node/chunks/node.js:7280:26)
      at EnvironmentPluginContainer.transform (file:///C:/Users/SONY/Desktop/project-manager/node_modules/vite/dist/node/chunks/node.js:8172:51)
      at async loadAndTransform (file:///C:/Users/SONY/Desktop/project-manager/node_modules/vite/dist/node/chunks/node.js:19634:26)
      at async viteTransformMiddleware (file:///C:/Users/SONY/Desktop/project-manager/node_modules/vite/dist/node/chunks/node.js:19853:20)
[2m10:01:03[22m [31m[1m[vite][22m[39m [31mInternal server error: Transform failed with 1 error:

[31m[PARSE_ERROR] [0mUnterminated string
     [38;5;246m╭[0m[38;5;246m─[0m[38;5;246m[[0m src/pages/ResetPassword.tsx:118:69 [38;5;246m][0m
     [38;5;246m│[0m
 [38;5;246m118 │[0m [38;5;249m [0m[38;5;249m [0m[38;5;249m [0m[38;5;249m [0m[38;5;249m [0m[38;5;249m [0m[38;5;249m [0m[38;5;249m [0m[38;5;249m [0m[38;5;249m [0m[38;5;249m [0m[38;5;249m [0m[38;5;249m [0m[38;5;249m [0m[38;5;249m [0m[38;5;249m [0m[38;5;249m<[0m[38;5;249mh[0m[38;5;249m1[0m[38;5;249m [0m[38;5;249mc[0m[38;5;249ml[0m[38;5;249ma[0m[38;5;249ms[0m[38;5;249ms[0m[38;5;249mN[0m[38;5;249ma[0m[38;5;249mm[0m[38;5;249me[0m[38;5;249m=[0m[38;5;249m"[0m[38;5;249mm[0m[38;5;249mb[0m[38;5;249m-[0m[38;5;249m2[0m[38;5;249m [0m[38;5;249mt[0m[38;5;249me[0m[38;5;249mx[0m[38;5;249mt[0m[38;5;249m-[0m[38;5;249m2[0m[38;5;249mx[0m[38;5;249ml[0m[38;5;249m [0m[38;5;249mf[0m[38;5;249mo[0m[38;5;249mn[0m[38;5;249mt[0m[38;5;249m-[0m[38;5;249mb[0m[38;5;249mo[0m[38;5;249ml[0m[38;5;249md[0m[38;5;249m [0m[38;5;249mt[0m[38;5;249me[0m[38;5;249mx[0m[38;5;249mt[0m[38;5;249m-[0m[38;5;249mg[0m[38;5;249mr[0m[38;5;249ma[0m[38;5;249my[0m[38;5;249m-[0m[38;5;249m9[0m[38;5;249m0[0m[38;5;249m0[0m">Nouveau mot de passe</h1>
 [38;5;240m    │[0m                                                                     ──────────────┬─────────────  
 [38;5;240m    │[0m                                                                                   ╰─────────────── 
[38;5;246m─────╯[0m
[39m
  Plugin: [35mvite:oxc[39m
  File: [36mC:/Users/SONY/Desktop/project-manager/src/pages/ResetPassword.tsx[39m
      at transformWithOxc (file:///C:/Users/SONY/Desktop/project-manager/node_modules/vite/dist/node/chunks/node.js:7208:19)
      at TransformPluginContext.transform (file:///C:/Users/SONY/Desktop/project-manager/node_modules/vite/dist/node/chunks/node.js:7280:26)
      at EnvironmentPluginContainer.transform (file:///C:/Users/SONY/Desktop/project-manager/node_modules/vite/dist/node/chunks/node.js:8172:51)
      at async loadAndTransform (file:///C:/Users/SONY/Desktop/project-manager/node_modules/vite/dist/node/chunks/node.js:19634:26)
      at async viteTransformMiddleware (file:///C:/Users/SONY/Desktop/project-manager/node_modules/vite/dist/node/chunks/node.js:19853:20)
[2m10:01:03[22m [31m[1m[vite][22m[39m [31mInternal server error: Transform failed with 1 error:

[31m[PARSE_ERROR] [0mUnterminated string
    [38;5;246m╭[0m[38;5;246m─[0m[38;5;246m[[0m src/pages/ForgotPassword.tsx:99:69 [38;5;246m][0m
    [38;5;246m│[0m
 [38;5;246m99 │[0m [38;5;249m [0m[38;5;249m [0m[38;5;249m [0m[38;5;249m [0m[38;5;249m [0m[38;5;249m [0m[38;5;249m [0m[38;5;249m [0m[38;5;249m [0m[38;5;249m [0m[38;5;249m [0m[38;5;249m [0m[38;5;249m [0m[38;5;249m [0m[38;5;249m [0m[38;5;249m [0m[38;5;249m<[0m[38;5;249mh[0m[38;5;249m1[0m[38;5;249m [0m[38;5;249mc[0m[38;5;249ml[0m[38;5;249ma[0m[38;5;249ms[0m[38;5;249ms[0m[38;5;249mN[0m[38;5;249ma[0m[38;5;249mm[0m[38;5;249me[0m[38;5;249m=[0m[38;5;249m"[0m[38;5;249mm[0m[38;5;249mb[0m[38;5;249m-[0m[38;5;249m2[0m[38;5;249m [0m[38;5;249mt[0m[38;5;249me[0m[38;5;249mx[0m[38;5;249mt[0m[38;5;249m-[0m[38;5;249m2[0m[38;5;249mx[0m[38;5;249ml[0m[38;5;249m [0m[38;5;249mf[0m[38;5;249mo[0m[38;5;249mn[0m[38;5;249mt[0m[38;5;249m-[0m[38;5;249mb[0m[38;5;249mo[0m[38;5;249ml[0m[38;5;249md[0m[38;5;249m [0m[38;5;249mt[0m[38;5;249me[0m[38;5;249mx[0m[38;5;249mt[0m[38;5;249m-[0m[38;5;249mg[0m[38;5;249mr[0m[38;5;249ma[0m[38;5;249my[0m[38;5;249m-[0m[38;5;249m9[0m[38;5;249m0[0m[38;5;249m0[0m">Mot de passe oublié ?</h1>
 [38;5;240m   │[0m                                                                     ──────────────┬──────────────  
 [38;5;240m   │[0m                                                                                   ╰──────────────── 
[38;5;246m────╯[0m
[39m
  Plugin: [35mvite:oxc[39m
  File: [36mC:/Users/SONY/Desktop/project-manager/src/pages/ForgotPassword.tsx[39m
      at transformWithOxc (file:///C:/Users/SONY/Desktop/project-manager/node_modules/vite/dist/node/chunks/node.js:7208:19)
      at TransformPluginContext.transform (file:///C:/Users/SONY/Desktop/project-manager/node_modules/vite/dist/node/chunks/node.js:7280:26)
      at EnvironmentPluginContainer.transform (file:///C:/Users/SONY/Desktop/project-manager/node_modules/vite/dist/node/chunks/node.js:8172:51)
      at async loadAndTransform (file:///C:/Users/SONY/Desktop/project-manager/node_modules/vite/dist/node/chunks/node.js:19634:26)
      at async viteTransformMiddleware (file:///C:/Users/SONY/Desktop/project-manager/node_modules/vite/dist/node/chunks/node.js:19853:20)
[2m10:01:03[22m [31m[1m[vite][22m[39m [31mInternal server error: Transform failed with 1 error:

[31m[PARSE_ERROR] [0mUnterminated string
    [38;5;246m╭[0m[38;5;246m─[0m[38;5;246m[[0m src/pages/NewProject.tsx:58:62 [38;5;246m][0m
    [38;5;246m│[0m
 [38;5;246m58 │[0m [38;5;249m [0m[38;5;249m [0m[38;5;249m [0m[38;5;249m [0m[38;5;249m [0m[38;5;249m [0m[38;5;249m [0m[38;5;249m [0m[38;5;249m [0m[38;5;249m [0m[38;5;249m [0m[38;5;249m [0m[38;5;249m [0m[38;5;249m [0m[38;5;249m<[0m[38;5;249mh[0m[38;5;249m2[0m[38;5;249m [0m[38;5;249mc[0m[38;5;249ml[0m[38;5;249ma[0m[38;5;249ms[0m[38;5;249ms[0m[38;5;249mN[0m[38;5;249ma[0m[38;5;249mm[0m[38;5;249me[0m[38;5;249m=[0m[38;5;249m"[0m[38;5;249mt[0m[38;5;249me[0m[38;5;249mx[0m[38;5;249mt[0m[38;5;249m-[0m[38;5;249m2[0m[38;5;249mx[0m[38;5;249ml[0m[38;5;249m [0m[38;5;249mf[0m[38;5;249mo[0m[38;5;249mn[0m[38;5;249mt[0m[38;5;249m-[0m[38;5;249mb[0m[38;5;249mo[0m[38;5;249ml[0m[38;5;249md[0m[38;5;249m [0m[38;5;249mt[0m[38;5;249me[0m[38;5;249mx[0m[38;5;249mt[0m[38;5;249m-[0m[38;5;249mg[0m[38;5;249mr[0m[38;5;249ma[0m[38;5;249my[0m[38;5;249m-[0m[38;5;249m9[0m[38;5;249m0[0m[38;5;249m0[0m">Nouveau projet</h2>
 [38;5;240m   │[0m                                                              ───────────┬──────────  
 [38;5;240m   │[0m                                                                         ╰──────────── 
[38;5;246m────╯[0m
[39m
  Plugin: [35mvite:oxc[39m
  File: [36mC:/Users/SONY/Desktop/project-manager/src/pages/NewProject.tsx[39m
      at transformWithOxc (file:///C:/Users/SONY/Desktop/project-manager/node_modules/vite/dist/node/chunks/node.js:7208:19)
      at TransformPluginContext.transform (file:///C:/Users/SONY/Desktop/project-manager/node_modules/vite/dist/node/chunks/node.js:7280:26)
      at EnvironmentPluginContainer.transform (file:///C:/Users/SONY/Desktop/project-manager/node_modules/vite/dist/node/chunks/node.js:8172:51)
      at async loadAndTransform (file:///C:/Users/SONY/Desktop/project-manager/node_modules/vite/dist/node/chunks/node.js:19634:26)
      at async viteTransformMiddleware (file:///C:/Users/SONY/Desktop/project-manager/node_modules/vite/dist/node/chunks/node.js:19853:20)
[2m10:01:03[22m [31m[1m[vite][22m[39m [31mInternal server error: Transform failed with 1 error:

[31m[PARSE_ERROR] [0mUnterminated string
     [38;5;246m╭[0m[38;5;246m─[0m[38;5;246m[[0m src/pages/EditProject.tsx:118:62 [38;5;246m][0m
     [38;5;246m│[0m
 [38;5;246m118 │[0m [38;5;249m [0m[38;5;249m [0m[38;5;249m [0m[38;5;249m [0m[38;5;249m [0m[38;5;249m [0m[38;5;249m [0m[38;5;249m [0m[38;5;249m [0m[38;5;249m [0m[38;5;249m [0m[38;5;249m [0m[38;5;249m [0m[38;5;249m [0m[38;5;249m<[0m[38;5;249mh[0m[38;5;249m2[0m[38;5;249m [0m[38;5;249mc[0m[38;5;249ml[0m[38;5;249ma[0m[38;5;249ms[0m[38;5;249ms[0m[38;5;249mN[0m[38;5;249ma[0m[38;5;249mm[0m[38;5;249me[0m[38;5;249m=[0m[38;5;249m"[0m[38;5;249mt[0m[38;5;249me[0m[38;5;249mx[0m[38;5;249mt[0m[38;5;249m-[0m[38;5;249m2[0m[38;5;249mx[0m[38;5;249ml[0m[38;5;249m [0m[38;5;249mf[0m[38;5;249mo[0m[38;5;249mn[0m[38;5;249mt[0m[38;5;249m-[0m[38;5;249mb[0m[38;5;249mo[0m[38;5;249ml[0m[38;5;249md[0m[38;5;249m [0m[38;5;249mt[0m[38;5;249me[0m[38;5;249mx[0m[38;5;249mt[0m[38;5;249m-[0m[38;5;249mg[0m[38;5;249mr[0m[38;5;249ma[0m[38;5;249my[0m[38;5;249m-[0m[38;5;249m9[0m[38;5;249m0[0m[38;5;249m0[0m">Modifier le projet</h2>
 [38;5;240m    │[0m                                                              ─────────────┬────────────  
 [38;5;240m    │[0m                                                                           ╰────────────── 
[38;5;246m─────╯[0m
[39m
  Plugin: [35mvite:oxc[39m
  File: [36mC:/Users/SONY/Desktop/project-manager/src/pages/EditProject.tsx[39m
      at transformWithOxc (file:///C:/Users/SONY/Desktop/project-manager/node_modules/vite/dist/node/chunks/node.js:7208:19)
      at TransformPluginContext.transform (file:///C:/Users/SONY/Desktop/project-manager/node_modules/vite/dist/node/chunks/node.js:7280:26)
      at EnvironmentPluginContainer.transform (file:///C:/Users/SONY/Desktop/project-manager/node_modules/vite/dist/node/chunks/node.js:8172:51)
      at async loadAndTransform (file:///C:/Users/SONY/Desktop/project-manager/node_modules/vite/dist/node/chunks/node.js:19634:26)
      at async viteTransformMiddleware (file:///C:/Users/SONY/Desktop/project-manager/node_modules/vite/dist/node/chunks/node.js:19853:20)
[2m10:01:03[22m [31m[1m[vite][22m[39m [31mInternal server error: Transform failed with 1 error:

[31m[PARSE_ERROR] [0mUnterminated string
    [38;5;246m╭[0m[38;5;246m─[0m[38;5;246m[[0m src/pages/Settings.tsx:90:67 [38;5;246m][0m
    [38;5;246m│[0m
 [38;5;246m90 │[0m [38;5;249m [0m[38;5;249m [0m[38;5;249m [0m[38;5;249m [0m[38;5;249m [0m[38;5;249m [0m[38;5;249m [0m[38;5;249m [0m[38;5;249m [0m[38;5;249m [0m[38;5;249m [0m[38;5;249m [0m[38;5;249m [0m[38;5;249m [0m[38;5;249m [0m[38;5;249m [0m[38;5;249m<[0m[38;5;249mh[0m[38;5;249m3[0m[38;5;249m [0m[38;5;249mc[0m[38;5;249ml[0m[38;5;249ma[0m[38;5;249ms[0m[38;5;249ms[0m[38;5;249mN[0m[38;5;249ma[0m[38;5;249mm[0m[38;5;249me[0m[38;5;249m=[0m[38;5;249m"[0m[38;5;249mt[0m[38;5;249me[0m[38;5;249mx[0m[38;5;249mt[0m[38;5;249m-[0m[38;5;249ml[0m[38;5;249mg[0m[38;5;249m [0m[38;5;249mf[0m[38;5;249mo[0m[38;5;249mn[0m[38;5;249mt[0m[38;5;249m-[0m[38;5;249ms[0m[38;5;249me[0m[38;5;249mm[0m[38;5;249mi[0m[38;5;249mb[0m[38;5;249mo[0m[38;5;249ml[0m[38;5;249md[0m[38;5;249m [0m[38;5;249mt[0m[38;5;249me[0m[38;5;249mx[0m[38;5;249mt[0m[38;5;249m-[0m[38;5;249mg[0m[38;5;249mr[0m[38;5;249ma[0m[38;5;249my[0m[38;5;249m-[0m[38;5;249m9[0m[38;5;249m0[0m[38;5;249m0[0m">Mon compte</h3>
 [38;5;240m   │[0m                                                                   ─────────┬────────  
 [38;5;240m   │[0m                                                                            ╰────────── 
[38;5;246m────╯[0m
[39m
  Plugin: [35mvite:oxc[39m
  File: [36mC:/Users/SONY/Desktop/project-manager/src/pages/Settings.tsx[39m
      at transformWithOxc (file:///C:/Users/SONY/Desktop/project-manager/node_modules/vite/dist/node/chunks/node.js:7208:19)
      at TransformPluginContext.transform (file:///C:/Users/SONY/Desktop/project-manager/node_modules/vite/dist/node/chunks/node.js:7280:26)
      at EnvironmentPluginContainer.transform (file:///C:/Users/SONY/Desktop/project-manager/node_modules/vite/dist/node/chunks/node.js:8172:51)
      at async loadAndTransform (file:///C:/Users/SONY/Desktop/project-manager/node_modules/vite/dist/node/chunks/node.js:19634:26)
      at async viteTransformMiddleware (file:///C:/Users/SONY/Desktop/project-manager/node_modules/vite/dist/node/chunks/node.js:19853:20)
[2m10:01:03[22m [31m[1m[vite][22m[39m [31mInternal server error: Transform failed with 1 error:

[31m[PARSE_ERROR] [0mUnterminated string
    [38;5;246m╭[0m[38;5;246m─[0m[38;5;246m[[0m src/components/Header.tsx:19:43 [38;5;246m][0m
    [38;5;246m│[0m
 [38;5;246m19 │[0m [38;5;249m [0m[38;5;249m [0m[38;5;249m [0m[38;5;249m [0m[38;5;249m [0m[38;5;249m [0m[38;5;249m [0m[38;5;249m [0m[38;5;249m [0m[38;5;249m [0m[38;5;249m<[0m[38;5;249mh[0m[38;5;249m1[0m[38;5;249m [0m[38;5;249mc[0m[38;5;249ml[0m[38;5;249ma[0m[38;5;249ms[0m[38;5;249ms[0m[38;5;249mN[0m[38;5;249ma[0m[38;5;249mm[0m[38;5;249me[0m[38;5;249m=[0m[38;5;249m"[0m[38;5;249mt[0m[38;5;249me[0m[38;5;249mx[0m[38;5;249mt[0m[38;5;249m-[0m[38;5;249mx[0m[38;5;249ml[0m[38;5;249m [0m[38;5;249mf[0m[38;5;249mo[0m[38;5;249mn[0m[38;5;249mt[0m[38;5;249m-[0m[38;5;249mb[0m[38;5;249mo[0m[38;5;249ml[0m[38;5;249md[0m">
 [38;5;240m   │[0m                                           ─┬─  
 [38;5;240m   │[0m                                            ╰─── 
[38;5;246m────╯[0m
[39m
  Plugin: [35mvite:oxc[39m
  File: [36mC:/Users/SONY/Desktop/project-manager/src/components/Header.tsx[39m
      at transformWithOxc (file:///C:/Users/SONY/Desktop/project-manager/node_modules/vite/dist/node/chunks/node.js:7208:19)
      at TransformPluginContext.transform (file:///C:/Users/SONY/Desktop/project-manager/node_modules/vite/dist/node/chunks/node.js:7280:26)
      at EnvironmentPluginContainer.transform (file:///C:/Users/SONY/Desktop/project-manager/node_modules/vite/dist/node/chunks/node.js:8172:51)
      at async loadAndTransform (file:///C:/Users/SONY/Desktop/project-manager/node_modules/vite/dist/node/chunks/node.js:19634:26)
      at async viteTransformMiddleware (file:///C:/Users/SONY/Desktop/project-manager/node_modules/vite/dist/node/chunks/node.js:19853:20)
[2m10:01:04[22m [31m[1m[vite][22m[39m [31mInternal server error: Transform failed with 1 error:

[31m[PARSE_ERROR] [0mUnexpected token
     [38;5;246m╭[0m[38;5;246m─[0m[38;5;246m[[0m src/pages/Login.tsx:149:85 [38;5;246m][0m
     [38;5;246m│[0m
 [38;5;246m149 │[0m [38;5;249m [0m[38;5;249m [0m[38;5;249m [0m[38;5;249m [0m[38;5;249m [0m[38;5;249m [0m[38;5;249m [0m[38;5;249m [0m[38;5;249m [0m[38;5;249m [0m[38;5;249m [0m[38;5;249m [0m[38;5;249m [0m[38;5;249m [0m[38;5;249m<[0m[38;5;249ms[0m[38;5;249mp[0m[38;5;249ma[0m[38;5;249mn[0m[38;5;249m [0m[38;5;249mc[0m[38;5;249ml[0m[38;5;249ma[0m[38;5;249ms[0m[38;5;249ms[0m[38;5;249mN[0m[38;5;249ma[0m[38;5;249mm[0m[38;5;249me[0m[38;5;249m=[0m[38;5;249m"[0m[38;5;249mt[0m[38;5;249me[0m[38;5;249mx[0m[38;5;249mt[0m[38;5;249m-[0m[38;5;249ms[0m[38;5;249mm[0m[38;5;249m [0m[38;5;249mf[0m[38;5;249mo[0m[38;5;249mn[0m[38;5;249mt[0m[38;5;249m-[0m[38;5;249ms[0m[38;5;249me[0m[38;5;249mm[0m[38;5;249mi[0m[38;5;249mb[0m[38;5;249mo[0m[38;5;249ml[0m[38;5;249md[0m[38;5;249m [0m[38;5;249mu[0m[38;5;249mp[0m[38;5;249mp[0m[38;5;249me[0m[38;5;249mr[0m[38;5;249mc[0m[38;5;249ma[0m[38;5;249ms[0m[38;5;249me[0m[38;5;249m [0m[38;5;249mt[0m[38;5;249mr[0m[38;5;249ma[0m[38;5;249mc[0m[38;5;249mk[0m[38;5;249mi[0m[38;5;249mn[0m[38;5;249mg[0m[38;5;249m-[0m[38;5;249mw[0m[38;5;249mi[0m[38;5;249md[0m[38;5;249me[0m[38;5;249ms[0m[38;5;249mt[0m[38;5;249m [0m[38;5;249mt[0m[38;5;249me[0m[38;5;249mx[0m[38;5;249mt[0m[38;5;249m-[0m[[38;5;249m#[0m[38;5;249m5[0m[38;5;249m4[0m[38;5;249m2[0m[38;5;249ma[0m[38;5;249m5[0m[38;5;249m2[0m[38;5;249m][0m[38;5;249m/[0m[38;5;249m7[0m[38;5;249m0[0m[38;5;249m"[0m[38;5;249m>[0m[38;5;249mP[0m[38;5;249mr[0m[38;5;249mo[0m[38;5;249mj[0m[38;5;249me[0m[38;5;249mc[0m[38;5;249mt[0m[38;5;249m [0m[38;5;249mM[0m[38;5;249ma[0m[38;5;249mn[0m[38;5;249ma[0m[38;5;249mg[0m[38;5;249me[0m[38;5;249mr[0m[38;5;249m<[0m[38;5;249m/[0m[38;5;249ms[0m[38;5;249mp[0m[38;5;249ma[0m[38;5;249mn[0m[38;5;249m>[0m
 [38;5;240m    │[0m                                                                                     ┬  
 [38;5;240m    │[0m                                                                                     ╰── 
[38;5;246m─────╯[0m
[39m
  Plugin: [35mvite:oxc[39m
  File: [36mC:/Users/SONY/Desktop/project-manager/src/pages/Login.tsx[39m
      at transformWithOxc (file:///C:/Users/SONY/Desktop/project-manager/node_modules/vite/dist/node/chunks/node.js:7208:19)
      at TransformPluginContext.transform (file:///C:/Users/SONY/Desktop/project-manager/node_modules/vite/dist/node/chunks/node.js:7280:26)
      at EnvironmentPluginContainer.transform (file:///C:/Users/SONY/Desktop/project-manager/node_modules/vite/dist/node/chunks/node.js:8172:51)
      at async loadAndTransform (file:///C:/Users/SONY/Desktop/project-manager/node_modules/vite/dist/node/chunks/node.js:19634:26)
      at async viteTransformMiddleware (file:///C:/Users/SONY/Desktop/project-manager/node_modules/vite/dist/node/chunks/node.js:19853:20)
[2m10:01:04[22m [31m[1m[vite][22m[39m [31mInternal server error: Transform failed with 1 error:

[31m[PARSE_ERROR] [0mUnterminated string
    [38;5;246m╭[0m[38;5;246m─[0m[38;5;246m[[0m src/pages/NewProject.tsx:58:62 [38;5;246m][0m
    [38;5;246m│[0m
 [38;5;246m58 │[0m [38;5;249m [0m[38;5;249m [0m[38;5;249m [0m[38;5;249m [0m[38;5;249m [0m[38;5;249m [0m[38;5;249m [0m[38;5;249m [0m[38;5;249m [0m[38;5;249m [0m[38;5;249m [0m[38;5;249m [0m[38;5;249m [0m[38;5;249m [0m[38;5;249m<[0m[38;5;249mh[0m[38;5;249m2[0m[38;5;249m [0m[38;5;249mc[0m[38;5;249ml[0m[38;5;249ma[0m[38;5;249ms[0m[38;5;249ms[0m[38;5;249mN[0m[38;5;249ma[0m[38;5;249mm[0m[38;5;249me[0m[38;5;249m=[0m[38;5;249m"[0m[38;5;249mt[0m[38;5;249me[0m[38;5;249mx[0m[38;5;249mt[0m[38;5;249m-[0m[38;5;249m2[0m[38;5;249mx[0m[38;5;249ml[0m[38;5;249m [0m[38;5;249mf[0m[38;5;249mo[0m[38;5;249mn[0m[38;5;249mt[0m[38;5;249m-[0m[38;5;249mb[0m[38;5;249mo[0m[38;5;249ml[0m[38;5;249md[0m[38;5;249m [0m[38;5;249mt[0m[38;5;249me[0m[38;5;249mx[0m[38;5;249mt[0m[38;5;249m-[0m[38;5;249mg[0m[38;5;249mr[0m[38;5;249ma[0m[38;5;249my[0m[38;5;249m-[0m[38;5;249m9[0m[38;5;249m0[0m[38;5;249m0[0m">Nouveau projet</h2>
 [38;5;240m   │[0m                                                              ───────────┬──────────  
 [38;5;240m   │[0m                                                                         ╰──────────── 
[38;5;246m────╯[0m
[39m
  Plugin: [35mvite:oxc[39m
  File: [36mC:/Users/SONY/Desktop/project-manager/src/pages/NewProject.tsx[39m
      at transformWithOxc (file:///C:/Users/SONY/Desktop/project-manager/node_modules/vite/dist/node/chunks/node.js:7208:19)
      at TransformPluginContext.transform (file:///C:/Users/SONY/Desktop/project-manager/node_modules/vite/dist/node/chunks/node.js:7280:26)
      at EnvironmentPluginContainer.transform (file:///C:/Users/SONY/Desktop/project-manager/node_modules/vite/dist/node/chunks/node.js:8172:51)
      at async loadAndTransform (file:///C:/Users/SONY/Desktop/project-manager/node_modules/vite/dist/node/chunks/node.js:19634:26)
      at async viteTransformMiddleware (file:///C:/Users/SONY/Desktop/project-manager/node_modules/vite/dist/node/chunks/node.js:19853:20)
[2m10:01:04[22m [31m[1m[vite][22m[39m [31mInternal server error: Transform failed with 1 error:

[31m[PARSE_ERROR] [0mUnterminated string
     [38;5;246m╭[0m[38;5;246m─[0m[38;5;246m[[0m src/pages/EditProject.tsx:118:62 [38;5;246m][0m
     [38;5;246m│[0m
 [38;5;246m118 │[0m [38;5;249m [0m[38;5;249m [0m[38;5;249m [0m[38;5;249m [0m[38;5;249m [0m[38;5;249m [0m[38;5;249m [0m[38;5;249m [0m[38;5;249m [0m[38;5;249m [0m[38;5;249m [0m[38;5;249m [0m[38;5;249m [0m[38;5;249m [0m[38;5;249m<[0m[38;5;249mh[0m[38;5;249m2[0m[38;5;249m [0m[38;5;249mc[0m[38;5;249ml[0m[38;5;249ma[0m[38;5;249ms[0m[38;5;249ms[0m[38;5;249mN[0m[38;5;249ma[0m[38;5;249mm[0m[38;5;249me[0m[38;5;249m=[0m[38;5;249m"[0m[38;5;249mt[0m[38;5;249me[0m[38;5;249mx[0m[38;5;249mt[0m[38;5;249m-[0m[38;5;249m2[0m[38;5;249mx[0m[38;5;249ml[0m[38;5;249m [0m[38;5;249mf[0m[38;5;249mo[0m[38;5;249mn[0m[38;5;249mt[0m[38;5;249m-[0m[38;5;249mb[0m[38;5;249mo[0m[38;5;249ml[0m[38;5;249md[0m[38;5;249m [0m[38;5;249mt[0m[38;5;249me[0m[38;5;249mx[0m[38;5;249mt[0m[38;5;249m-[0m[38;5;249mg[0m[38;5;249mr[0m[38;5;249ma[0m[38;5;249my[0m[38;5;249m-[0m[38;5;249m9[0m[38;5;249m0[0m[38;5;249m0[0m">Modifier le projet</h2>
 [38;5;240m    │[0m                                                              ─────────────┬────────────  
 [38;5;240m    │[0m                                                                           ╰────────────── 
[38;5;246m─────╯[0m
[39m
  Plugin: [35mvite:oxc[39m
  File: [36mC:/Users/SONY/Desktop/project-manager/src/pages/EditProject.tsx[39m
      at transformWithOxc (file:///C:/Users/SONY/Desktop/project-manager/node_modules/vite/dist/node/chunks/node.js:7208:19)
      at TransformPluginContext.transform (file:///C:/Users/SONY/Desktop/project-manager/node_modules/vite/dist/node/chunks/node.js:7280:26)
      at EnvironmentPluginContainer.transform (file:///C:/Users/SONY/Desktop/project-manager/node_modules/vite/dist/node/chunks/node.js:8172:51)
      at async loadAndTransform (file:///C:/Users/SONY/Desktop/project-manager/node_modules/vite/dist/node/chunks/node.js:19634:26)
      at async viteTransformMiddleware (file:///C:/Users/SONY/Desktop/project-manager/node_modules/vite/dist/node/chunks/node.js:19853:20)
[2m10:01:04[22m [31m[1m[vite][22m[39m [31mInternal server error: Transform failed with 1 error:

[31m[PARSE_ERROR] [0mUnterminated string
    [38;5;246m╭[0m[38;5;246m─[0m[38;5;246m[[0m src/pages/ForgotPassword.tsx:99:69 [38;5;246m][0m
    [38;5;246m│[0m
 [38;5;246m99 │[0m [38;5;249m [0m[38;5;249m [0m[38;5;249m [0m[38;5;249m [0m[38;5;249m [0m[38;5;249m [0m[38;5;249m [0m[38;5;249m [0m[38;5;249m [0m[38;5;249m [0m[38;5;249m [0m[38;5;249m [0m[38;5;249m [0m[38;5;249m [0m[38;5;249m [0m[38;5;249m [0m[38;5;249m<[0m[38;5;249mh[0m[38;5;249m1[0m[38;5;249m [0m[38;5;249mc[0m[38;5;249ml[0m[38;5;249ma[0m[38;5;249ms[0m[38;5;249ms[0m[38;5;249mN[0m[38;5;249ma[0m[38;5;249mm[0m[38;5;249me[0m[38;5;249m=[0m[38;5;249m"[0m[38;5;249mm[0m[38;5;249mb[0m[38;5;249m-[0m[38;5;249m2[0m[38;5;249m [0m[38;5;249mt[0m[38;5;249me[0m[38;5;249mx[0m[38;5;249mt[0m[38;5;249m-[0m[38;5;249m2[0m[38;5;249mx[0m[38;5;249ml[0m[38;5;249m [0m[38;5;249mf[0m[38;5;249mo[0m[38;5;249mn[0m[38;5;249mt[0m[38;5;249m-[0m[38;5;249mb[0m[38;5;249mo[0m[38;5;249ml[0m[38;5;249md[0m[38;5;249m [0m[38;5;249mt[0m[38;5;249me[0m[38;5;249mx[0m[38;5;249mt[0m[38;5;249m-[0m[38;5;249mg[0m[38;5;249mr[0m[38;5;249ma[0m[38;5;249my[0m[38;5;249m-[0m[38;5;249m9[0m[38;5;249m0[0m[38;5;249m0[0m">Mot de passe oublié ?</h1>
 [38;5;240m   │[0m                                                                     ──────────────┬──────────────  
 [38;5;240m   │[0m                                                                                   ╰──────────────── 
[38;5;246m────╯[0m
[39m
  Plugin: [35mvite:oxc[39m
  File: [36mC:/Users/SONY/Desktop/project-manager/src/pages/ForgotPassword.tsx[39m
      at transformWithOxc (file:///C:/Users/SONY/Desktop/project-manager/node_modules/vite/dist/node/chunks/node.js:7208:19)
      at TransformPluginContext.transform (file:///C:/Users/SONY/Desktop/project-manager/node_modules/vite/dist/node/chunks/node.js:7280:26)
      at EnvironmentPluginContainer.transform (file:///C:/Users/SONY/Desktop/project-manager/node_modules/vite/dist/node/chunks/node.js:8172:51)
      at async loadAndTransform (file:///C:/Users/SONY/Desktop/project-manager/node_modules/vite/dist/node/chunks/node.js:19634:26)
      at async viteTransformMiddleware (file:///C:/Users/SONY/Desktop/project-manager/node_modules/vite/dist/node/chunks/node.js:19853:20)
[2m10:01:04[22m [31m[1m[vite][22m[39m [31mInternal server error: Transform failed with 1 error:

[31m[PARSE_ERROR] [0mUnterminated string
     [38;5;246m╭[0m[38;5;246m─[0m[38;5;246m[[0m src/pages/ResetPassword.tsx:118:69 [38;5;246m][0m
     [38;5;246m│[0m
 [38;5;246m118 │[0m [38;5;249m [0m[38;5;249m [0m[38;5;249m [0m[38;5;249m [0m[38;5;249m [0m[38;5;249m [0m[38;5;249m [0m[38;5;249m [0m[38;5;249m [0m[38;5;249m [0m[38;5;249m [0m[38;5;249m [0m[38;5;249m [0m[38;5;249m [0m[38;5;249m [0m[38;5;249m [0m[38;5;249m<[0m[38;5;249mh[0m[38;5;249m1[0m[38;5;249m [0m[38;5;249mc[0m[38;5;249ml[0m[38;5;249ma[0m[38;5;249ms[0m[38;5;249ms[0m[38;5;249mN[0m[38;5;249ma[0m[38;5;249mm[0m[38;5;249me[0m[38;5;249m=[0m[38;5;249m"[0m[38;5;249mm[0m[38;5;249mb[0m[38;5;249m-[0m[38;5;249m2[0m[38;5;249m [0m[38;5;249mt[0m[38;5;249me[0m[38;5;249mx[0m[38;5;249mt[0m[38;5;249m-[0m[38;5;249m2[0m[38;5;249mx[0m[38;5;249ml[0m[38;5;249m [0m[38;5;249mf[0m[38;5;249mo[0m[38;5;249mn[0m[38;5;249mt[0m[38;5;249m-[0m[38;5;249mb[0m[38;5;249mo[0m[38;5;249ml[0m[38;5;249md[0m[38;5;249m [0m[38;5;249mt[0m[38;5;249me[0m[38;5;249mx[0m[38;5;249mt[0m[38;5;249m-[0m[38;5;249mg[0m[38;5;249mr[0m[38;5;249ma[0m[38;5;249my[0m[38;5;249m-[0m[38;5;249m9[0m[38;5;249m0[0m[38;5;249m0[0m">Nouveau mot de passe</h1>
 [38;5;240m    │[0m                                                                     ──────────────┬─────────────  
 [38;5;240m    │[0m                                                                                   ╰─────────────── 
[38;5;246m─────╯[0m
[39m
  Plugin: [35mvite:oxc[39m
  File: [36mC:/Users/SONY/Desktop/project-manager/src/pages/ResetPassword.tsx[39m
      at transformWithOxc (file:///C:/Users/SONY/Desktop/project-manager/node_modules/vite/dist/node/chunks/node.js:7208:19)
      at TransformPluginContext.transform (file:///C:/Users/SONY/Desktop/project-manager/node_modules/vite/dist/node/chunks/node.js:7280:26)
      at EnvironmentPluginContainer.transform (file:///C:/Users/SONY/Desktop/project-manager/node_modules/vite/dist/node/chunks/node.js:8172:51)
      at async loadAndTransform (file:///C:/Users/SONY/Desktop/project-manager/node_modules/vite/dist/node/chunks/node.js:19634:26)
      at async viteTransformMiddleware (file:///C:/Users/SONY/Desktop/project-manager/node_modules/vite/dist/node/chunks/node.js:19853:20)
[2m10:01:04[22m [31m[1m[vite][22m[39m [31mInternal server error: Transform failed with 1 error:

[31m[PARSE_ERROR] [0mUnterminated string
    [38;5;246m╭[0m[38;5;246m─[0m[38;5;246m[[0m src/pages/Settings.tsx:90:67 [38;5;246m][0m
    [38;5;246m│[0m
 [38;5;246m90 │[0m [38;5;249m [0m[38;5;249m [0m[38;5;249m [0m[38;5;249m [0m[38;5;249m [0m[38;5;249m [0m[38;5;249m [0m[38;5;249m [0m[38;5;249m [0m[38;5;249m [0m[38;5;249m [0m[38;5;249m [0m[38;5;249m [0m[38;5;249m [0m[38;5;249m [0m[38;5;249m [0m[38;5;249m<[0m[38;5;249mh[0m[38;5;249m3[0m[38;5;249m [0m[38;5;249mc[0m[38;5;249ml[0m[38;5;249ma[0m[38;5;249ms[0m[38;5;249ms[0m[38;5;249mN[0m[38;5;249ma[0m[38;5;249mm[0m[38;5;249me[0m[38;5;249m=[0m[38;5;249m"[0m[38;5;249mt[0m[38;5;249me[0m[38;5;249mx[0m[38;5;249mt[0m[38;5;249m-[0m[38;5;249ml[0m[38;5;249mg[0m[38;5;249m [0m[38;5;249mf[0m[38;5;249mo[0m[38;5;249mn[0m[38;5;249mt[0m[38;5;249m-[0m[38;5;249ms[0m[38;5;249me[0m[38;5;249mm[0m[38;5;249mi[0m[38;5;249mb[0m[38;5;249mo[0m[38;5;249ml[0m[38;5;249md[0m[38;5;249m [0m[38;5;249mt[0m[38;5;249me[0m[38;5;249mx[0m[38;5;249mt[0m[38;5;249m-[0m[38;5;249mg[0m[38;5;249mr[0m[38;5;249ma[0m[38;5;249my[0m[38;5;249m-[0m[38;5;249m9[0m[38;5;249m0[0m[38;5;249m0[0m">Mon compte</h3>
 [38;5;240m   │[0m                                                                   ─────────┬────────  
 [38;5;240m   │[0m                                                                            ╰────────── 
[38;5;246m────╯[0m
[39m
  Plugin: [35mvite:oxc[39m
  File: [36mC:/Users/SONY/Desktop/project-manager/src/pages/Settings.tsx[39m
      at transformWithOxc (file:///C:/Users/SONY/Desktop/project-manager/node_modules/vite/dist/node/chunks/node.js:7208:19)
      at TransformPluginContext.transform (file:///C:/Users/SONY/Desktop/project-manager/node_modules/vite/dist/node/chunks/node.js:7280:26)
      at EnvironmentPluginContainer.transform (file:///C:/Users/SONY/Desktop/project-manager/node_modules/vite/dist/node/chunks/node.js:8172:51)
      at async loadAndTransform (file:///C:/Users/SONY/Desktop/project-manager/node_modules/vite/dist/node/chunks/node.js:19634:26)
      at async viteTransformMiddleware (file:///C:/Users/SONY/Desktop/project-manager/node_modules/vite/dist/node/chunks/node.js:19853:20)
[2m10:01:04[22m [31m[1m[vite][22m[39m [31mInternal server error: Transform failed with 1 error:

[31m[PARSE_ERROR] [0mUnterminated string
    [38;5;246m╭[0m[38;5;246m─[0m[38;5;246m[[0m src/components/Header.tsx:19:43 [38;5;246m][0m
    [38;5;246m│[0m
 [38;5;246m19 │[0m [38;5;249m [0m[38;5;249m [0m[38;5;249m [0m[38;5;249m [0m[38;5;249m [0m[38;5;249m [0m[38;5;249m [0m[38;5;249m [0m[38;5;249m [0m[38;5;249m [0m[38;5;249m<[0m[38;5;249mh[0m[38;5;249m1[0m[38;5;249m [0m[38;5;249mc[0m[38;5;249ml[0m[38;5;249ma[0m[38;5;249ms[0m[38;5;249ms[0m[38;5;249mN[0m[38;5;249ma[0m[38;5;249mm[0m[38;5;249me[0m[38;5;249m=[0m[38;5;249m"[0m[38;5;249mt[0m[38;5;249me[0m[38;5;249mx[0m[38;5;249mt[0m[38;5;249m-[0m[38;5;249mx[0m[38;5;249ml[0m[38;5;249m [0m[38;5;249mf[0m[38;5;249mo[0m[38;5;249mn[0m[38;5;249mt[0m[38;5;249m-[0m[38;5;249mb[0m[38;5;249mo[0m[38;5;249ml[0m[38;5;249md[0m">
 [38;5;240m   │[0m                                           ─┬─  
 [38;5;240m   │[0m                                            ╰─── 
[38;5;246m────╯[0m
[39m
  Plugin: [35mvite:oxc[39m
  File: [36mC:/Users/SONY/Desktop/project-manager/src/components/Header.tsx[39m
      at transformWithOxc (file:///C:/Users/SONY/Desktop/project-manager/node_modules/vite/dist/node/chunks/node.js:7208:19)
      at TransformPluginContext.transform (file:///C:/Users/SONY/Desktop/project-manager/node_modules/vite/dist/node/chunks/node.js:7280:26)
      at EnvironmentPluginContainer.transform (file:///C:/Users/SONY/Desktop/project-manager/node_modules/vite/dist/node/chunks/node.js:8172:51)
      at async loadAndTransform (file:///C:/Users/SONY/Desktop/project-manager/node_modules/vite/dist/node/chunks/node.js:19634:26)
      at async viteTransformMiddleware (file:///C:/Users/SONY/Desktop/project-manager/node_modules/vite/dist/node/chunks/node.js:19853:20)
[2m10:01:04[22m [31m[1m[vite][22m[39m [31mInternal server error: Transform failed with 1 error:

[31m[PARSE_ERROR] [0mUnexpected token
     [38;5;246m╭[0m[38;5;246m─[0m[38;5;246m[[0m src/pages/Login.tsx:149:85 [38;5;246m][0m
     [38;5;246m│[0m
 [38;5;246m149 │[0m [38;5;249m [0m[38;5;249m [0m[38;5;249m [0m[38;5;249m [0m[38;5;249m [0m[38;5;249m [0m[38;5;249m [0m[38;5;249m [0m[38;5;249m [0m[38;5;249m [0m[38;5;249m [0m[38;5;249m [0m[38;5;249m [0m[38;5;249m [0m[38;5;249m<[0m[38;5;249ms[0m[38;5;249mp[0m[38;5;249ma[0m[38;5;249mn[0m[38;5;249m [0m[38;5;249mc[0m[38;5;249ml[0m[38;5;249ma[0m[38;5;249ms[0m[38;5;249ms[0m[38;5;249mN[0m[38;5;249ma[0m[38;5;249mm[0m[38;5;249me[0m[38;5;249m=[0m[38;5;249m"[0m[38;5;249mt[0m[38;5;249me[0m[38;5;249mx[0m[38;5;249mt[0m[38;5;249m-[0m[38;5;249ms[0m[38;5;249mm[0m[38;5;249m [0m[38;5;249mf[0m[38;5;249mo[0m[38;5;249mn[0m[38;5;249mt[0m[38;5;249m-[0m[38;5;249ms[0m[38;5;249me[0m[38;5;249mm[0m[38;5;249mi[0m[38;5;249mb[0m[38;5;249mo[0m[38;5;249ml[0m[38;5;249md[0m[38;5;249m [0m[38;5;249mu[0m[38;5;249mp[0m[38;5;249mp[0m[38;5;249me[0m[38;5;249mr[0m[38;5;249mc[0m[38;5;249ma[0m[38;5;249ms[0m[38;5;249me[0m[38;5;249m [0m[38;5;249mt[0m[38;5;249mr[0m[38;5;249ma[0m[38;5;249mc[0m[38;5;249mk[0m[38;5;249mi[0m[38;5;249mn[0m[38;5;249mg[0m[38;5;249m-[0m[38;5;249mw[0m[38;5;249mi[0m[38;5;249md[0m[38;5;249me[0m[38;5;249ms[0m[38;5;249mt[0m[38;5;249m [0m[38;5;249mt[0m[38;5;249me[0m[38;5;249mx[0m[38;5;249mt[0m[38;5;249m-[0m[[38;5;249m#[0m[38;5;249m5[0m[38;5;249m4[0m[38;5;249m2[0m[38;5;249ma[0m[38;5;249m5[0m[38;5;249m2[0m[38;5;249m][0m[38;5;249m/[0m[38;5;249m7[0m[38;5;249m0[0m[38;5;249m"[0m[38;5;249m>[0m[38;5;249mP[0m[38;5;249mr[0m[38;5;249mo[0m[38;5;249mj[0m[38;5;249me[0m[38;5;249mc[0m[38;5;249mt[0m[38;5;249m [0m[38;5;249mM[0m[38;5;249ma[0m[38;5;249mn[0m[38;5;249ma[0m[38;5;249mg[0m[38;5;249me[0m[38;5;249mr[0m[38;5;249m<[0m[38;5;249m/[0m[38;5;249ms[0m[38;5;249mp[0m[38;5;249ma[0m[38;5;249mn[0m[38;5;249m>[0m
 [38;5;240m    │[0m                                                                                     ┬  
 [38;5;240m    │[0m                                                                                     ╰── 
[38;5;246m─────╯[0m
[39m
  Plugin: [35mvite:oxc[39m
  File: [36mC:/Users/SONY/Desktop/project-manager/src/pages/Login.tsx[39m
      at transformWithOxc (file:///C:/Users/SONY/Desktop/project-manager/node_modules/vite/dist/node/chunks/node.js:7208:19)
      at TransformPluginContext.transform (file:///C:/Users/SONY/Desktop/project-manager/node_modules/vite/dist/node/chunks/node.js:7280:26)
      at EnvironmentPluginContainer.transform (file:///C:/Users/SONY/Desktop/project-manager/node_modules/vite/dist/node/chunks/node.js:8172:51)
      at async loadAndTransform (file:///C:/Users/SONY/Desktop/project-manager/node_modules/vite/dist/node/chunks/node.js:19634:26)
      at async viteTransformMiddleware (file:///C:/Users/SONY/Desktop/project-manager/node_modules/vite/dist/node/chunks/node.js:19853:20)
[2m10:01:04[22m [31m[1m[vite][22m[39m [31mInternal server error: Transform failed with 1 error:

[31m[PARSE_ERROR] [0mUnterminated string
    [38;5;246m╭[0m[38;5;246m─[0m[38;5;246m[[0m src/pages/ForgotPassword.tsx:99:69 [38;5;246m][0m
    [38;5;246m│[0m
 [38;5;246m99 │[0m [38;5;249m [0m[38;5;249m [0m[38;5;249m [0m[38;5;249m [0m[38;5;249m [0m[38;5;249m [0m[38;5;249m [0m[38;5;249m [0m[38;5;249m [0m[38;5;249m [0m[38;5;249m [0m[38;5;249m [0m[38;5;249m [0m[38;5;249m [0m[38;5;249m [0m[38;5;249m [0m[38;5;249m<[0m[38;5;249mh[0m[38;5;249m1[0m[38;5;249m [0m[38;5;249mc[0m[38;5;249ml[0m[38;5;249ma[0m[38;5;249ms[0m[38;5;249ms[0m[38;5;249mN[0m[38;5;249ma[0m[38;5;249mm[0m[38;5;249me[0m[38;5;249m=[0m[38;5;249m"[0m[38;5;249mm[0m[38;5;249mb[0m[38;5;249m-[0m[38;5;249m2[0m[38;5;249m [0m[38;5;249mt[0m[38;5;249me[0m[38;5;249mx[0m[38;5;249mt[0m[38;5;249m-[0m[38;5;249m2[0m[38;5;249mx[0m[38;5;249ml[0m[38;5;249m [0m[38;5;249mf[0m[38;5;249mo[0m[38;5;249mn[0m[38;5;249mt[0m[38;5;249m-[0m[38;5;249mb[0m[38;5;249mo[0m[38;5;249ml[0m[38;5;249md[0m[38;5;249m [0m[38;5;249mt[0m[38;5;249me[0m[38;5;249mx[0m[38;5;249mt[0m[38;5;249m-[0m[38;5;249mg[0m[38;5;249mr[0m[38;5;249ma[0m[38;5;249my[0m[38;5;249m-[0m[38;5;249m9[0m[38;5;249m0[0m[38;5;249m0[0m">Mot de passe oublié ?</h1>
 [38;5;240m   │[0m                                                                     ──────────────┬──────────────  
 [38;5;240m   │[0m                                                                                   ╰──────────────── 
[38;5;246m────╯[0m
[39m
  Plugin: [35mvite:oxc[39m
  File: [36mC:/Users/SONY/Desktop/project-manager/src/pages/ForgotPassword.tsx[39m
      at transformWithOxc (file:///C:/Users/SONY/Desktop/project-manager/node_modules/vite/dist/node/chunks/node.js:7208:19)
      at TransformPluginContext.transform (file:///C:/Users/SONY/Desktop/project-manager/node_modules/vite/dist/node/chunks/node.js:7280:26)
      at EnvironmentPluginContainer.transform (file:///C:/Users/SONY/Desktop/project-manager/node_modules/vite/dist/node/chunks/node.js:8172:51)
      at async loadAndTransform (file:///C:/Users/SONY/Desktop/project-manager/node_modules/vite/dist/node/chunks/node.js:19634:26)
      at async viteTransformMiddleware (file:///C:/Users/SONY/Desktop/project-manager/node_modules/vite/dist/node/chunks/node.js:19853:20)
[2m10:01:04[22m [31m[1m[vite][22m[39m [31mInternal server error: Transform failed with 1 error:

[31m[PARSE_ERROR] [0mUnterminated string
     [38;5;246m╭[0m[38;5;246m─[0m[38;5;246m[[0m src/pages/ResetPassword.tsx:118:69 [38;5;246m][0m
     [38;5;246m│[0m
 [38;5;246m118 │[0m [38;5;249m [0m[38;5;249m [0m[38;5;249m [0m[38;5;249m [0m[38;5;249m [0m[38;5;249m [0m[38;5;249m [0m[38;5;249m [0m[38;5;249m [0m[38;5;249m [0m[38;5;249m [0m[38;5;249m [0m[38;5;249m [0m[38;5;249m [0m[38;5;249m [0m[38;5;249m [0m[38;5;249m<[0m[38;5;249mh[0m[38;5;249m1[0m[38;5;249m [0m[38;5;249mc[0m[38;5;249ml[0m[38;5;249ma[0m[38;5;249ms[0m[38;5;249ms[0m[38;5;249mN[0m[38;5;249ma[0m[38;5;249mm[0m[38;5;249me[0m[38;5;249m=[0m[38;5;249m"[0m[38;5;249mm[0m[38;5;249mb[0m[38;5;249m-[0m[38;5;249m2[0m[38;5;249m [0m[38;5;249mt[0m[38;5;249me[0m[38;5;249mx[0m[38;5;249mt[0m[38;5;249m-[0m[38;5;249m2[0m[38;5;249mx[0m[38;5;249ml[0m[38;5;249m [0m[38;5;249mf[0m[38;5;249mo[0m[38;5;249mn[0m[38;5;249mt[0m[38;5;249m-[0m[38;5;249mb[0m[38;5;249mo[0m[38;5;249ml[0m[38;5;249md[0m[38;5;249m [0m[38;5;249mt[0m[38;5;249me[0m[38;5;249mx[0m[38;5;249mt[0m[38;5;249m-[0m[38;5;249mg[0m[38;5;249mr[0m[38;5;249ma[0m[38;5;249my[0m[38;5;249m-[0m[38;5;249m9[0m[38;5;249m0[0m[38;5;249m0[0m">Nouveau mot de passe</h1>
 [38;5;240m    │[0m                                                                     ──────────────┬─────────────  
 [38;5;240m    │[0m                                                                                   ╰─────────────── 
[38;5;246m─────╯[0m
[39m
  Plugin: [35mvite:oxc[39m
  File: [36mC:/Users/SONY/Desktop/project-manager/src/pages/ResetPassword.tsx[39m
      at transformWithOxc (file:///C:/Users/SONY/Desktop/project-manager/node_modules/vite/dist/node/chunks/node.js:7208:19)
      at TransformPluginContext.transform (file:///C:/Users/SONY/Desktop/project-manager/node_modules/vite/dist/node/chunks/node.js:7280:26)
      at EnvironmentPluginContainer.transform (file:///C:/Users/SONY/Desktop/project-manager/node_modules/vite/dist/node/chunks/node.js:8172:51)
      at async loadAndTransform (file:///C:/Users/SONY/Desktop/project-manager/node_modules/vite/dist/node/chunks/node.js:19634:26)
      at async viteTransformMiddleware (file:///C:/Users/SONY/Desktop/project-manager/node_modules/vite/dist/node/chunks/node.js:19853:20)
[2m10:01:04[22m [31m[1m[vite][22m[39m [31mInternal server error: Transform failed with 1 error:

[31m[PARSE_ERROR] [0mUnterminated string
    [38;5;246m╭[0m[38;5;246m─[0m[38;5;246m[[0m src/pages/NewProject.tsx:58:62 [38;5;246m][0m
    [38;5;246m│[0m
 [38;5;246m58 │[0m [38;5;249m [0m[38;5;249m [0m[38;5;249m [0m[38;5;249m [0m[38;5;249m [0m[38;5;249m [0m[38;5;249m [0m[38;5;249m [0m[38;5;249m [0m[38;5;249m [0m[38;5;249m [0m[38;5;249m [0m[38;5;249m [0m[38;5;249m [0m[38;5;249m<[0m[38;5;249mh[0m[38;5;249m2[0m[38;5;249m [0m[38;5;249mc[0m[38;5;249ml[0m[38;5;249ma[0m[38;5;249ms[0m[38;5;249ms[0m[38;5;249mN[0m[38;5;249ma[0m[38;5;249mm[0m[38;5;249me[0m[38;5;249m=[0m[38;5;249m"[0m[38;5;249mt[0m[38;5;249me[0m[38;5;249mx[0m[38;5;249mt[0m[38;5;249m-[0m[38;5;249m2[0m[38;5;249mx[0m[38;5;249ml[0m[38;5;249m [0m[38;5;249mf[0m[38;5;249mo[0m[38;5;249mn[0m[38;5;249mt[0m[38;5;249m-[0m[38;5;249mb[0m[38;5;249mo[0m[38;5;249ml[0m[38;5;249md[0m[38;5;249m [0m[38;5;249mt[0m[38;5;249me[0m[38;5;249mx[0m[38;5;249mt[0m[38;5;249m-[0m[38;5;249mg[0m[38;5;249mr[0m[38;5;249ma[0m[38;5;249my[0m[38;5;249m-[0m[38;5;249m9[0m[38;5;249m0[0m[38;5;249m0[0m">Nouveau projet</h2>
 [38;5;240m   │[0m                                                              ───────────┬──────────  
 [38;5;240m   │[0m                                                                         ╰──────────── 
[38;5;246m────╯[0m
[39m
  Plugin: [35mvite:oxc[39m
  File: [36mC:/Users/SONY/Desktop/project-manager/src/pages/NewProject.tsx[39m
      at transformWithOxc (file:///C:/Users/SONY/Desktop/project-manager/node_modules/vite/dist/node/chunks/node.js:7208:19)
      at TransformPluginContext.transform (file:///C:/Users/SONY/Desktop/project-manager/node_modules/vite/dist/node/chunks/node.js:7280:26)
      at EnvironmentPluginContainer.transform (file:///C:/Users/SONY/Desktop/project-manager/node_modules/vite/dist/node/chunks/node.js:8172:51)
      at async loadAndTransform (file:///C:/Users/SONY/Desktop/project-manager/node_modules/vite/dist/node/chunks/node.js:19634:26)
      at async viteTransformMiddleware (file:///C:/Users/SONY/Desktop/project-manager/node_modules/vite/dist/node/chunks/node.js:19853:20)
[2m10:01:04[22m [31m[1m[vite][22m[39m [31mInternal server error: Transform failed with 1 error:

[31m[PARSE_ERROR] [0mUnterminated string
     [38;5;246m╭[0m[38;5;246m─[0m[38;5;246m[[0m src/pages/EditProject.tsx:118:62 [38;5;246m][0m
     [38;5;246m│[0m
 [38;5;246m118 │[0m [38;5;249m [0m[38;5;249m [0m[38;5;249m [0m[38;5;249m [0m[38;5;249m [0m[38;5;249m [0m[38;5;249m [0m[38;5;249m [0m[38;5;249m [0m[38;5;249m [0m[38;5;249m [0m[38;5;249m [0m[38;5;249m [0m[38;5;249m [0m[38;5;249m<[0m[38;5;249mh[0m[38;5;249m2[0m[38;5;249m [0m[38;5;249mc[0m[38;5;249ml[0m[38;5;249ma[0m[38;5;249ms[0m[38;5;249ms[0m[38;5;249mN[0m[38;5;249ma[0m[38;5;249mm[0m[38;5;249me[0m[38;5;249m=[0m[38;5;249m"[0m[38;5;249mt[0m[38;5;249me[0m[38;5;249mx[0m[38;5;249mt[0m[38;5;249m-[0m[38;5;249m2[0m[38;5;249mx[0m[38;5;249ml[0m[38;5;249m [0m[38;5;249mf[0m[38;5;249mo[0m[38;5;249mn[0m[38;5;249mt[0m[38;5;249m-[0m[38;5;249mb[0m[38;5;249mo[0m[38;5;249ml[0m[38;5;249md[0m[38;5;249m [0m[38;5;249mt[0m[38;5;249me[0m[38;5;249mx[0m[38;5;249mt[0m[38;5;249m-[0m[38;5;249mg[0m[38;5;249mr[0m[38;5;249ma[0m[38;5;249my[0m[38;5;249m-[0m[38;5;249m9[0m[38;5;249m0[0m[38;5;249m0[0m">Modifier le projet</h2>
 [38;5;240m    │[0m                                                              ─────────────┬────────────  
 [38;5;240m    │[0m                                                                           ╰────────────── 
[38;5;246m─────╯[0m
[39m
  Plugin: [35mvite:oxc[39m
  File: [36mC:/Users/SONY/Desktop/project-manager/src/pages/EditProject.tsx[39m
      at transformWithOxc (file:///C:/Users/SONY/Desktop/project-manager/node_modules/vite/dist/node/chunks/node.js:7208:19)
      at TransformPluginContext.transform (file:///C:/Users/SONY/Desktop/project-manager/node_modules/vite/dist/node/chunks/node.js:7280:26)
      at EnvironmentPluginContainer.transform (file:///C:/Users/SONY/Desktop/project-manager/node_modules/vite/dist/node/chunks/node.js:8172:51)
      at async loadAndTransform (file:///C:/Users/SONY/Desktop/project-manager/node_modules/vite/dist/node/chunks/node.js:19634:26)
      at async viteTransformMiddleware (file:///C:/Users/SONY/Desktop/project-manager/node_modules/vite/dist/node/chunks/node.js:19853:20)
[2m10:01:04[22m [31m[1m[vite][22m[39m [31mInternal server error: Transform failed with 1 error:

[31m[PARSE_ERROR] [0mUnterminated string
    [38;5;246m╭[0m[38;5;246m─[0m[38;5;246m[[0m src/pages/Settings.tsx:90:67 [38;5;246m][0m
    [38;5;246m│[0m
 [38;5;246m90 │[0m [38;5;249m [0m[38;5;249m [0m[38;5;249m [0m[38;5;249m [0m[38;5;249m [0m[38;5;249m [0m[38;5;249m [0m[38;5;249m [0m[38;5;249m [0m[38;5;249m [0m[38;5;249m [0m[38;5;249m [0m[38;5;249m [0m[38;5;249m [0m[38;5;249m [0m[38;5;249m [0m[38;5;249m<[0m[38;5;249mh[0m[38;5;249m3[0m[38;5;249m [0m[38;5;249mc[0m[38;5;249ml[0m[38;5;249ma[0m[38;5;249ms[0m[38;5;249ms[0m[38;5;249mN[0m[38;5;249ma[0m[38;5;249mm[0m[38;5;249me[0m[38;5;249m=[0m[38;5;249m"[0m[38;5;249mt[0m[38;5;249me[0m[38;5;249mx[0m[38;5;249mt[0m[38;5;249m-[0m[38;5;249ml[0m[38;5;249mg[0m[38;5;249m [0m[38;5;249mf[0m[38;5;249mo[0m[38;5;249mn[0m[38;5;249mt[0m[38;5;249m-[0m[38;5;249ms[0m[38;5;249me[0m[38;5;249mm[0m[38;5;249mi[0m[38;5;249mb[0m[38;5;249mo[0m[38;5;249ml[0m[38;5;249md[0m[38;5;249m [0m[38;5;249mt[0m[38;5;249me[0m[38;5;249mx[0m[38;5;249mt[0m[38;5;249m-[0m[38;5;249mg[0m[38;5;249mr[0m[38;5;249ma[0m[38;5;249my[0m[38;5;249m-[0m[38;5;249m9[0m[38;5;249m0[0m[38;5;249m0[0m">Mon compte</h3>
 [38;5;240m   │[0m                                                                   ─────────┬────────  
 [38;5;240m   │[0m                                                                            ╰────────── 
[38;5;246m────╯[0m
[39m
  Plugin: [35mvite:oxc[39m
  File: [36mC:/Users/SONY/Desktop/project-manager/src/pages/Settings.tsx[39m
      at transformWithOxc (file:///C:/Users/SONY/Desktop/project-manager/node_modules/vite/dist/node/chunks/node.js:7208:19)
      at TransformPluginContext.transform (file:///C:/Users/SONY/Desktop/project-manager/node_modules/vite/dist/node/chunks/node.js:7280:26)
      at EnvironmentPluginContainer.transform (file:///C:/Users/SONY/Desktop/project-manager/node_modules/vite/dist/node/chunks/node.js:8172:51)
      at async loadAndTransform (file:///C:/Users/SONY/Desktop/project-manager/node_modules/vite/dist/node/chunks/node.js:19634:26)
      at async viteTransformMiddleware (file:///C:/Users/SONY/Desktop/project-manager/node_modules/vite/dist/node/chunks/node.js:19853:20)
[2m10:01:40[22m [31m[1m[vite][22m[39m [31mInternal server error: Transform failed with 1 error:

[31m[PARSE_ERROR] [0mUnterminated string
    [38;5;246m╭[0m[38;5;246m─[0m[38;5;246m[[0m src/components/Header.tsx:19:43 [38;5;246m][0m
    [38;5;246m│[0m
 [38;5;246m19 │[0m [38;5;249m [0m[38;5;249m [0m[38;5;249m [0m[38;5;249m [0m[38;5;249m [0m[38;5;249m [0m[38;5;249m [0m[38;5;249m [0m[38;5;249m [0m[38;5;249m [0m[38;5;249m<[0m[38;5;249mh[0m[38;5;249m1[0m[38;5;249m [0m[38;5;249mc[0m[38;5;249ml[0m[38;5;249ma[0m[38;5;249ms[0m[38;5;249ms[0m[38;5;249mN[0m[38;5;249ma[0m[38;5;249mm[0m[38;5;249me[0m[38;5;249m=[0m[38;5;249m"[0m[38;5;249mt[0m[38;5;249me[0m[38;5;249mx[0m[38;5;249mt[0m[38;5;249m-[0m[38;5;249mx[0m[38;5;249ml[0m[38;5;249m [0m[38;5;249mf[0m[38;5;249mo[0m[38;5;249mn[0m[38;5;249mt[0m[38;5;249m-[0m[38;5;249mb[0m[38;5;249mo[0m[38;5;249ml[0m[38;5;249md[0m">
 [38;5;240m   │[0m                                           ─┬─  
 [38;5;240m   │[0m                                            ╰─── 
[38;5;246m────╯[0m
[39m
  Plugin: [35mvite:oxc[39m
  File: [36mC:/Users/SONY/Desktop/project-manager/src/components/Header.tsx[39m
      at transformWithOxc (file:///C:/Users/SONY/Desktop/project-manager/node_modules/vite/dist/node/chunks/node.js:7208:19)
      at TransformPluginContext.transform (file:///C:/Users/SONY/Desktop/project-manager/node_modules/vite/dist/node/chunks/node.js:7280:26)
      at EnvironmentPluginContainer.transform (file:///C:/Users/SONY/Desktop/project-manager/node_modules/vite/dist/node/chunks/node.js:8172:51)
      at async loadAndTransform (file:///C:/Users/SONY/Desktop/project-manager/node_modules/vite/dist/node/chunks/node.js:19634:26)
      at async viteTransformMiddleware (file:///C:/Users/SONY/Desktop/project-manager/node_modules/vite/dist/node/chunks/node.js:19853:20)
[2m10:01:40[22m [31m[1m[vite][22m[39m [31mInternal server error: Transform failed with 1 error:

[31m[PARSE_ERROR] [0mUnexpected token
     [38;5;246m╭[0m[38;5;246m─[0m[38;5;246m[[0m src/pages/Login.tsx:149:85 [38;5;246m][0m
     [38;5;246m│[0m
 [38;5;246m149 │[0m [38;5;249m [0m[38;5;249m [0m[38;5;249m [0m[38;5;249m [0m[38;5;249m [0m[38;5;249m [0m[38;5;249m [0m[38;5;249m [0m[38;5;249m [0m[38;5;249m [0m[38;5;249m [0m[38;5;249m [0m[38;5;249m [0m[38;5;249m [0m[38;5;249m<[0m[38;5;249ms[0m[38;5;249mp[0m[38;5;249ma[0m[38;5;249mn[0m[38;5;249m [0m[38;5;249mc[0m[38;5;249ml[0m[38;5;249ma[0m[38;5;249ms[0m[38;5;249ms[0m[38;5;249mN[0m[38;5;249ma[0m[38;5;249mm[0m[38;5;249me[0m[38;5;249m=[0m[38;5;249m"[0m[38;5;249mt[0m[38;5;249me[0m[38;5;249mx[0m[38;5;249mt[0m[38;5;249m-[0m[38;5;249ms[0m[38;5;249mm[0m[38;5;249m [0m[38;5;249mf[0m[38;5;249mo[0m[38;5;249mn[0m[38;5;249mt[0m[38;5;249m-[0m[38;5;249ms[0m[38;5;249me[0m[38;5;249mm[0m[38;5;249mi[0m[38;5;249mb[0m[38;5;249mo[0m[38;5;249ml[0m[38;5;249md[0m[38;5;249m [0m[38;5;249mu[0m[38;5;249mp[0m[38;5;249mp[0m[38;5;249me[0m[38;5;249mr[0m[38;5;249mc[0m[38;5;249ma[0m[38;5;249ms[0m[38;5;249me[0m[38;5;249m [0m[38;5;249mt[0m[38;5;249mr[0m[38;5;249ma[0m[38;5;249mc[0m[38;5;249mk[0m[38;5;249mi[0m[38;5;249mn[0m[38;5;249mg[0m[38;5;249m-[0m[38;5;249mw[0m[38;5;249mi[0m[38;5;249md[0m[38;5;249me[0m[38;5;249ms[0m[38;5;249mt[0m[38;5;249m [0m[38;5;249mt[0m[38;5;249me[0m[38;5;249mx[0m[38;5;249mt[0m[38;5;249m-[0m[[38;5;249m#[0m[38;5;249m5[0m[38;5;249m4[0m[38;5;249m2[0m[38;5;249ma[0m[38;5;249m5[0m[38;5;249m2[0m[38;5;249m][0m[38;5;249m/[0m[38;5;249m7[0m[38;5;249m0[0m[38;5;249m"[0m[38;5;249m>[0m[38;5;249mP[0m[38;5;249mr[0m[38;5;249mo[0m[38;5;249mj[0m[38;5;249me[0m[38;5;249mc[0m[38;5;249mt[0m[38;5;249m [0m[38;5;249mM[0m[38;5;249ma[0m[38;5;249mn[0m[38;5;249ma[0m[38;5;249mg[0m[38;5;249me[0m[38;5;249mr[0m[38;5;249m<[0m[38;5;249m/[0m[38;5;249ms[0m[38;5;249mp[0m[38;5;249ma[0m[38;5;249mn[0m[38;5;249m>[0m
 [38;5;240m    │[0m                                                                                     ┬  
 [38;5;240m    │[0m                                                                                     ╰── 
[38;5;246m─────╯[0m
[39m
  Plugin: [35mvite:oxc[39m
  File: [36mC:/Users/SONY/Desktop/project-manager/src/pages/Login.tsx[39m
      at transformWithOxc (file:///C:/Users/SONY/Desktop/project-manager/node_modules/vite/dist/node/chunks/node.js:7208:19)
      at TransformPluginContext.transform (file:///C:/Users/SONY/Desktop/project-manager/node_modules/vite/dist/node/chunks/node.js:7280:26)
      at EnvironmentPluginContainer.transform (file:///C:/Users/SONY/Desktop/project-manager/node_modules/vite/dist/node/chunks/node.js:8172:51)
      at async loadAndTransform (file:///C:/Users/SONY/Desktop/project-manager/node_modules/vite/dist/node/chunks/node.js:19634:26)
      at async viteTransformMiddleware (file:///C:/Users/SONY/Desktop/project-manager/node_modules/vite/dist/node/chunks/node.js:19853:20)
[2m10:01:40[22m [31m[1m[vite][22m[39m [31mInternal server error: Transform failed with 1 error:

[31m[PARSE_ERROR] [0mUnterminated string
     [38;5;246m╭[0m[38;5;246m─[0m[38;5;246m[[0m src/pages/ResetPassword.tsx:118:69 [38;5;246m][0m
     [38;5;246m│[0m
 [38;5;246m118 │[0m [38;5;249m [0m[38;5;249m [0m[38;5;249m [0m[38;5;249m [0m[38;5;249m [0m[38;5;249m [0m[38;5;249m [0m[38;5;249m [0m[38;5;249m [0m[38;5;249m [0m[38;5;249m [0m[38;5;249m [0m[38;5;249m [0m[38;5;249m [0m[38;5;249m [0m[38;5;249m [0m[38;5;249m<[0m[38;5;249mh[0m[38;5;249m1[0m[38;5;249m [0m[38;5;249mc[0m[38;5;249ml[0m[38;5;249ma[0m[38;5;249ms[0m[38;5;249ms[0m[38;5;249mN[0m[38;5;249ma[0m[38;5;249mm[0m[38;5;249me[0m[38;5;249m=[0m[38;5;249m"[0m[38;5;249mm[0m[38;5;249mb[0m[38;5;249m-[0m[38;5;249m2[0m[38;5;249m [0m[38;5;249mt[0m[38;5;249me[0m[38;5;249mx[0m[38;5;249mt[0m[38;5;249m-[0m[38;5;249m2[0m[38;5;249mx[0m[38;5;249ml[0m[38;5;249m [0m[38;5;249mf[0m[38;5;249mo[0m[38;5;249mn[0m[38;5;249mt[0m[38;5;249m-[0m[38;5;249mb[0m[38;5;249mo[0m[38;5;249ml[0m[38;5;249md[0m[38;5;249m [0m[38;5;249mt[0m[38;5;249me[0m[38;5;249mx[0m[38;5;249mt[0m[38;5;249m-[0m[38;5;249mg[0m[38;5;249mr[0m[38;5;249ma[0m[38;5;249my[0m[38;5;249m-[0m[38;5;249m9[0m[38;5;249m0[0m[38;5;249m0[0m">Nouveau mot de passe</h1>
 [38;5;240m    │[0m                                                                     ──────────────┬─────────────  
 [38;5;240m    │[0m                                                                                   ╰─────────────── 
[38;5;246m─────╯[0m
[39m
  Plugin: [35mvite:oxc[39m
  File: [36mC:/Users/SONY/Desktop/project-manager/src/pages/ResetPassword.tsx[39m
      at transformWithOxc (file:///C:/Users/SONY/Desktop/project-manager/node_modules/vite/dist/node/chunks/node.js:7208:19)
      at TransformPluginContext.transform (file:///C:/Users/SONY/Desktop/project-manager/node_modules/vite/dist/node/chunks/node.js:7280:26)
      at EnvironmentPluginContainer.transform (file:///C:/Users/SONY/Desktop/project-manager/node_modules/vite/dist/node/chunks/node.js:8172:51)
      at async loadAndTransform (file:///C:/Users/SONY/Desktop/project-manager/node_modules/vite/dist/node/chunks/node.js:19634:26)
      at async viteTransformMiddleware (file:///C:/Users/SONY/Desktop/project-manager/node_modules/vite/dist/node/chunks/node.js:19853:20)
[2m10:01:40[22m [31m[1m[vite][22m[39m [31mInternal server error: Transform failed with 1 error:

[31m[PARSE_ERROR] [0mUnterminated string
    [38;5;246m╭[0m[38;5;246m─[0m[38;5;246m[[0m src/pages/ForgotPassword.tsx:99:69 [38;5;246m][0m
    [38;5;246m│[0m
 [38;5;246m99 │[0m [38;5;249m [0m[38;5;249m [0m[38;5;249m [0m[38;5;249m [0m[38;5;249m [0m[38;5;249m [0m[38;5;249m [0m[38;5;249m [0m[38;5;249m [0m[38;5;249m [0m[38;5;249m [0m[38;5;249m [0m[38;5;249m [0m[38;5;249m [0m[38;5;249m [0m[38;5;249m [0m[38;5;249m<[0m[38;5;249mh[0m[38;5;249m1[0m[38;5;249m [0m[38;5;249mc[0m[38;5;249ml[0m[38;5;249ma[0m[38;5;249ms[0m[38;5;249ms[0m[38;5;249mN[0m[38;5;249ma[0m[38;5;249mm[0m[38;5;249me[0m[38;5;249m=[0m[38;5;249m"[0m[38;5;249mm[0m[38;5;249mb[0m[38;5;249m-[0m[38;5;249m2[0m[38;5;249m [0m[38;5;249mt[0m[38;5;249me[0m[38;5;249mx[0m[38;5;249mt[0m[38;5;249m-[0m[38;5;249m2[0m[38;5;249mx[0m[38;5;249ml[0m[38;5;249m [0m[38;5;249mf[0m[38;5;249mo[0m[38;5;249mn[0m[38;5;249mt[0m[38;5;249m-[0m[38;5;249mb[0m[38;5;249mo[0m[38;5;249ml[0m[38;5;249md[0m[38;5;249m [0m[38;5;249mt[0m[38;5;249me[0m[38;5;249mx[0m[38;5;249mt[0m[38;5;249m-[0m[38;5;249mg[0m[38;5;249mr[0m[38;5;249ma[0m[38;5;249my[0m[38;5;249m-[0m[38;5;249m9[0m[38;5;249m0[0m[38;5;249m0[0m">Mot de passe oublié ?</h1>
 [38;5;240m   │[0m                                                                     ──────────────┬──────────────  
 [38;5;240m   │[0m                                                                                   ╰──────────────── 
[38;5;246m────╯[0m
[39m
  Plugin: [35mvite:oxc[39m
  File: [36mC:/Users/SONY/Desktop/project-manager/src/pages/ForgotPassword.tsx[39m
      at transformWithOxc (file:///C:/Users/SONY/Desktop/project-manager/node_modules/vite/dist/node/chunks/node.js:7208:19)
      at TransformPluginContext.transform (file:///C:/Users/SONY/Desktop/project-manager/node_modules/vite/dist/node/chunks/node.js:7280:26)
      at EnvironmentPluginContainer.transform (file:///C:/Users/SONY/Desktop/project-manager/node_modules/vite/dist/node/chunks/node.js:8172:51)
      at async loadAndTransform (file:///C:/Users/SONY/Desktop/project-manager/node_modules/vite/dist/node/chunks/node.js:19634:26)
      at async viteTransformMiddleware (file:///C:/Users/SONY/Desktop/project-manager/node_modules/vite/dist/node/chunks/node.js:19853:20)
[2m10:01:40[22m [31m[1m[vite][22m[39m [31mInternal server error: Transform failed with 1 error:

[31m[PARSE_ERROR] [0mUnterminated string
    [38;5;246m╭[0m[38;5;246m─[0m[38;5;246m[[0m src/pages/NewProject.tsx:58:62 [38;5;246m][0m
    [38;5;246m│[0m
 [38;5;246m58 │[0m [38;5;249m [0m[38;5;249m [0m[38;5;249m [0m[38;5;249m [0m[38;5;249m [0m[38;5;249m [0m[38;5;249m [0m[38;5;249m [0m[38;5;249m [0m[38;5;249m [0m[38;5;249m [0m[38;5;249m [0m[38;5;249m [0m[38;5;249m [0m[38;5;249m<[0m[38;5;249mh[0m[38;5;249m2[0m[38;5;249m [0m[38;5;249mc[0m[38;5;249ml[0m[38;5;249ma[0m[38;5;249ms[0m[38;5;249ms[0m[38;5;249mN[0m[38;5;249ma[0m[38;5;249mm[0m[38;5;249me[0m[38;5;249m=[0m[38;5;249m"[0m[38;5;249mt[0m[38;5;249me[0m[38;5;249mx[0m[38;5;249mt[0m[38;5;249m-[0m[38;5;249m2[0m[38;5;249mx[0m[38;5;249ml[0m[38;5;249m [0m[38;5;249mf[0m[38;5;249mo[0m[38;5;249mn[0m[38;5;249mt[0m[38;5;249m-[0m[38;5;249mb[0m[38;5;249mo[0m[38;5;249ml[0m[38;5;249md[0m[38;5;249m [0m[38;5;249mt[0m[38;5;249me[0m[38;5;249mx[0m[38;5;249mt[0m[38;5;249m-[0m[38;5;249mg[0m[38;5;249mr[0m[38;5;249ma[0m[38;5;249my[0m[38;5;249m-[0m[38;5;249m9[0m[38;5;249m0[0m[38;5;249m0[0m">Nouveau projet</h2>
 [38;5;240m   │[0m                                                              ───────────┬──────────  
 [38;5;240m   │[0m                                                                         ╰──────────── 
[38;5;246m────╯[0m
[39m
  Plugin: [35mvite:oxc[39m
  File: [36mC:/Users/SONY/Desktop/project-manager/src/pages/NewProject.tsx[39m
      at transformWithOxc (file:///C:/Users/SONY/Desktop/project-manager/node_modules/vite/dist/node/chunks/node.js:7208:19)
      at TransformPluginContext.transform (file:///C:/Users/SONY/Desktop/project-manager/node_modules/vite/dist/node/chunks/node.js:7280:26)
      at EnvironmentPluginContainer.transform (file:///C:/Users/SONY/Desktop/project-manager/node_modules/vite/dist/node/chunks/node.js:8172:51)
      at async loadAndTransform (file:///C:/Users/SONY/Desktop/project-manager/node_modules/vite/dist/node/chunks/node.js:19634:26)
      at async viteTransformMiddleware (file:///C:/Users/SONY/Desktop/project-manager/node_modules/vite/dist/node/chunks/node.js:19853:20)
[2m10:01:40[22m [31m[1m[vite][22m[39m [31mInternal server error: Transform failed with 1 error:

[31m[PARSE_ERROR] [0mUnterminated string
     [38;5;246m╭[0m[38;5;246m─[0m[38;5;246m[[0m src/pages/EditProject.tsx:118:62 [38;5;246m][0m
     [38;5;246m│[0m
 [38;5;246m118 │[0m [38;5;249m [0m[38;5;249m [0m[38;5;249m [0m[38;5;249m [0m[38;5;249m [0m[38;5;249m [0m[38;5;249m [0m[38;5;249m [0m[38;5;249m [0m[38;5;249m [0m[38;5;249m [0m[38;5;249m [0m[38;5;249m [0m[38;5;249m [0m[38;5;249m<[0m[38;5;249mh[0m[38;5;249m2[0m[38;5;249m [0m[38;5;249mc[0m[38;5;249ml[0m[38;5;249ma[0m[38;5;249ms[0m[38;5;249ms[0m[38;5;249mN[0m[38;5;249ma[0m[38;5;249mm[0m[38;5;249me[0m[38;5;249m=[0m[38;5;249m"[0m[38;5;249mt[0m[38;5;249me[0m[38;5;249mx[0m[38;5;249mt[0m[38;5;249m-[0m[38;5;249m2[0m[38;5;249mx[0m[38;5;249ml[0m[38;5;249m [0m[38;5;249mf[0m[38;5;249mo[0m[38;5;249mn[0m[38;5;249mt[0m[38;5;249m-[0m[38;5;249mb[0m[38;5;249mo[0m[38;5;249ml[0m[38;5;249md[0m[38;5;249m [0m[38;5;249mt[0m[38;5;249me[0m[38;5;249mx[0m[38;5;249mt[0m[38;5;249m-[0m[38;5;249mg[0m[38;5;249mr[0m[38;5;249ma[0m[38;5;249my[0m[38;5;249m-[0m[38;5;249m9[0m[38;5;249m0[0m[38;5;249m0[0m">Modifier le projet</h2>
 [38;5;240m    │[0m                                                              ─────────────┬────────────  
 [38;5;240m    │[0m                                                                           ╰────────────── 
[38;5;246m─────╯[0m
[39m
  Plugin: [35mvite:oxc[39m
  File: [36mC:/Users/SONY/Desktop/project-manager/src/pages/EditProject.tsx[39m
      at transformWithOxc (file:///C:/Users/SONY/Desktop/project-manager/node_modules/vite/dist/node/chunks/node.js:7208:19)
      at TransformPluginContext.transform (file:///C:/Users/SONY/Desktop/project-manager/node_modules/vite/dist/node/chunks/node.js:7280:26)
      at EnvironmentPluginContainer.transform (file:///C:/Users/SONY/Desktop/project-manager/node_modules/vite/dist/node/chunks/node.js:8172:51)
      at async loadAndTransform (file:///C:/Users/SONY/Desktop/project-manager/node_modules/vite/dist/node/chunks/node.js:19634:26)
      at async viteTransformMiddleware (file:///C:/Users/SONY/Desktop/project-manager/node_modules/vite/dist/node/chunks/node.js:19853:20)
[2m10:01:40[22m [31m[1m[vite][22m[39m [31mInternal server error: Transform failed with 1 error:

[31m[PARSE_ERROR] [0mUnterminated string
    [38;5;246m╭[0m[38;5;246m─[0m[38;5;246m[[0m src/pages/Settings.tsx:90:67 [38;5;246m][0m
    [38;5;246m│[0m
 [38;5;246m90 │[0m [38;5;249m [0m[38;5;249m [0m[38;5;249m [0m[38;5;249m [0m[38;5;249m [0m[38;5;249m [0m[38;5;249m [0m[38;5;249m [0m[38;5;249m [0m[38;5;249m [0m[38;5;249m [0m[38;5;249m [0m[38;5;249m [0m[38;5;249m [0m[38;5;249m [0m[38;5;249m [0m[38;5;249m<[0m[38;5;249mh[0m[38;5;249m3[0m[38;5;249m [0m[38;5;249mc[0m[38;5;249ml[0m[38;5;249ma[0m[38;5;249ms[0m[38;5;249ms[0m[38;5;249mN[0m[38;5;249ma[0m[38;5;249mm[0m[38;5;249me[0m[38;5;249m=[0m[38;5;249m"[0m[38;5;249mt[0m[38;5;249me[0m[38;5;249mx[0m[38;5;249mt[0m[38;5;249m-[0m[38;5;249ml[0m[38;5;249mg[0m[38;5;249m [0m[38;5;249mf[0m[38;5;249mo[0m[38;5;249mn[0m[38;5;249mt[0m[38;5;249m-[0m[38;5;249ms[0m[38;5;249me[0m[38;5;249mm[0m[38;5;249mi[0m[38;5;249mb[0m[38;5;249mo[0m[38;5;249ml[0m[38;5;249md[0m[38;5;249m [0m[38;5;249mt[0m[38;5;249me[0m[38;5;249mx[0m[38;5;249mt[0m[38;5;249m-[0m[38;5;249mg[0m[38;5;249mr[0m[38;5;249ma[0m[38;5;249my[0m[38;5;249m-[0m[38;5;249m9[0m[38;5;249m0[0m[38;5;249m0[0m">Mon compte</h3>
 [38;5;240m   │[0m                                                                   ─────────┬────────  
 [38;5;240m   │[0m                                                                            ╰────────── 
[38;5;246m────╯[0m
[39m
  Plugin: [35mvite:oxc[39m
  File: [36mC:/Users/SONY/Desktop/project-manager/src/pages/Settings.tsx[39m
      at transformWithOxc (file:///C:/Users/SONY/Desktop/project-manager/node_modules/vite/dist/node/chunks/node.js:7208:19)
      at TransformPluginContext.transform (file:///C:/Users/SONY/Desktop/project-manager/node_modules/vite/dist/node/chunks/node.js:7280:26)
      at EnvironmentPluginContainer.transform (file:///C:/Users/SONY/Desktop/project-manager/node_modules/vite/dist/node/chunks/node.js:8172:51)
      at async loadAndTransform (file:///C:/Users/SONY/Desktop/project-manager/node_modules/vite/dist/node/chunks/node.js:19634:26)
      at async viteTransformMiddleware (file:///C:/Users/SONY/Desktop/project-manager/node_modules/vite/dist/node/chunks/node.js:19853:20)
